site_id,family,locale,file_path,en_path,issue_type,backlog_reason
docs.aspose.org,pdf,ko,D:\onedrive\Documents\GitHub\aspose.org\content\docs.aspose.org\ko\pdf\net\developer-guide\text-extraction.md,D:\onedrive\Documents\GitHub\aspose.org\content\docs.aspose.org\en\pdf\net\developer-guide\text-extraction.md,table_desc_not_translated,4 cell(s) with no TM cache hit -- needs real translation
docs.aspose.org,words,bg,D:\onedrive\Documents\GitHub\aspose.org\content\docs.aspose.org\bg\words\python\developer-guide\core-management.md,D:\onedrive\Documents\GitHub\aspose.org\content\docs.aspose.org\en\words\python\developer-guide\core-management.md,table_desc_not_translated,5 cell(s) with no TM cache hit -- needs real translation
docs.aspose.org,words,bg,D:\onedrive\Documents\GitHub\aspose.org\content\docs.aspose.org\bg\words\python\developer-guide\doc-reader.md,D:\onedrive\Documents\GitHub\aspose.org\content\docs.aspose.org\en\words\python\developer-guide\doc-reader.md,table_desc_not_translated,12 cell(s) with no TM cache hit -- needs real translation
docs.aspose.org,words,bg,D:\onedrive\Documents\GitHub\aspose.org\content\docs.aspose.org\bg\words\python\developer-guide\docx-reader.md,D:\onedrive\Documents\GitHub\aspose.org\content\docs.aspose.org\en\words\python\developer-guide\docx-reader.md,table_desc_not_translated,9 cell(s) with no TM cache hit -- needs real translation
docs.aspose.org,words,bg,D:\onedrive\Documents\GitHub\aspose.org\content\docs.aspose.org\bg\words\python\developer-guide\pdf-writer.md,D:\onedrive\Documents\GitHub\aspose.org\content\docs.aspose.org\en\words\python\developer-guide\pdf-writer.md,table_desc_not_translated,13 cell(s) with no TM cache hit -- needs real translation
kb.aspose.org,pdf,zh,D:\onedrive\Documents\GitHub\aspose.org\content\kb.aspose.org\zh\pdf\net\troubleshooting.md,D:\onedrive\Documents\GitHub\aspose.org\content\kb.aspose.org\en\pdf\net\troubleshooting.md,table_desc_not_translated,3 cell(s) with no TM cache hit -- needs real translation
reference.aspose.org,3d,fa,D:\onedrive\Documents\GitHub\aspose.org\content\reference.aspose.org\fa\3d\java\base-classes\_index.md,D:\onedrive\Documents\GitHub\aspose.org\content\reference.aspose.org\en\3d\java\base-classes\_index.md,table_desc_not_translated,4 cell(s) with no TM cache hit -- needs real translation
reference.aspose.org,3d,he,D:\onedrive\Documents\GitHub\aspose.org\content\reference.aspose.org\he\3d\java\base-classes\_index.md,D:\onedrive\Documents\GitHub\aspose.org\content\reference.aspose.org\en\3d\java\base-classes\_index.md,table_desc_not_translated,4 cell(s) with no TM cache hit -- needs real translation
reference.aspose.org,3d,hi,D:\onedrive\Documents\GitHub\aspose.org\content\reference.aspose.org\hi\3d\java\base-classes\_index.md,D:\onedrive\Documents\GitHub\aspose.org\content\reference.aspose.org\en\3d\java\base-classes\_index.md,table_desc_not_translated,4 cell(s) with no TM cache hit -- needs real translation
reference.aspose.org,3d,ko,D:\onedrive\Documents\GitHub\aspose.org\content\reference.aspose.org\ko\3d\java\base-classes\_index.md,D:\onedrive\Documents\GitHub\aspose.org\content\reference.aspose.org\en\3d\java\base-classes\_index.md,table_desc_not_translated,4 cell(s) with no TM cache hit -- needs real translation
reference.aspose.org,3d,th,D:\onedrive\Documents\GitHub\aspose.org\content\reference.aspose.org\th\3d\java\base-classes\_index.md,D:\onedrive\Documents\GitHub\aspose.org\content\reference.aspose.org\en\3d\java\base-classes\_index.md,table_desc_not_translated,4 cell(s) with no TM cache hit -- needs real translation
reference.aspose.org,3d,uk,D:\onedrive\Documents\GitHub\aspose.org\content\reference.aspose.org\uk\3d\java\base-classes\_index.md,D:\onedrive\Documents\GitHub\aspose.org\content\reference.aspose.org\en\3d\java\base-classes\_index.md,table_desc_not_translated,4 cell(s) with no TM cache hit -- needs real translation
reference.aspose.org,3d,vi,D:\onedrive\Documents\GitHub\aspose.org\content\reference.aspose.org\vi\3d\java\base-classes\_index.md,D:\onedrive\Documents\GitHub\aspose.org\content\reference.aspose.org\en\3d\java\base-classes\_index.md,table_desc_not_translated,4 cell(s) with no TM cache hit -- needs real translation
reference.aspose.org,3d,zh,D:\onedrive\Documents\GitHub\aspose.org\content\reference.aspose.org\zh\3d\java\base-classes\_index.md,D:\onedrive\Documents\GitHub\aspose.org\content\reference.aspose.org\en\3d\java\base-classes\_index.md,table_desc_not_translated,4 cell(s) with no TM cache hit -- needs real translation
reference.aspose.org,3d,fa,D:\onedrive\Documents\GitHub\aspose.org\content\reference.aspose.org\fa\3d\java\Camera.md,D:\onedrive\Documents\GitHub\aspose.org\content\reference.aspose.org\en\3d\java\Camera.md,table_desc_not_translated,63 cell(s) with no TM cache hit -- needs real translation
reference.aspose.org,3d,he,D:\onedrive\Documents\GitHub\aspose.org\content\reference.aspose.org\he\3d\java\Camera.md,D:\onedrive\Documents\GitHub\aspose.org\content\reference.aspose.org\en\3d\java\Camera.md,table_desc_not_translated,63 cell(s) with no TM cache hit -- needs real translation
reference.aspose.org,3d,hi,D:\onedrive\Documents\GitHub\aspose.org\content\reference.aspose.org\hi\3d\java\Camera.md,D:\onedrive\Documents\GitHub\aspose.org\content\reference.aspose.org\en\3d\java\Camera.md,table_desc_not_translated,64 cell(s) with no TM cache hit -- needs real translation
reference.aspose.org,3d,vi,D:\onedrive\Documents\GitHub\aspose.org\content\reference.aspose.org\vi\3d\java\Camera.md,D:\onedrive\Documents\GitHub\aspose.org\content\reference.aspose.org\en\3d\java\Camera.md,table_desc_not_translated,64 cell(s) with no TM cache hit -- needs real translation
reference.aspose.org,3d,vi,D:\onedrive\Documents\GitHub\aspose.org\content\reference.aspose.org\vi\3d\java\Deformer.md,D:\onedrive\Documents\GitHub\aspose.org\content\reference.aspose.org\en\3d\java\Deformer.md,table_desc_not_translated,9 cell(s) with no TM cache hit -- needs real translation
reference.aspose.org,3d,hi,D:\onedrive\Documents\GitHub\aspose.org\content\reference.aspose.org\hi\3d\java\Entity.md,D:\onedrive\Documents\GitHub\aspose.org\content\reference.aspose.org\en\3d\java\Entity.md,table_desc_not_translated,16 cell(s) with no TM cache hit -- needs real translation
reference.aspose.org,3d,vi,D:\onedrive\Documents\GitHub\aspose.org\content\reference.aspose.org\vi\3d\java\Entity.md,D:\onedrive\Documents\GitHub\aspose.org\content\reference.aspose.org\en\3d\java\Entity.md,table_desc_not_translated,16 cell(s) with no TM cache hit -- needs real translation
reference.aspose.org,3d,vi,D:\onedrive\Documents\GitHub\aspose.org\content\reference.aspose.org\vi\3d\java\FbxLoadOptions.md,D:\onedrive\Documents\GitHub\aspose.org\content\reference.aspose.org\en\3d\java\FbxLoadOptions.md,table_desc_not_translated,10 cell(s) with no TM cache hit -- needs real translation
reference.aspose.org,3d,hi,D:\onedrive\Documents\GitHub\aspose.org\content\reference.aspose.org\hi\3d\java\FbxSaveOptions.md,D:\onedrive\Documents\GitHub\aspose.org\content\reference.aspose.org\en\3d\java\FbxSaveOptions.md,table_desc_not_translated,12 cell(s) with no TM cache hit -- needs real translation
reference.aspose.org,3d,vi,D:\onedrive\Documents\GitHub\aspose.org\content\reference.aspose.org\vi\3d\java\FbxSaveOptions.md,D:\onedrive\Documents\GitHub\aspose.org\content\reference.aspose.org\en\3d\java\FbxSaveOptions.md,table_desc_not_translated,12 cell(s) with no TM cache hit -- needs real translation
reference.aspose.org,3d,vi,D:\onedrive\Documents\GitHub\aspose.org\content\reference.aspose.org\vi\3d\java\Geometry.md,D:\onedrive\Documents\GitHub\aspose.org\content\reference.aspose.org\en\3d\java\Geometry.md,table_desc_not_translated,34 cell(s) with no TM cache hit -- needs real translation
reference.aspose.org,3d,bg,D:\onedrive\Documents\GitHub\aspose.org\content\reference.aspose.org\bg\3d\java\global-transform\_index.md,D:\onedrive\Documents\GitHub\aspose.org\content\reference.aspose.org\en\3d\java\global-transform\_index.md,table_desc_not_translated,6 cell(s) with no TM cache hit -- needs real translation
reference.aspose.org,3d,el,D:\onedrive\Documents\GitHub\aspose.org\content\reference.aspose.org\el\3d\java\global-transform\_index.md,D:\onedrive\Documents\GitHub\aspose.org\content\reference.aspose.org\en\3d\java\global-transform\_index.md,table_desc_not_translated,6 cell(s) with no TM cache hit -- needs real translation
reference.aspose.org,3d,fa,D:\onedrive\Documents\GitHub\aspose.org\content\reference.aspose.org\fa\3d\java\global-transform\_index.md,D:\onedrive\Documents\GitHub\aspose.org\content\reference.aspose.org\en\3d\java\global-transform\_index.md,table_desc_not_translated,6 cell(s) with no TM cache hit -- needs real translation
reference.aspose.org,3d,he,D:\onedrive\Documents\GitHub\aspose.org\content\reference.aspose.org\he\3d\java\global-transform\_index.md,D:\onedrive\Documents\GitHub\aspose.org\content\reference.aspose.org\en\3d\java\global-transform\_index.md,table_desc_not_translated,6 cell(s) with no TM cache hit -- needs real translation
reference.aspose.org,3d,hi,D:\onedrive\Documents\GitHub\aspose.org\content\reference.aspose.org\hi\3d\java\global-transform\_index.md,D:\onedrive\Documents\GitHub\aspose.org\content\reference.aspose.org\en\3d\java\global-transform\_index.md,table_desc_not_translated,6 cell(s) with no TM cache hit -- needs real translation
reference.aspose.org,3d,ko,D:\onedrive\Documents\GitHub\aspose.org\content\reference.aspose.org\ko\3d\java\global-transform\_index.md,D:\onedrive\Documents\GitHub\aspose.org\content\reference.aspose.org\en\3d\java\global-transform\_index.md,table_desc_not_translated,6 cell(s) with no TM cache hit -- needs real translation
reference.aspose.org,3d,ru,D:\onedrive\Documents\GitHub\aspose.org\content\reference.aspose.org\ru\3d\java\global-transform\_index.md,D:\onedrive\Documents\GitHub\aspose.org\content\reference.aspose.org\en\3d\java\global-transform\_index.md,table_desc_not_translated,6 cell(s) with no TM cache hit -- needs real translation
reference.aspose.org,3d,th,D:\onedrive\Documents\GitHub\aspose.org\content\reference.aspose.org\th\3d\java\global-transform\_index.md,D:\onedrive\Documents\GitHub\aspose.org\content\reference.aspose.org\en\3d\java\global-transform\_index.md,table_desc_not_translated,6 cell(s) with no TM cache hit -- needs real translation
reference.aspose.org,3d,uk,D:\onedrive\Documents\GitHub\aspose.org\content\reference.aspose.org\uk\3d\java\global-transform\_index.md,D:\onedrive\Documents\GitHub\aspose.org\content\reference.aspose.org\en\3d\java\global-transform\_index.md,table_desc_not_translated,6 cell(s) with no TM cache hit -- needs real translation
reference.aspose.org,3d,vi,D:\onedrive\Documents\GitHub\aspose.org\content\reference.aspose.org\vi\3d\java\global-transform\_index.md,D:\onedrive\Documents\GitHub\aspose.org\content\reference.aspose.org\en\3d\java\global-transform\_index.md,table_desc_not_translated,6 cell(s) with no TM cache hit -- needs real translation
reference.aspose.org,3d,zh,D:\onedrive\Documents\GitHub\aspose.org\content\reference.aspose.org\zh\3d\java\global-transform\_index.md,D:\onedrive\Documents\GitHub\aspose.org\content\reference.aspose.org\en\3d\java\global-transform\_index.md,table_desc_not_translated,6 cell(s) with no TM cache hit -- needs real translation
reference.aspose.org,3d,vi,D:\onedrive\Documents\GitHub\aspose.org\content\reference.aspose.org\vi\3d\java\GlobalTransform.md,D:\onedrive\Documents\GitHub\aspose.org\content\reference.aspose.org\en\3d\java\GlobalTransform.md,table_desc_not_translated,7 cell(s) with no TM cache hit -- needs real translation
reference.aspose.org,3d,vi,D:\onedrive\Documents\GitHub\aspose.org\content\reference.aspose.org\vi\3d\java\GltfLoadOptions.md,D:\onedrive\Documents\GitHub\aspose.org\content\reference.aspose.org\en\3d\java\GltfLoadOptions.md,table_desc_not_translated,13 cell(s) with no TM cache hit -- needs real translation
reference.aspose.org,3d,fa,D:\onedrive\Documents\GitHub\aspose.org\content\reference.aspose.org\fa\3d\java\Light.md,D:\onedrive\Documents\GitHub\aspose.org\content\reference.aspose.org\en\3d\java\Light.md,table_desc_not_translated,30 cell(s) with no TM cache hit -- needs real translation
reference.aspose.org,3d,vi,D:\onedrive\Documents\GitHub\aspose.org\content\reference.aspose.org\vi\3d\java\Light.md,D:\onedrive\Documents\GitHub\aspose.org\content\reference.aspose.org\en\3d\java\Light.md,table_desc_not_translated,31 cell(s) with no TM cache hit -- needs real translation
reference.aspose.org,3d,vi,D:\onedrive\Documents\GitHub\aspose.org\content\reference.aspose.org\vi\3d\java\LoadOptions.md,D:\onedrive\Documents\GitHub\aspose.org\content\reference.aspose.org\en\3d\java\LoadOptions.md,table_desc_not_translated,8 cell(s) with no TM cache hit -- needs real translation
reference.aspose.org,3d,vi,D:\onedrive\Documents\GitHub\aspose.org\content\reference.aspose.org\vi\3d\java\PbrMaterial.md,D:\onedrive\Documents\GitHub\aspose.org\content\reference.aspose.org\en\3d\java\PbrMaterial.md,table_desc_not_translated,44 cell(s) with no TM cache hit -- needs real translation
reference.aspose.org,3d,vi,D:\onedrive\Documents\GitHub\aspose.org\content\reference.aspose.org\vi\3d\java\Pose.md,D:\onedrive\Documents\GitHub\aspose.org\content\reference.aspose.org\en\3d\java\Pose.md,table_desc_not_translated,10 cell(s) with no TM cache hit -- needs real translation
reference.aspose.org,3d,vi,D:\onedrive\Documents\GitHub\aspose.org\content\reference.aspose.org\vi\3d\java\SaveOptions.md,D:\onedrive\Documents\GitHub\aspose.org\content\reference.aspose.org\en\3d\java\SaveOptions.md,table_desc_not_translated,9 cell(s) with no TM cache hit -- needs real translation
reference.aspose.org,3d,vi,D:\onedrive\Documents\GitHub\aspose.org\content\reference.aspose.org\vi\3d\java\Scene.md,D:\onedrive\Documents\GitHub\aspose.org\content\reference.aspose.org\en\3d\java\Scene.md,table_desc_not_translated,4 cell(s) with no TM cache hit -- needs real translation
reference.aspose.org,3d,vi,D:\onedrive\Documents\GitHub\aspose.org\content\reference.aspose.org\vi\3d\java\SceneObject.md,D:\onedrive\Documents\GitHub\aspose.org\content\reference.aspose.org\en\3d\java\SceneObject.md,table_desc_not_translated,8 cell(s) with no TM cache hit -- needs real translation
reference.aspose.org,3d,vi,D:\onedrive\Documents\GitHub\aspose.org\content\reference.aspose.org\vi\3d\java\StlLoadOptions.md,D:\onedrive\Documents\GitHub\aspose.org\content\reference.aspose.org\en\3d\java\StlLoadOptions.md,table_desc_not_translated,17 cell(s) with no TM cache hit -- needs real translation
reference.aspose.org,3d,vi,D:\onedrive\Documents\GitHub\aspose.org\content\reference.aspose.org\vi\3d\java\StlSaveOptions.md,D:\onedrive\Documents\GitHub\aspose.org\content\reference.aspose.org\en\3d\java\StlSaveOptions.md,table_desc_not_translated,18 cell(s) with no TM cache hit -- needs real translation
reference.aspose.org,3d,vi,D:\onedrive\Documents\GitHub\aspose.org\content\reference.aspose.org\vi\3d\java\Transform.md,D:\onedrive\Documents\GitHub\aspose.org\content\reference.aspose.org\en\3d\java\Transform.md,table_desc_not_translated,51 cell(s) with no TM cache hit -- needs real translation
reference.aspose.org,3d,fa,D:\onedrive\Documents\GitHub\aspose.org\content\reference.aspose.org\fa\3d\java\vertex-element\_index.md,D:\onedrive\Documents\GitHub\aspose.org\content\reference.aspose.org\en\3d\java\vertex-element\_index.md,table_desc_not_translated,5 cell(s) with no TM cache hit -- needs real translation
reference.aspose.org,3d,he,D:\onedrive\Documents\GitHub\aspose.org\content\reference.aspose.org\he\3d\java\vertex-element\_index.md,D:\onedrive\Documents\GitHub\aspose.org\content\reference.aspose.org\en\3d\java\vertex-element\_index.md,table_desc_not_translated,5 cell(s) with no TM cache hit -- needs real translation
reference.aspose.org,3d,hi,D:\onedrive\Documents\GitHub\aspose.org\content\reference.aspose.org\hi\3d\java\vertex-element\_index.md,D:\onedrive\Documents\GitHub\aspose.org\content\reference.aspose.org\en\3d\java\vertex-element\_index.md,table_desc_not_translated,5 cell(s) with no TM cache hit -- needs real translation
reference.aspose.org,3d,ko,D:\onedrive\Documents\GitHub\aspose.org\content\reference.aspose.org\ko\3d\java\vertex-element\_index.md,D:\onedrive\Documents\GitHub\aspose.org\content\reference.aspose.org\en\3d\java\vertex-element\_index.md,table_desc_not_translated,5 cell(s) with no TM cache hit -- needs real translation
reference.aspose.org,3d,th,D:\onedrive\Documents\GitHub\aspose.org\content\reference.aspose.org\th\3d\java\vertex-element\_index.md,D:\onedrive\Documents\GitHub\aspose.org\content\reference.aspose.org\en\3d\java\vertex-element\_index.md,table_desc_not_translated,5 cell(s) with no TM cache hit -- needs real translation
reference.aspose.org,3d,uk,D:\onedrive\Documents\GitHub\aspose.org\content\reference.aspose.org\uk\3d\java\vertex-element\_index.md,D:\onedrive\Documents\GitHub\aspose.org\content\reference.aspose.org\en\3d\java\vertex-element\_index.md,table_desc_not_translated,4 cell(s) with no TM cache hit -- needs real translation
reference.aspose.org,3d,vi,D:\onedrive\Documents\GitHub\aspose.org\content\reference.aspose.org\vi\3d\java\vertex-element\_index.md,D:\onedrive\Documents\GitHub\aspose.org\content\reference.aspose.org\en\3d\java\vertex-element\_index.md,table_desc_not_translated,5 cell(s) with no TM cache hit -- needs real translation
reference.aspose.org,3d,zh,D:\onedrive\Documents\GitHub\aspose.org\content\reference.aspose.org\zh\3d\java\vertex-element\_index.md,D:\onedrive\Documents\GitHub\aspose.org\content\reference.aspose.org\en\3d\java\vertex-element\_index.md,table_desc_not_translated,5 cell(s) with no TM cache hit -- needs real translation
reference.aspose.org,3d,vi,D:\onedrive\Documents\GitHub\aspose.org\content\reference.aspose.org\vi\3d\java\VertexElementBinormal.md,D:\onedrive\Documents\GitHub\aspose.org\content\reference.aspose.org\en\3d\java\VertexElementBinormal.md,table_desc_not_translated,7 cell(s) with no TM cache hit -- needs real translation
reference.aspose.org,3d,hi,D:\onedrive\Documents\GitHub\aspose.org\content\reference.aspose.org\hi\3d\java\VertexElementMaterial.md,D:\onedrive\Documents\GitHub\aspose.org\content\reference.aspose.org\en\3d\java\VertexElementMaterial.md,table_desc_not_translated,7 cell(s) with no TM cache hit -- needs real translation
reference.aspose.org,3d,vi,D:\onedrive\Documents\GitHub\aspose.org\content\reference.aspose.org\vi\3d\java\VertexElementMaterial.md,D:\onedrive\Documents\GitHub\aspose.org\content\reference.aspose.org\en\3d\java\VertexElementMaterial.md,table_desc_not_translated,7 cell(s) with no TM cache hit -- needs real translation
reference.aspose.org,3d,vi,D:\onedrive\Documents\GitHub\aspose.org\content\reference.aspose.org\vi\3d\java\VertexElementNormal.md,D:\onedrive\Documents\GitHub\aspose.org\content\reference.aspose.org\en\3d\java\VertexElementNormal.md,table_desc_not_translated,7 cell(s) with no TM cache hit -- needs real translation
reference.aspose.org,3d,vi,D:\onedrive\Documents\GitHub\aspose.org\content\reference.aspose.org\vi\3d\java\VertexElementTangent.md,D:\onedrive\Documents\GitHub\aspose.org\content\reference.aspose.org\en\3d\java\VertexElementTangent.md,table_desc_not_translated,7 cell(s) with no TM cache hit -- needs real translation
reference.aspose.org,3d,vi,D:\onedrive\Documents\GitHub\aspose.org\content\reference.aspose.org\vi\3d\java\VertexElementVertexColor.md,D:\onedrive\Documents\GitHub\aspose.org\content\reference.aspose.org\en\3d\java\VertexElementVertexColor.md,table_desc_not_translated,6 cell(s) with no TM cache hit -- needs real translation
reference.aspose.org,3d,ar,D:\onedrive\Documents\GitHub\aspose.org\content\reference.aspose.org\ar\3d\net\_index.md,D:\onedrive\Documents\GitHub\aspose.org\content\reference.aspose.org\en\3d\net\_index.md,table_desc_not_translated,84 cell(s) with no TM cache hit -- needs real translation
reference.aspose.org,3d,fa,D:\onedrive\Documents\GitHub\aspose.org\content\reference.aspose.org\fa\3d\net\_index.md,D:\onedrive\Documents\GitHub\aspose.org\content\reference.aspose.org\en\3d\net\_index.md,table_desc_not_translated,68 cell(s) with no TM cache hit -- needs real translation
reference.aspose.org,3d,he,D:\onedrive\Documents\GitHub\aspose.org\content\reference.aspose.org\he\3d\net\_index.md,D:\onedrive\Documents\GitHub\aspose.org\content\reference.aspose.org\en\3d\net\_index.md,table_desc_not_translated,68 cell(s) with no TM cache hit -- needs real translation
reference.aspose.org,3d,hi,D:\onedrive\Documents\GitHub\aspose.org\content\reference.aspose.org\hi\3d\net\_index.md,D:\onedrive\Documents\GitHub\aspose.org\content\reference.aspose.org\en\3d\net\_index.md,table_desc_not_translated,81 cell(s) with no TM cache hit -- needs real translation
reference.aspose.org,3d,ru,D:\onedrive\Documents\GitHub\aspose.org\content\reference.aspose.org\ru\3d\net\_index.md,D:\onedrive\Documents\GitHub\aspose.org\content\reference.aspose.org\en\3d\net\_index.md,table_desc_not_translated,74 cell(s) with no TM cache hit -- needs real translation
reference.aspose.org,3d,vi,D:\onedrive\Documents\GitHub\aspose.org\content\reference.aspose.org\vi\3d\net\_index.md,D:\onedrive\Documents\GitHub\aspose.org\content\reference.aspose.org\en\3d\net\_index.md,table_desc_not_translated,90 cell(s) with no TM cache hit -- needs real translation
reference.aspose.org,3d,ko,D:\onedrive\Documents\GitHub\aspose.org\content\reference.aspose.org\ko\3d\net\AssetInfo.md,D:\onedrive\Documents\GitHub\aspose.org\content\reference.aspose.org\en\3d\net\AssetInfo.md,table_desc_not_translated,23 cell(s) with no TM cache hit -- needs real translation
reference.aspose.org,3d,vi,D:\onedrive\Documents\GitHub\aspose.org\content\reference.aspose.org\vi\3d\net\AssetInfo.md,D:\onedrive\Documents\GitHub\aspose.org\content\reference.aspose.org\en\3d\net\AssetInfo.md,table_desc_not_translated,23 cell(s) with no TM cache hit -- needs real translation
reference.aspose.org,3d,hi,D:\onedrive\Documents\GitHub\aspose.org\content\reference.aspose.org\hi\3d\net\BindPoint.md,D:\onedrive\Documents\GitHub\aspose.org\content\reference.aspose.org\en\3d\net\BindPoint.md,table_desc_not_translated,12 cell(s) with no TM cache hit -- needs real translation
reference.aspose.org,3d,ko,D:\onedrive\Documents\GitHub\aspose.org\content\reference.aspose.org\ko\3d\net\BindPoint.md,D:\onedrive\Documents\GitHub\aspose.org\content\reference.aspose.org\en\3d\net\BindPoint.md,table_desc_not_translated,12 cell(s) with no TM cache hit -- needs real translation
reference.aspose.org,3d,vi,D:\onedrive\Documents\GitHub\aspose.org\content\reference.aspose.org\vi\3d\net\BindPoint.md,D:\onedrive\Documents\GitHub\aspose.org\content\reference.aspose.org\en\3d\net\BindPoint.md,table_desc_not_translated,12 cell(s) with no TM cache hit -- needs real translation
reference.aspose.org,3d,ko,D:\onedrive\Documents\GitHub\aspose.org\content\reference.aspose.org\ko\3d\net\BoundingBox.md,D:\onedrive\Documents\GitHub\aspose.org\content\reference.aspose.org\en\3d\net\BoundingBox.md,table_desc_not_translated,15 cell(s) with no TM cache hit -- needs real translation
reference.aspose.org,3d,vi,D:\onedrive\Documents\GitHub\aspose.org\content\reference.aspose.org\vi\3d\net\BoundingBox.md,D:\onedrive\Documents\GitHub\aspose.org\content\reference.aspose.org\en\3d\net\BoundingBox.md,table_desc_not_translated,15 cell(s) with no TM cache hit -- needs real translation
reference.aspose.org,3d,ko,D:\onedrive\Documents\GitHub\aspose.org\content\reference.aspose.org\ko\3d\net\Box.md,D:\onedrive\Documents\GitHub\aspose.org\content\reference.aspose.org\en\3d\net\Box.md,table_desc_not_translated,26 cell(s) with no TM cache hit -- needs real translation
reference.aspose.org,3d,vi,D:\onedrive\Documents\GitHub\aspose.org\content\reference.aspose.org\vi\3d\net\Box.md,D:\onedrive\Documents\GitHub\aspose.org\content\reference.aspose.org\en\3d\net\Box.md,table_desc_not_translated,26 cell(s) with no TM cache hit -- needs real translation
reference.aspose.org,3d,ko,D:\onedrive\Documents\GitHub\aspose.org\content\reference.aspose.org\ko\3d\net\Camera.md,D:\onedrive\Documents\GitHub\aspose.org\content\reference.aspose.org\en\3d\net\Camera.md,table_desc_not_translated,28 cell(s) with no TM cache hit -- needs real translation
reference.aspose.org,3d,vi,D:\onedrive\Documents\GitHub\aspose.org\content\reference.aspose.org\vi\3d\net\Camera.md,D:\onedrive\Documents\GitHub\aspose.org\content\reference.aspose.org\en\3d\net\Camera.md,table_desc_not_translated,28 cell(s) with no TM cache hit -- needs real translation
reference.aspose.org,3d,ko,D:\onedrive\Documents\GitHub\aspose.org\content\reference.aspose.org\ko\3d\net\ColladaSaveOptions.md,D:\onedrive\Documents\GitHub\aspose.org\content\reference.aspose.org\en\3d\net\ColladaSaveOptions.md,table_desc_not_translated,9 cell(s) with no TM cache hit -- needs real translation
reference.aspose.org,3d,vi,D:\onedrive\Documents\GitHub\aspose.org\content\reference.aspose.org\vi\3d\net\ColladaSaveOptions.md,D:\onedrive\Documents\GitHub\aspose.org\content\reference.aspose.org\en\3d\net\ColladaSaveOptions.md,table_desc_not_translated,9 cell(s) with no TM cache hit -- needs real translation
reference.aspose.org,3d,vi,D:\onedrive\Documents\GitHub\aspose.org\content\reference.aspose.org\vi\3d\net\CustomObject.md,D:\onedrive\Documents\GitHub\aspose.org\content\reference.aspose.org\en\3d\net\CustomObject.md,table_desc_not_translated,4 cell(s) with no TM cache hit -- needs real translation
reference.aspose.org,3d,ko,D:\onedrive\Documents\GitHub\aspose.org\content\reference.aspose.org\ko\3d\net\Cylinder.md,D:\onedrive\Documents\GitHub\aspose.org\content\reference.aspose.org\en\3d\net\Cylinder.md,table_desc_not_translated,33 cell(s) with no TM cache hit -- needs real translation
reference.aspose.org,3d,vi,D:\onedrive\Documents\GitHub\aspose.org\content\reference.aspose.org\vi\3d\net\Cylinder.md,D:\onedrive\Documents\GitHub\aspose.org\content\reference.aspose.org\en\3d\net\Cylinder.md,table_desc_not_translated,33 cell(s) with no TM cache hit -- needs real translation
reference.aspose.org,3d,vi,D:\onedrive\Documents\GitHub\aspose.org\content\reference.aspose.org\vi\3d\net\Deformer.md,D:\onedrive\Documents\GitHub\aspose.org\content\reference.aspose.org\en\3d\net\Deformer.md,table_desc_not_translated,3 cell(s) with no TM cache hit -- needs real translation
reference.aspose.org,3d,ko,D:\onedrive\Documents\GitHub\aspose.org\content\reference.aspose.org\ko\3d\net\Entity.md,D:\onedrive\Documents\GitHub\aspose.org\content\reference.aspose.org\en\3d\net\Entity.md,table_desc_not_translated,8 cell(s) with no TM cache hit -- needs real translation
reference.aspose.org,3d,vi,D:\onedrive\Documents\GitHub\aspose.org\content\reference.aspose.org\vi\3d\net\Entity.md,D:\onedrive\Documents\GitHub\aspose.org\content\reference.aspose.org\en\3d\net\Entity.md,table_desc_not_translated,8 cell(s) with no TM cache hit -- needs real translation
reference.aspose.org,3d,vi,D:\onedrive\Documents\GitHub\aspose.org\content\reference.aspose.org\vi\3d\net\FbxLoadOptions.md,D:\onedrive\Documents\GitHub\aspose.org\content\reference.aspose.org\en\3d\net\FbxLoadOptions.md,table_desc_not_translated,7 cell(s) with no TM cache hit -- needs real translation
reference.aspose.org,3d,hi,D:\onedrive\Documents\GitHub\aspose.org\content\reference.aspose.org\hi\3d\net\FbxSaveOptions.md,D:\onedrive\Documents\GitHub\aspose.org\content\reference.aspose.org\en\3d\net\FbxSaveOptions.md,table_desc_not_translated,7 cell(s) with no TM cache hit -- needs real translation
reference.aspose.org,3d,vi,D:\onedrive\Documents\GitHub\aspose.org\content\reference.aspose.org\vi\3d\net\FbxSaveOptions.md,D:\onedrive\Documents\GitHub\aspose.org\content\reference.aspose.org\en\3d\net\FbxSaveOptions.md,table_desc_not_translated,7 cell(s) with no TM cache hit -- needs real translation
reference.aspose.org,3d,ko,D:\onedrive\Documents\GitHub\aspose.org\content\reference.aspose.org\ko\3d\net\FileFormat.md,D:\onedrive\Documents\GitHub\aspose.org\content\reference.aspose.org\en\3d\net\FileFormat.md,table_desc_not_translated,15 cell(s) with no TM cache hit -- needs real translation
reference.aspose.org,3d,vi,D:\onedrive\Documents\GitHub\aspose.org\content\reference.aspose.org\vi\3d\net\FileFormat.md,D:\onedrive\Documents\GitHub\aspose.org\content\reference.aspose.org\en\3d\net\FileFormat.md,table_desc_not_translated,15 cell(s) with no TM cache hit -- needs real translation
reference.aspose.org,3d,ar,D:\onedrive\Documents\GitHub\aspose.org\content\reference.aspose.org\ar\3d\net\FileSystem.md,D:\onedrive\Documents\GitHub\aspose.org\content\reference.aspose.org\en\3d\net\FileSystem.md,table_desc_not_translated,4 cell(s) with no TM cache hit -- needs real translation
reference.aspose.org,3d,ko,D:\onedrive\Documents\GitHub\aspose.org\content\reference.aspose.org\ko\3d\net\FileSystem.md,D:\onedrive\Documents\GitHub\aspose.org\content\reference.aspose.org\en\3d\net\FileSystem.md,table_desc_not_translated,4 cell(s) with no TM cache hit -- needs real translation
reference.aspose.org,3d,vi,D:\onedrive\Documents\GitHub\aspose.org\content\reference.aspose.org\vi\3d\net\FileSystem.md,D:\onedrive\Documents\GitHub\aspose.org\content\reference.aspose.org\en\3d\net\FileSystem.md,table_desc_not_translated,4 cell(s) with no TM cache hit -- needs real translation
reference.aspose.org,3d,hi,D:\onedrive\Documents\GitHub\aspose.org\content\reference.aspose.org\hi\3d\net\Frustum.md,D:\onedrive\Documents\GitHub\aspose.org\content\reference.aspose.org\en\3d\net\Frustum.md,table_desc_not_translated,17 cell(s) with no TM cache hit -- needs real translation
reference.aspose.org,3d,vi,D:\onedrive\Documents\GitHub\aspose.org\content\reference.aspose.org\vi\3d\net\Frustum.md,D:\onedrive\Documents\GitHub\aspose.org\content\reference.aspose.org\en\3d\net\Frustum.md,table_desc_not_translated,17 cell(s) with no TM cache hit -- needs real translation
reference.aspose.org,3d,ar,D:\onedrive\Documents\GitHub\aspose.org\content\reference.aspose.org\ar\3d\net\GlobalTransform.md,D:\onedrive\Documents\GitHub\aspose.org\content\reference.aspose.org\en\3d\net\GlobalTransform.md,table_desc_not_translated,3 cell(s) with no TM cache hit -- needs real translation
reference.aspose.org,3d,ja,D:\onedrive\Documents\GitHub\aspose.org\content\reference.aspose.org\ja\3d\net\GlobalTransform.md,D:\onedrive\Documents\GitHub\aspose.org\content\reference.aspose.org\en\3d\net\GlobalTransform.md,table_desc_not_translated,3 cell(s) with no TM cache hit -- needs real translation
reference.aspose.org,3d,vi,D:\onedrive\Documents\GitHub\aspose.org\content\reference.aspose.org\vi\3d\net\GlobalTransform.md,D:\onedrive\Documents\GitHub\aspose.org\content\reference.aspose.org\en\3d\net\GlobalTransform.md,table_desc_not_translated,6 cell(s) with no TM cache hit -- needs real translation
reference.aspose.org,3d,zh,D:\onedrive\Documents\GitHub\aspose.org\content\reference.aspose.org\zh\3d\net\GlobalTransform.md,D:\onedrive\Documents\GitHub\aspose.org\content\reference.aspose.org\en\3d\net\GlobalTransform.md,table_desc_not_translated,6 cell(s) with no TM cache hit -- needs real translation
reference.aspose.org,3d,vi,D:\onedrive\Documents\GitHub\aspose.org\content\reference.aspose.org\vi\3d\net\GltfLoadOptions.md,D:\onedrive\Documents\GitHub\aspose.org\content\reference.aspose.org\en\3d\net\GltfLoadOptions.md,table_desc_not_translated,8 cell(s) with no TM cache hit -- needs real translation
reference.aspose.org,3d,vi,D:\onedrive\Documents\GitHub\aspose.org\content\reference.aspose.org\vi\3d\net\GltfSaveOptions.md,D:\onedrive\Documents\GitHub\aspose.org\content\reference.aspose.org\en\3d\net\GltfSaveOptions.md,table_desc_not_translated,7 cell(s) with no TM cache hit -- needs real translation
reference.aspose.org,3d,vi,D:\onedrive\Documents\GitHub\aspose.org\content\reference.aspose.org\vi\3d\net\Group.md,D:\onedrive\Documents\GitHub\aspose.org\content\reference.aspose.org\en\3d\net\Group.md,table_desc_not_translated,9 cell(s) with no TM cache hit -- needs real translation
reference.aspose.org,3d,vi,D:\onedrive\Documents\GitHub\aspose.org\content\reference.aspose.org\vi\3d\net\ImageRenderOptions.md,D:\onedrive\Documents\GitHub\aspose.org\content\reference.aspose.org\en\3d\net\ImageRenderOptions.md,table_desc_not_translated,11 cell(s) with no TM cache hit -- needs real translation
reference.aspose.org,3d,vi,D:\onedrive\Documents\GitHub\aspose.org\content\reference.aspose.org\vi\3d\net\KeyFrame.md,D:\onedrive\Documents\GitHub\aspose.org\content\reference.aspose.org\en\3d\net\KeyFrame.md,table_desc_not_translated,16 cell(s) with no TM cache hit -- needs real translation
reference.aspose.org,3d,vi,D:\onedrive\Documents\GitHub\aspose.org\content\reference.aspose.org\vi\3d\net\LambertMaterial.md,D:\onedrive\Documents\GitHub\aspose.org\content\reference.aspose.org\en\3d\net\LambertMaterial.md,table_desc_not_translated,17 cell(s) with no TM cache hit -- needs real translation
reference.aspose.org,3d,vi,D:\onedrive\Documents\GitHub\aspose.org\content\reference.aspose.org\vi\3d\net\LoadOptions.md,D:\onedrive\Documents\GitHub\aspose.org\content\reference.aspose.org\en\3d\net\LoadOptions.md,table_desc_not_translated,6 cell(s) with no TM cache hit -- needs real translation
reference.aspose.org,3d,vi,D:\onedrive\Documents\GitHub\aspose.org\content\reference.aspose.org\vi\3d\net\Material.md,D:\onedrive\Documents\GitHub\aspose.org\content\reference.aspose.org\en\3d\net\Material.md,table_desc_not_translated,12 cell(s) with no TM cache hit -- needs real translation
reference.aspose.org,3d,vi,D:\onedrive\Documents\GitHub\aspose.org\content\reference.aspose.org\vi\3d\net\Matrix4.md,D:\onedrive\Documents\GitHub\aspose.org\content\reference.aspose.org\en\3d\net\Matrix4.md,table_desc_not_translated,2 cell(s) with no TM cache hit -- needs real translation
reference.aspose.org,3d,fa,D:\onedrive\Documents\GitHub\aspose.org\content\reference.aspose.org\fa\3d\net\Mesh.md,D:\onedrive\Documents\GitHub\aspose.org\content\reference.aspose.org\en\3d\net\Mesh.md,table_desc_not_translated,29 cell(s) with no TM cache hit -- needs real translation
reference.aspose.org,3d,he,D:\onedrive\Documents\GitHub\aspose.org\content\reference.aspose.org\he\3d\net\Mesh.md,D:\onedrive\Documents\GitHub\aspose.org\content\reference.aspose.org\en\3d\net\Mesh.md,table_desc_not_translated,29 cell(s) with no TM cache hit -- needs real translation
reference.aspose.org,3d,ko,D:\onedrive\Documents\GitHub\aspose.org\content\reference.aspose.org\ko\3d\net\Mesh.md,D:\onedrive\Documents\GitHub\aspose.org\content\reference.aspose.org\en\3d\net\Mesh.md,table_desc_not_translated,29 cell(s) with no TM cache hit -- needs real translation
reference.aspose.org,3d,ru,D:\onedrive\Documents\GitHub\aspose.org\content\reference.aspose.org\ru\3d\net\Mesh.md,D:\onedrive\Documents\GitHub\aspose.org\content\reference.aspose.org\en\3d\net\Mesh.md,table_desc_not_translated,29 cell(s) with no TM cache hit -- needs real translation
reference.aspose.org,3d,uk,D:\onedrive\Documents\GitHub\aspose.org\content\reference.aspose.org\uk\3d\net\Mesh.md,D:\onedrive\Documents\GitHub\aspose.org\content\reference.aspose.org\en\3d\net\Mesh.md,table_desc_not_translated,29 cell(s) with no TM cache hit -- needs real translation
reference.aspose.org,3d,vi,D:\onedrive\Documents\GitHub\aspose.org\content\reference.aspose.org\vi\3d\net\Mesh.md,D:\onedrive\Documents\GitHub\aspose.org\content\reference.aspose.org\en\3d\net\Mesh.md,table_desc_not_translated,29 cell(s) with no TM cache hit -- needs real translation
reference.aspose.org,3d,vi,D:\onedrive\Documents\GitHub\aspose.org\content\reference.aspose.org\vi\3d\net\Node.md,D:\onedrive\Documents\GitHub\aspose.org\content\reference.aspose.org\en\3d\net\Node.md,table_desc_not_translated,28 cell(s) with no TM cache hit -- needs real translation
reference.aspose.org,3d,vi,D:\onedrive\Documents\GitHub\aspose.org\content\reference.aspose.org\vi\3d\net\ObjLoadOptions.md,D:\onedrive\Documents\GitHub\aspose.org\content\reference.aspose.org\en\3d\net\ObjLoadOptions.md,table_desc_not_translated,11 cell(s) with no TM cache hit -- needs real translation
reference.aspose.org,3d,vi,D:\onedrive\Documents\GitHub\aspose.org\content\reference.aspose.org\vi\3d\net\ObjSaveOptions.md,D:\onedrive\Documents\GitHub\aspose.org\content\reference.aspose.org\en\3d\net\ObjSaveOptions.md,table_desc_not_translated,15 cell(s) with no TM cache hit -- needs real translation
reference.aspose.org,3d,vi,D:\onedrive\Documents\GitHub\aspose.org\content\reference.aspose.org\vi\3d\net\PbrMaterial.md,D:\onedrive\Documents\GitHub\aspose.org\content\reference.aspose.org\en\3d\net\PbrMaterial.md,table_desc_not_translated,25 cell(s) with no TM cache hit -- needs real translation
reference.aspose.org,3d,vi,D:\onedrive\Documents\GitHub\aspose.org\content\reference.aspose.org\vi\3d\net\PhongMaterial.md,D:\onedrive\Documents\GitHub\aspose.org\content\reference.aspose.org\en\3d\net\PhongMaterial.md,table_desc_not_translated,22 cell(s) with no TM cache hit -- needs real translation
reference.aspose.org,3d,hi,D:\onedrive\Documents\GitHub\aspose.org\content\reference.aspose.org\hi\3d\net\PlyLoadOptions.md,D:\onedrive\Documents\GitHub\aspose.org\content\reference.aspose.org\en\3d\net\PlyLoadOptions.md,table_desc_not_translated,7 cell(s) with no TM cache hit -- needs real translation
reference.aspose.org,3d,vi,D:\onedrive\Documents\GitHub\aspose.org\content\reference.aspose.org\vi\3d\net\PlyLoadOptions.md,D:\onedrive\Documents\GitHub\aspose.org\content\reference.aspose.org\en\3d\net\PlyLoadOptions.md,table_desc_not_translated,7 cell(s) with no TM cache hit -- needs real translation
reference.aspose.org,3d,vi,D:\onedrive\Documents\GitHub\aspose.org\content\reference.aspose.org\vi\3d\net\PlySaveOptions.md,D:\onedrive\Documents\GitHub\aspose.org\content\reference.aspose.org\en\3d\net\PlySaveOptions.md,table_desc_not_translated,8 cell(s) with no TM cache hit -- needs real translation
reference.aspose.org,3d,vi,D:\onedrive\Documents\GitHub\aspose.org\content\reference.aspose.org\vi\3d\net\Pose.md,D:\onedrive\Documents\GitHub\aspose.org\content\reference.aspose.org\en\3d\net\Pose.md,table_desc_not_translated,4 cell(s) with no TM cache hit -- needs real translation
reference.aspose.org,3d,vi,D:\onedrive\Documents\GitHub\aspose.org\content\reference.aspose.org\vi\3d\net\Primitive.md,D:\onedrive\Documents\GitHub\aspose.org\content\reference.aspose.org\en\3d\net\Primitive.md,table_desc_not_translated,19 cell(s) with no TM cache hit -- needs real translation
reference.aspose.org,3d,vi,D:\onedrive\Documents\GitHub\aspose.org\content\reference.aspose.org\vi\3d\net\SaveOptions.md,D:\onedrive\Documents\GitHub\aspose.org\content\reference.aspose.org\en\3d\net\SaveOptions.md,table_desc_not_translated,7 cell(s) with no TM cache hit -- needs real translation
reference.aspose.org,3d,ja,D:\onedrive\Documents\GitHub\aspose.org\content\reference.aspose.org\ja\3d\net\Scene.md,D:\onedrive\Documents\GitHub\aspose.org\content\reference.aspose.org\en\3d\net\Scene.md,table_desc_not_translated,41 cell(s) with no TM cache hit -- needs real translation
reference.aspose.org,3d,vi,D:\onedrive\Documents\GitHub\aspose.org\content\reference.aspose.org\vi\3d\net\Scene.md,D:\onedrive\Documents\GitHub\aspose.org\content\reference.aspose.org\en\3d\net\Scene.md,table_desc_not_translated,41 cell(s) with no TM cache hit -- needs real translation
reference.aspose.org,3d,vi,D:\onedrive\Documents\GitHub\aspose.org\content\reference.aspose.org\vi\3d\net\Sphere.md,D:\onedrive\Documents\GitHub\aspose.org\content\reference.aspose.org\en\3d\net\Sphere.md,table_desc_not_translated,27 cell(s) with no TM cache hit -- needs real translation
reference.aspose.org,3d,vi,D:\onedrive\Documents\GitHub\aspose.org\content\reference.aspose.org\vi\3d\net\StlLoadOptions.md,D:\onedrive\Documents\GitHub\aspose.org\content\reference.aspose.org\en\3d\net\StlLoadOptions.md,table_desc_not_translated,7 cell(s) with no TM cache hit -- needs real translation
reference.aspose.org,3d,vi,D:\onedrive\Documents\GitHub\aspose.org\content\reference.aspose.org\vi\3d\net\StlSaveOptions.md,D:\onedrive\Documents\GitHub\aspose.org\content\reference.aspose.org\en\3d\net\StlSaveOptions.md,table_desc_not_translated,8 cell(s) with no TM cache hit -- needs real translation
reference.aspose.org,3d,vi,D:\onedrive\Documents\GitHub\aspose.org\content\reference.aspose.org\vi\3d\net\Transform.md,D:\onedrive\Documents\GitHub\aspose.org\content\reference.aspose.org\en\3d\net\Transform.md,table_desc_not_translated,25 cell(s) with no TM cache hit -- needs real translation
reference.aspose.org,3d,vi,D:\onedrive\Documents\GitHub\aspose.org\content\reference.aspose.org\vi\3d\net\Vector2.md,D:\onedrive\Documents\GitHub\aspose.org\content\reference.aspose.org\en\3d\net\Vector2.md,table_desc_not_translated,8 cell(s) with no TM cache hit -- needs real translation
reference.aspose.org,3d,vi,D:\onedrive\Documents\GitHub\aspose.org\content\reference.aspose.org\vi\3d\net\Vector3.md,D:\onedrive\Documents\GitHub\aspose.org\content\reference.aspose.org\en\3d\net\Vector3.md,table_desc_not_translated,12 cell(s) with no TM cache hit -- needs real translation
reference.aspose.org,3d,vi,D:\onedrive\Documents\GitHub\aspose.org\content\reference.aspose.org\vi\3d\net\Vector4.md,D:\onedrive\Documents\GitHub\aspose.org\content\reference.aspose.org\en\3d\net\Vector4.md,table_desc_not_translated,4 cell(s) with no TM cache hit -- needs real translation
reference.aspose.org,3d,vi,D:\onedrive\Documents\GitHub\aspose.org\content\reference.aspose.org\vi\3d\net\VertexElementBinormal.md,D:\onedrive\Documents\GitHub\aspose.org\content\reference.aspose.org\en\3d\net\VertexElementBinormal.md,table_desc_not_translated,8 cell(s) with no TM cache hit -- needs real translation
reference.aspose.org,3d,vi,D:\onedrive\Documents\GitHub\aspose.org\content\reference.aspose.org\vi\3d\net\VertexElementMaterial.md,D:\onedrive\Documents\GitHub\aspose.org\content\reference.aspose.org\en\3d\net\VertexElementMaterial.md,table_desc_not_translated,8 cell(s) with no TM cache hit -- needs real translation
reference.aspose.org,3d,vi,D:\onedrive\Documents\GitHub\aspose.org\content\reference.aspose.org\vi\3d\net\VertexElementNormal.md,D:\onedrive\Documents\GitHub\aspose.org\content\reference.aspose.org\en\3d\net\VertexElementNormal.md,table_desc_not_translated,8 cell(s) with no TM cache hit -- needs real translation
reference.aspose.org,3d,vi,D:\onedrive\Documents\GitHub\aspose.org\content\reference.aspose.org\vi\3d\net\VertexElementTangent.md,D:\onedrive\Documents\GitHub\aspose.org\content\reference.aspose.org\en\3d\net\VertexElementTangent.md,table_desc_not_translated,7 cell(s) with no TM cache hit -- needs real translation
reference.aspose.org,3d,vi,D:\onedrive\Documents\GitHub\aspose.org\content\reference.aspose.org\vi\3d\net\VertexElementVertexColor.md,D:\onedrive\Documents\GitHub\aspose.org\content\reference.aspose.org\en\3d\net\VertexElementVertexColor.md,table_desc_not_translated,8 cell(s) with no TM cache hit -- needs real translation
reference.aspose.org,3d,bg,D:\onedrive\Documents\GitHub\aspose.org\content\reference.aspose.org\bg\3d\python\AnimationChannel.md,D:\onedrive\Documents\GitHub\aspose.org\content\reference.aspose.org\en\3d\python\AnimationChannel.md,table_desc_not_translated,9 cell(s) with no TM cache hit -- needs real translation
reference.aspose.org,3d,el,D:\onedrive\Documents\GitHub\aspose.org\content\reference.aspose.org\el\3d\python\AnimationChannel.md,D:\onedrive\Documents\GitHub\aspose.org\content\reference.aspose.org\en\3d\python\AnimationChannel.md,table_desc_not_translated,9 cell(s) with no TM cache hit -- needs real translation
reference.aspose.org,3d,ru,D:\onedrive\Documents\GitHub\aspose.org\content\reference.aspose.org\ru\3d\python\AnimationChannel.md,D:\onedrive\Documents\GitHub\aspose.org\content\reference.aspose.org\en\3d\python\AnimationChannel.md,table_desc_not_translated,9 cell(s) with no TM cache hit -- needs real translation
reference.aspose.org,3d,fa,D:\onedrive\Documents\GitHub\aspose.org\content\reference.aspose.org\fa\3d\python\Camera.md,D:\onedrive\Documents\GitHub\aspose.org\content\reference.aspose.org\en\3d\python\Camera.md,table_desc_not_translated,30 cell(s) with no TM cache hit -- needs real translation
reference.aspose.org,3d,he,D:\onedrive\Documents\GitHub\aspose.org\content\reference.aspose.org\he\3d\python\Camera.md,D:\onedrive\Documents\GitHub\aspose.org\content\reference.aspose.org\en\3d\python\Camera.md,table_desc_not_translated,30 cell(s) with no TM cache hit -- needs real translation
reference.aspose.org,3d,hi,D:\onedrive\Documents\GitHub\aspose.org\content\reference.aspose.org\hi\3d\python\Camera.md,D:\onedrive\Documents\GitHub\aspose.org\content\reference.aspose.org\en\3d\python\Camera.md,table_desc_not_translated,30 cell(s) with no TM cache hit -- needs real translation
reference.aspose.org,3d,ko,D:\onedrive\Documents\GitHub\aspose.org\content\reference.aspose.org\ko\3d\python\Camera.md,D:\onedrive\Documents\GitHub\aspose.org\content\reference.aspose.org\en\3d\python\Camera.md,table_desc_not_translated,30 cell(s) with no TM cache hit -- needs real translation
reference.aspose.org,3d,ru,D:\onedrive\Documents\GitHub\aspose.org\content\reference.aspose.org\ru\3d\python\Camera.md,D:\onedrive\Documents\GitHub\aspose.org\content\reference.aspose.org\en\3d\python\Camera.md,table_desc_not_translated,30 cell(s) with no TM cache hit -- needs real translation
reference.aspose.org,3d,th,D:\onedrive\Documents\GitHub\aspose.org\content\reference.aspose.org\th\3d\python\Camera.md,D:\onedrive\Documents\GitHub\aspose.org\content\reference.aspose.org\en\3d\python\Camera.md,table_desc_not_translated,30 cell(s) with no TM cache hit -- needs real translation
reference.aspose.org,3d,uk,D:\onedrive\Documents\GitHub\aspose.org\content\reference.aspose.org\uk\3d\python\Camera.md,D:\onedrive\Documents\GitHub\aspose.org\content\reference.aspose.org\en\3d\python\Camera.md,table_desc_not_translated,30 cell(s) with no TM cache hit -- needs real translation
reference.aspose.org,3d,vi,D:\onedrive\Documents\GitHub\aspose.org\content\reference.aspose.org\vi\3d\python\Camera.md,D:\onedrive\Documents\GitHub\aspose.org\content\reference.aspose.org\en\3d\python\Camera.md,table_desc_not_translated,30 cell(s) with no TM cache hit -- needs real translation
reference.aspose.org,3d,zh,D:\onedrive\Documents\GitHub\aspose.org\content\reference.aspose.org\zh\3d\python\Camera.md,D:\onedrive\Documents\GitHub\aspose.org\content\reference.aspose.org\en\3d\python\Camera.md,table_desc_not_translated,30 cell(s) with no TM cache hit -- needs real translation
reference.aspose.org,3d,vi,D:\onedrive\Documents\GitHub\aspose.org\content\reference.aspose.org\vi\3d\python\CustomObject.md,D:\onedrive\Documents\GitHub\aspose.org\content\reference.aspose.org\en\3d\python\CustomObject.md,table_desc_not_translated,2 cell(s) with no TM cache hit -- needs real translation
reference.aspose.org,3d,fa,D:\onedrive\Documents\GitHub\aspose.org\content\reference.aspose.org\fa\3d\python\Interpolation.md,D:\onedrive\Documents\GitHub\aspose.org\content\reference.aspose.org\en\3d\python\Interpolation.md,table_desc_not_translated,6 cell(s) with no TM cache hit -- needs real translation
reference.aspose.org,3d,bg,D:\onedrive\Documents\GitHub\aspose.org\content\reference.aspose.org\bg\3d\python\Light.md,D:\onedrive\Documents\GitHub\aspose.org\content\reference.aspose.org\en\3d\python\Light.md,table_desc_not_translated,26 cell(s) with no TM cache hit -- needs real translation
reference.aspose.org,3d,el,D:\onedrive\Documents\GitHub\aspose.org\content\reference.aspose.org\el\3d\python\Light.md,D:\onedrive\Documents\GitHub\aspose.org\content\reference.aspose.org\en\3d\python\Light.md,table_desc_not_translated,26 cell(s) with no TM cache hit -- needs real translation
reference.aspose.org,3d,fa,D:\onedrive\Documents\GitHub\aspose.org\content\reference.aspose.org\fa\3d\python\Light.md,D:\onedrive\Documents\GitHub\aspose.org\content\reference.aspose.org\en\3d\python\Light.md,table_desc_not_translated,26 cell(s) with no TM cache hit -- needs real translation
reference.aspose.org,3d,he,D:\onedrive\Documents\GitHub\aspose.org\content\reference.aspose.org\he\3d\python\Light.md,D:\onedrive\Documents\GitHub\aspose.org\content\reference.aspose.org\en\3d\python\Light.md,table_desc_not_translated,26 cell(s) with no TM cache hit -- needs real translation
reference.aspose.org,3d,hi,D:\onedrive\Documents\GitHub\aspose.org\content\reference.aspose.org\hi\3d\python\Light.md,D:\onedrive\Documents\GitHub\aspose.org\content\reference.aspose.org\en\3d\python\Light.md,table_desc_not_translated,26 cell(s) with no TM cache hit -- needs real translation
reference.aspose.org,3d,ko,D:\onedrive\Documents\GitHub\aspose.org\content\reference.aspose.org\ko\3d\python\Light.md,D:\onedrive\Documents\GitHub\aspose.org\content\reference.aspose.org\en\3d\python\Light.md,table_desc_not_translated,26 cell(s) with no TM cache hit -- needs real translation
reference.aspose.org,3d,ru,D:\onedrive\Documents\GitHub\aspose.org\content\reference.aspose.org\ru\3d\python\Light.md,D:\onedrive\Documents\GitHub\aspose.org\content\reference.aspose.org\en\3d\python\Light.md,table_desc_not_translated,26 cell(s) with no TM cache hit -- needs real translation
reference.aspose.org,3d,th,D:\onedrive\Documents\GitHub\aspose.org\content\reference.aspose.org\th\3d\python\Light.md,D:\onedrive\Documents\GitHub\aspose.org\content\reference.aspose.org\en\3d\python\Light.md,table_desc_not_translated,26 cell(s) with no TM cache hit -- needs real translation
reference.aspose.org,3d,uk,D:\onedrive\Documents\GitHub\aspose.org\content\reference.aspose.org\uk\3d\python\Light.md,D:\onedrive\Documents\GitHub\aspose.org\content\reference.aspose.org\en\3d\python\Light.md,table_desc_not_translated,26 cell(s) with no TM cache hit -- needs real translation
reference.aspose.org,3d,vi,D:\onedrive\Documents\GitHub\aspose.org\content\reference.aspose.org\vi\3d\python\Light.md,D:\onedrive\Documents\GitHub\aspose.org\content\reference.aspose.org\en\3d\python\Light.md,table_desc_not_translated,26 cell(s) with no TM cache hit -- needs real translation
reference.aspose.org,3d,zh,D:\onedrive\Documents\GitHub\aspose.org\content\reference.aspose.org\zh\3d\python\Light.md,D:\onedrive\Documents\GitHub\aspose.org\content\reference.aspose.org\en\3d\python\Light.md,table_desc_not_translated,26 cell(s) with no TM cache hit -- needs real translation
reference.aspose.org,3d,vi,D:\onedrive\Documents\GitHub\aspose.org\content\reference.aspose.org\vi\3d\python\LoadOptions.md,D:\onedrive\Documents\GitHub\aspose.org\content\reference.aspose.org\en\3d\python\LoadOptions.md,table_desc_not_translated,5 cell(s) with no TM cache hit -- needs real translation
reference.aspose.org,3d,vi,D:\onedrive\Documents\GitHub\aspose.org\content\reference.aspose.org\vi\3d\python\VertexElementBinormal.md,D:\onedrive\Documents\GitHub\aspose.org\content\reference.aspose.org\en\3d\python\VertexElementBinormal.md,table_desc_not_translated,6 cell(s) with no TM cache hit -- needs real translation
reference.aspose.org,3d,vi,D:\onedrive\Documents\GitHub\aspose.org\content\reference.aspose.org\vi\3d\python\VertexElementNormal.md,D:\onedrive\Documents\GitHub\aspose.org\content\reference.aspose.org\en\3d\python\VertexElementNormal.md,table_desc_not_translated,6 cell(s) with no TM cache hit -- needs real translation
reference.aspose.org,3d,vi,D:\onedrive\Documents\GitHub\aspose.org\content\reference.aspose.org\vi\3d\python\VertexElementSmoothingGroup.md,D:\onedrive\Documents\GitHub\aspose.org\content\reference.aspose.org\en\3d\python\VertexElementSmoothingGroup.md,table_desc_not_translated,6 cell(s) with no TM cache hit -- needs real translation
reference.aspose.org,3d,vi,D:\onedrive\Documents\GitHub\aspose.org\content\reference.aspose.org\vi\3d\python\VertexElementTangent.md,D:\onedrive\Documents\GitHub\aspose.org\content\reference.aspose.org\en\3d\python\VertexElementTangent.md,table_desc_not_translated,6 cell(s) with no TM cache hit -- needs real translation
reference.aspose.org,3d,vi,D:\onedrive\Documents\GitHub\aspose.org\content\reference.aspose.org\vi\3d\python\VertexElementUV.md,D:\onedrive\Documents\GitHub\aspose.org\content\reference.aspose.org\en\3d\python\VertexElementUV.md,table_desc_not_translated,8 cell(s) with no TM cache hit -- needs real translation
reference.aspose.org,3d,vi,D:\onedrive\Documents\GitHub\aspose.org\content\reference.aspose.org\vi\3d\python\VertexElementVertexColor.md,D:\onedrive\Documents\GitHub\aspose.org\content\reference.aspose.org\en\3d\python\VertexElementVertexColor.md,table_desc_not_translated,6 cell(s) with no TM cache hit -- needs real translation
reference.aspose.org,3d,vi,D:\onedrive\Documents\GitHub\aspose.org\content\reference.aspose.org\vi\3d\typescript\camera.md,D:\onedrive\Documents\GitHub\aspose.org\content\reference.aspose.org\en\3d\typescript\camera.md,table_desc_not_translated,19 cell(s) with no TM cache hit -- needs real translation
reference.aspose.org,3d,ar,D:\onedrive\Documents\GitHub\aspose.org\content\reference.aspose.org\ar\3d\typescript\GltfData.md,D:\onedrive\Documents\GitHub\aspose.org\content\reference.aspose.org\en\3d\typescript\GltfData.md,table_desc_not_translated,14 cell(s) with no TM cache hit -- needs real translation
reference.aspose.org,3d,bg,D:\onedrive\Documents\GitHub\aspose.org\content\reference.aspose.org\bg\3d\typescript\GltfData.md,D:\onedrive\Documents\GitHub\aspose.org\content\reference.aspose.org\en\3d\typescript\GltfData.md,table_desc_not_translated,14 cell(s) with no TM cache hit -- needs real translation
reference.aspose.org,3d,el,D:\onedrive\Documents\GitHub\aspose.org\content\reference.aspose.org\el\3d\typescript\GltfData.md,D:\onedrive\Documents\GitHub\aspose.org\content\reference.aspose.org\en\3d\typescript\GltfData.md,table_desc_not_translated,14 cell(s) with no TM cache hit -- needs real translation
reference.aspose.org,3d,ru,D:\onedrive\Documents\GitHub\aspose.org\content\reference.aspose.org\ru\3d\typescript\GltfData.md,D:\onedrive\Documents\GitHub\aspose.org\content\reference.aspose.org\en\3d\typescript\GltfData.md,table_desc_not_translated,14 cell(s) with no TM cache hit -- needs real translation
reference.aspose.org,3d,fa,D:\onedrive\Documents\GitHub\aspose.org\content\reference.aspose.org\fa\3d\typescript\Interpolation.md,D:\onedrive\Documents\GitHub\aspose.org\content\reference.aspose.org\en\3d\typescript\Interpolation.md,table_desc_not_translated,6 cell(s) with no TM cache hit -- needs real translation
reference.aspose.org,3d,fa,D:\onedrive\Documents\GitHub\aspose.org\content\reference.aspose.org\fa\3d\typescript\material.md,D:\onedrive\Documents\GitHub\aspose.org\content\reference.aspose.org\en\3d\typescript\material.md,table_desc_not_translated,8 cell(s) with no TM cache hit -- needs real translation
reference.aspose.org,3d,he,D:\onedrive\Documents\GitHub\aspose.org\content\reference.aspose.org\he\3d\typescript\material.md,D:\onedrive\Documents\GitHub\aspose.org\content\reference.aspose.org\en\3d\typescript\material.md,table_desc_not_translated,8 cell(s) with no TM cache hit -- needs real translation
reference.aspose.org,3d,hi,D:\onedrive\Documents\GitHub\aspose.org\content\reference.aspose.org\hi\3d\typescript\material.md,D:\onedrive\Documents\GitHub\aspose.org\content\reference.aspose.org\en\3d\typescript\material.md,table_desc_not_translated,8 cell(s) with no TM cache hit -- needs real translation
reference.aspose.org,3d,ko,D:\onedrive\Documents\GitHub\aspose.org\content\reference.aspose.org\ko\3d\typescript\material.md,D:\onedrive\Documents\GitHub\aspose.org\content\reference.aspose.org\en\3d\typescript\material.md,table_desc_not_translated,8 cell(s) with no TM cache hit -- needs real translation
reference.aspose.org,3d,ru,D:\onedrive\Documents\GitHub\aspose.org\content\reference.aspose.org\ru\3d\typescript\material.md,D:\onedrive\Documents\GitHub\aspose.org\content\reference.aspose.org\en\3d\typescript\material.md,table_desc_not_translated,8 cell(s) with no TM cache hit -- needs real translation
reference.aspose.org,3d,th,D:\onedrive\Documents\GitHub\aspose.org\content\reference.aspose.org\th\3d\typescript\material.md,D:\onedrive\Documents\GitHub\aspose.org\content\reference.aspose.org\en\3d\typescript\material.md,table_desc_not_translated,8 cell(s) with no TM cache hit -- needs real translation
reference.aspose.org,3d,uk,D:\onedrive\Documents\GitHub\aspose.org\content\reference.aspose.org\uk\3d\typescript\material.md,D:\onedrive\Documents\GitHub\aspose.org\content\reference.aspose.org\en\3d\typescript\material.md,table_desc_not_translated,8 cell(s) with no TM cache hit -- needs real translation
reference.aspose.org,3d,vi,D:\onedrive\Documents\GitHub\aspose.org\content\reference.aspose.org\vi\3d\typescript\material.md,D:\onedrive\Documents\GitHub\aspose.org\content\reference.aspose.org\en\3d\typescript\material.md,table_desc_not_translated,8 cell(s) with no TM cache hit -- needs real translation
reference.aspose.org,3d,zh,D:\onedrive\Documents\GitHub\aspose.org\content\reference.aspose.org\zh\3d\typescript\material.md,D:\onedrive\Documents\GitHub\aspose.org\content\reference.aspose.org\en\3d\typescript\material.md,table_desc_not_translated,8 cell(s) with no TM cache hit -- needs real translation
reference.aspose.org,3d,vi,D:\onedrive\Documents\GitHub\aspose.org\content\reference.aspose.org\vi\3d\typescript\matrix4.md,D:\onedrive\Documents\GitHub\aspose.org\content\reference.aspose.org\en\3d\typescript\matrix4.md,table_desc_not_translated,13 cell(s) with no TM cache hit -- needs real translation
reference.aspose.org,3d,fa,D:\onedrive\Documents\GitHub\aspose.org\content\reference.aspose.org\fa\3d\typescript\node.md,D:\onedrive\Documents\GitHub\aspose.org\content\reference.aspose.org\en\3d\typescript\node.md,table_desc_not_translated,17 cell(s) with no TM cache hit -- needs real translation
reference.aspose.org,3d,he,D:\onedrive\Documents\GitHub\aspose.org\content\reference.aspose.org\he\3d\typescript\node.md,D:\onedrive\Documents\GitHub\aspose.org\content\reference.aspose.org\en\3d\typescript\node.md,table_desc_not_translated,17 cell(s) with no TM cache hit -- needs real translation
reference.aspose.org,3d,hi,D:\onedrive\Documents\GitHub\aspose.org\content\reference.aspose.org\hi\3d\typescript\node.md,D:\onedrive\Documents\GitHub\aspose.org\content\reference.aspose.org\en\3d\typescript\node.md,table_desc_not_translated,17 cell(s) with no TM cache hit -- needs real translation
reference.aspose.org,3d,ko,D:\onedrive\Documents\GitHub\aspose.org\content\reference.aspose.org\ko\3d\typescript\node.md,D:\onedrive\Documents\GitHub\aspose.org\content\reference.aspose.org\en\3d\typescript\node.md,table_desc_not_translated,17 cell(s) with no TM cache hit -- needs real translation
reference.aspose.org,3d,ru,D:\onedrive\Documents\GitHub\aspose.org\content\reference.aspose.org\ru\3d\typescript\node.md,D:\onedrive\Documents\GitHub\aspose.org\content\reference.aspose.org\en\3d\typescript\node.md,table_desc_not_translated,17 cell(s) with no TM cache hit -- needs real translation
reference.aspose.org,3d,th,D:\onedrive\Documents\GitHub\aspose.org\content\reference.aspose.org\th\3d\typescript\node.md,D:\onedrive\Documents\GitHub\aspose.org\content\reference.aspose.org\en\3d\typescript\node.md,table_desc_not_translated,17 cell(s) with no TM cache hit -- needs real translation
reference.aspose.org,3d,uk,D:\onedrive\Documents\GitHub\aspose.org\content\reference.aspose.org\uk\3d\typescript\node.md,D:\onedrive\Documents\GitHub\aspose.org\content\reference.aspose.org\en\3d\typescript\node.md,table_desc_not_translated,17 cell(s) with no TM cache hit -- needs real translation
reference.aspose.org,3d,vi,D:\onedrive\Documents\GitHub\aspose.org\content\reference.aspose.org\vi\3d\typescript\node.md,D:\onedrive\Documents\GitHub\aspose.org\content\reference.aspose.org\en\3d\typescript\node.md,table_desc_not_translated,17 cell(s) with no TM cache hit -- needs real translation
reference.aspose.org,3d,zh,D:\onedrive\Documents\GitHub\aspose.org\content\reference.aspose.org\zh\3d\typescript\node.md,D:\onedrive\Documents\GitHub\aspose.org\content\reference.aspose.org\en\3d\typescript\node.md,table_desc_not_translated,17 cell(s) with no TM cache hit -- needs real translation
reference.aspose.org,3d,vi,D:\onedrive\Documents\GitHub\aspose.org\content\reference.aspose.org\vi\3d\typescript\quaternion.md,D:\onedrive\Documents\GitHub\aspose.org\content\reference.aspose.org\en\3d\typescript\quaternion.md,table_desc_not_translated,16 cell(s) with no TM cache hit -- needs real translation
reference.aspose.org,3d,fa,D:\onedrive\Documents\GitHub\aspose.org\content\reference.aspose.org\fa\3d\typescript\scene.md,D:\onedrive\Documents\GitHub\aspose.org\content\reference.aspose.org\en\3d\typescript\scene.md,table_desc_not_translated,14 cell(s) with no TM cache hit -- needs real translation
reference.aspose.org,3d,he,D:\onedrive\Documents\GitHub\aspose.org\content\reference.aspose.org\he\3d\typescript\scene.md,D:\onedrive\Documents\GitHub\aspose.org\content\reference.aspose.org\en\3d\typescript\scene.md,table_desc_not_translated,14 cell(s) with no TM cache hit -- needs real translation
reference.aspose.org,3d,hi,D:\onedrive\Documents\GitHub\aspose.org\content\reference.aspose.org\hi\3d\typescript\scene.md,D:\onedrive\Documents\GitHub\aspose.org\content\reference.aspose.org\en\3d\typescript\scene.md,table_desc_not_translated,14 cell(s) with no TM cache hit -- needs real translation
reference.aspose.org,3d,ko,D:\onedrive\Documents\GitHub\aspose.org\content\reference.aspose.org\ko\3d\typescript\scene.md,D:\onedrive\Documents\GitHub\aspose.org\content\reference.aspose.org\en\3d\typescript\scene.md,table_desc_not_translated,14 cell(s) with no TM cache hit -- needs real translation
reference.aspose.org,3d,ru,D:\onedrive\Documents\GitHub\aspose.org\content\reference.aspose.org\ru\3d\typescript\scene.md,D:\onedrive\Documents\GitHub\aspose.org\content\reference.aspose.org\en\3d\typescript\scene.md,table_desc_not_translated,14 cell(s) with no TM cache hit -- needs real translation
reference.aspose.org,3d,th,D:\onedrive\Documents\GitHub\aspose.org\content\reference.aspose.org\th\3d\typescript\scene.md,D:\onedrive\Documents\GitHub\aspose.org\content\reference.aspose.org\en\3d\typescript\scene.md,table_desc_not_translated,14 cell(s) with no TM cache hit -- needs real translation
reference.aspose.org,3d,uk,D:\onedrive\Documents\GitHub\aspose.org\content\reference.aspose.org\uk\3d\typescript\scene.md,D:\onedrive\Documents\GitHub\aspose.org\content\reference.aspose.org\en\3d\typescript\scene.md,table_desc_not_translated,14 cell(s) with no TM cache hit -- needs real translation
reference.aspose.org,3d,vi,D:\onedrive\Documents\GitHub\aspose.org\content\reference.aspose.org\vi\3d\typescript\scene.md,D:\onedrive\Documents\GitHub\aspose.org\content\reference.aspose.org\en\3d\typescript\scene.md,table_desc_not_translated,14 cell(s) with no TM cache hit -- needs real translation
reference.aspose.org,3d,zh,D:\onedrive\Documents\GitHub\aspose.org\content\reference.aspose.org\zh\3d\typescript\scene.md,D:\onedrive\Documents\GitHub\aspose.org\content\reference.aspose.org\en\3d\typescript\scene.md,table_desc_not_translated,14 cell(s) with no TM cache hit -- needs real translation
reference.aspose.org,3d,fa,D:\onedrive\Documents\GitHub\aspose.org\content\reference.aspose.org\fa\3d\typescript\vector3.md,D:\onedrive\Documents\GitHub\aspose.org\content\reference.aspose.org\en\3d\typescript\vector3.md,table_desc_not_translated,12 cell(s) with no TM cache hit -- needs real translation
reference.aspose.org,3d,vi,D:\onedrive\Documents\GitHub\aspose.org\content\reference.aspose.org\vi\3d\typescript\vector3.md,D:\onedrive\Documents\GitHub\aspose.org\content\reference.aspose.org\en\3d\typescript\vector3.md,table_desc_not_translated,12 cell(s) with no TM cache hit -- needs real translation
reference.aspose.org,cells,ar,D:\onedrive\Documents\GitHub\aspose.org\content\reference.aspose.org\ar\cells\java\_index.md,D:\onedrive\Documents\GitHub\aspose.org\content\reference.aspose.org\en\cells\java\_index.md,table_desc_not_translated,100 cell(s) with no TM cache hit -- needs real translation
reference.aspose.org,cells,fa,D:\onedrive\Documents\GitHub\aspose.org\content\reference.aspose.org\fa\cells\java\_index.md,D:\onedrive\Documents\GitHub\aspose.org\content\reference.aspose.org\en\cells\java\_index.md,table_desc_not_translated,29 cell(s) with no TM cache hit -- needs real translation
reference.aspose.org,cells,hi,D:\onedrive\Documents\GitHub\aspose.org\content\reference.aspose.org\hi\cells\java\_index.md,D:\onedrive\Documents\GitHub\aspose.org\content\reference.aspose.org\en\cells\java\_index.md,table_desc_not_translated,30 cell(s) with no TM cache hit -- needs real translation
reference.aspose.org,cells,vi,D:\onedrive\Documents\GitHub\aspose.org\content\reference.aspose.org\vi\cells\java\_index.md,D:\onedrive\Documents\GitHub\aspose.org\content\reference.aspose.org\en\cells\java\_index.md,table_desc_not_translated,30 cell(s) with no TM cache hit -- needs real translation
reference.aspose.org,cells,ar,D:\onedrive\Documents\GitHub\aspose.org\content\reference.aspose.org\ar\cells\net\_index.md,D:\onedrive\Documents\GitHub\aspose.org\content\reference.aspose.org\en\cells\net\_index.md,table_desc_not_translated,2 cell(s) with no TM cache hit -- needs real translation
reference.aspose.org,cells,fa,D:\onedrive\Documents\GitHub\aspose.org\content\reference.aspose.org\fa\cells\net\_index.md,D:\onedrive\Documents\GitHub\aspose.org\content\reference.aspose.org\en\cells\net\_index.md,table_desc_not_translated,4 cell(s) with no TM cache hit -- needs real translation
reference.aspose.org,cells,hi,D:\onedrive\Documents\GitHub\aspose.org\content\reference.aspose.org\hi\cells\net\_index.md,D:\onedrive\Documents\GitHub\aspose.org\content\reference.aspose.org\en\cells\net\_index.md,table_desc_not_translated,3 cell(s) with no TM cache hit -- needs real translation
reference.aspose.org,cells,ru,D:\onedrive\Documents\GitHub\aspose.org\content\reference.aspose.org\ru\cells\net\_index.md,D:\onedrive\Documents\GitHub\aspose.org\content\reference.aspose.org\en\cells\net\_index.md,table_desc_not_translated,3 cell(s) with no TM cache hit -- needs real translation
reference.aspose.org,cells,bg,D:\onedrive\Documents\GitHub\aspose.org\content\reference.aspose.org\bg\cells\python\AgileEncryptionParameters.md,D:\onedrive\Documents\GitHub\aspose.org\content\reference.aspose.org\en\cells\python\AgileEncryptionParameters.md,table_desc_not_translated,5 cell(s) with no TM cache hit -- needs real translation
reference.aspose.org,cells,ru,D:\onedrive\Documents\GitHub\aspose.org\content\reference.aspose.org\ru\cells\python\AgileEncryptionParameters.md,D:\onedrive\Documents\GitHub\aspose.org\content\reference.aspose.org\en\cells\python\AgileEncryptionParameters.md,table_desc_not_translated,5 cell(s) with no TM cache hit -- needs real translation
reference.aspose.org,cells,bg,D:\onedrive\Documents\GitHub\aspose.org\content\reference.aspose.org\bg\cells\python\Alignment.md,D:\onedrive\Documents\GitHub\aspose.org\content\reference.aspose.org\en\cells\python\Alignment.md,table_desc_not_translated,4 cell(s) with no TM cache hit -- needs real translation
reference.aspose.org,cells,ru,D:\onedrive\Documents\GitHub\aspose.org\content\reference.aspose.org\ru\cells\python\Alignment.md,D:\onedrive\Documents\GitHub\aspose.org\content\reference.aspose.org\en\cells\python\Alignment.md,table_desc_not_translated,4 cell(s) with no TM cache hit -- needs real translation
reference.aspose.org,cells,bg,D:\onedrive\Documents\GitHub\aspose.org\content\reference.aspose.org\bg\cells\python\Borders.md,D:\onedrive\Documents\GitHub\aspose.org\content\reference.aspose.org\en\cells\python\Borders.md,table_desc_not_translated,2 cell(s) with no TM cache hit -- needs real translation
reference.aspose.org,cells,el,D:\onedrive\Documents\GitHub\aspose.org\content\reference.aspose.org\el\cells\python\Borders.md,D:\onedrive\Documents\GitHub\aspose.org\content\reference.aspose.org\en\cells\python\Borders.md,table_desc_not_translated,2 cell(s) with no TM cache hit -- needs real translation
reference.aspose.org,cells,ru,D:\onedrive\Documents\GitHub\aspose.org\content\reference.aspose.org\ru\cells\python\Borders.md,D:\onedrive\Documents\GitHub\aspose.org\content\reference.aspose.org\en\cells\python\Borders.md,table_desc_not_translated,2 cell(s) with no TM cache hit -- needs real translation
reference.aspose.org,cells,fa,D:\onedrive\Documents\GitHub\aspose.org\content\reference.aspose.org\fa\cells\python\cells.md,D:\onedrive\Documents\GitHub\aspose.org\content\reference.aspose.org\en\cells\python\cells.md,table_desc_not_translated,38 cell(s) with no TM cache hit -- needs real translation
reference.aspose.org,cells,he,D:\onedrive\Documents\GitHub\aspose.org\content\reference.aspose.org\he\cells\python\cells.md,D:\onedrive\Documents\GitHub\aspose.org\content\reference.aspose.org\en\cells\python\cells.md,table_desc_not_translated,38 cell(s) with no TM cache hit -- needs real translation
reference.aspose.org,cells,vi,D:\onedrive\Documents\GitHub\aspose.org\content\reference.aspose.org\vi\cells\python\cells.md,D:\onedrive\Documents\GitHub\aspose.org\content\reference.aspose.org\en\cells\python\cells.md,table_desc_not_translated,38 cell(s) with no TM cache hit -- needs real translation
reference.aspose.org,cells,fa,D:\onedrive\Documents\GitHub\aspose.org\content\reference.aspose.org\fa\cells\python\chart.md,D:\onedrive\Documents\GitHub\aspose.org\content\reference.aspose.org\en\cells\python\chart.md,table_desc_not_translated,33 cell(s) with no TM cache hit -- needs real translation
reference.aspose.org,cells,he,D:\onedrive\Documents\GitHub\aspose.org\content\reference.aspose.org\he\cells\python\chart.md,D:\onedrive\Documents\GitHub\aspose.org\content\reference.aspose.org\en\cells\python\chart.md,table_desc_not_translated,33 cell(s) with no TM cache hit -- needs real translation
reference.aspose.org,cells,hi,D:\onedrive\Documents\GitHub\aspose.org\content\reference.aspose.org\hi\cells\python\chart.md,D:\onedrive\Documents\GitHub\aspose.org\content\reference.aspose.org\en\cells\python\chart.md,table_desc_not_translated,33 cell(s) with no TM cache hit -- needs real translation
reference.aspose.org,cells,ru,D:\onedrive\Documents\GitHub\aspose.org\content\reference.aspose.org\ru\cells\python\chart.md,D:\onedrive\Documents\GitHub\aspose.org\content\reference.aspose.org\en\cells\python\chart.md,table_desc_not_translated,33 cell(s) with no TM cache hit -- needs real translation
reference.aspose.org,cells,th,D:\onedrive\Documents\GitHub\aspose.org\content\reference.aspose.org\th\cells\python\chart.md,D:\onedrive\Documents\GitHub\aspose.org\content\reference.aspose.org\en\cells\python\chart.md,table_desc_not_translated,33 cell(s) with no TM cache hit -- needs real translation
reference.aspose.org,cells,uk,D:\onedrive\Documents\GitHub\aspose.org\content\reference.aspose.org\uk\cells\python\chart.md,D:\onedrive\Documents\GitHub\aspose.org\content\reference.aspose.org\en\cells\python\chart.md,table_desc_not_translated,33 cell(s) with no TM cache hit -- needs real translation
reference.aspose.org,cells,vi,D:\onedrive\Documents\GitHub\aspose.org\content\reference.aspose.org\vi\cells\python\chart.md,D:\onedrive\Documents\GitHub\aspose.org\content\reference.aspose.org\en\cells\python\chart.md,table_desc_not_translated,33 cell(s) with no TM cache hit -- needs real translation
reference.aspose.org,cells,zh,D:\onedrive\Documents\GitHub\aspose.org\content\reference.aspose.org\zh\cells\python\chart.md,D:\onedrive\Documents\GitHub\aspose.org\content\reference.aspose.org\en\cells\python\chart.md,table_desc_not_translated,33 cell(s) with no TM cache hit -- needs real translation
reference.aspose.org,cells,bg,D:\onedrive\Documents\GitHub\aspose.org\content\reference.aspose.org\bg\cells\python\ChartAxis.md,D:\onedrive\Documents\GitHub\aspose.org\content\reference.aspose.org\en\cells\python\ChartAxis.md,table_desc_not_translated,7 cell(s) with no TM cache hit -- needs real translation
reference.aspose.org,cells,ru,D:\onedrive\Documents\GitHub\aspose.org\content\reference.aspose.org\ru\cells\python\ChartAxis.md,D:\onedrive\Documents\GitHub\aspose.org\content\reference.aspose.org\en\cells\python\ChartAxis.md,table_desc_not_translated,7 cell(s) with no TM cache hit -- needs real translation
reference.aspose.org,cells,bg,D:\onedrive\Documents\GitHub\aspose.org\content\reference.aspose.org\bg\cells\python\ChartErrorBars.md,D:\onedrive\Documents\GitHub\aspose.org\content\reference.aspose.org\en\cells\python\ChartErrorBars.md,table_desc_not_translated,6 cell(s) with no TM cache hit -- needs real translation
reference.aspose.org,cells,ru,D:\onedrive\Documents\GitHub\aspose.org\content\reference.aspose.org\ru\cells\python\ChartErrorBars.md,D:\onedrive\Documents\GitHub\aspose.org\content\reference.aspose.org\en\cells\python\ChartErrorBars.md,table_desc_not_translated,6 cell(s) with no TM cache hit -- needs real translation
reference.aspose.org,cells,fa,D:\onedrive\Documents\GitHub\aspose.org\content\reference.aspose.org\fa\cells\python\ChartView3D.md,D:\onedrive\Documents\GitHub\aspose.org\content\reference.aspose.org\en\cells\python\ChartView3D.md,table_desc_not_translated,7 cell(s) with no TM cache hit -- needs real translation
reference.aspose.org,cells,he,D:\onedrive\Documents\GitHub\aspose.org\content\reference.aspose.org\he\cells\python\ChartView3D.md,D:\onedrive\Documents\GitHub\aspose.org\content\reference.aspose.org\en\cells\python\ChartView3D.md,table_desc_not_translated,7 cell(s) with no TM cache hit -- needs real translation
reference.aspose.org,cells,bg,D:\onedrive\Documents\GitHub\aspose.org\content\reference.aspose.org\bg\cells\python\CSVLoadOptions.md,D:\onedrive\Documents\GitHub\aspose.org\content\reference.aspose.org\en\cells\python\CSVLoadOptions.md,table_desc_not_translated,7 cell(s) with no TM cache hit -- needs real translation
reference.aspose.org,cells,el,D:\onedrive\Documents\GitHub\aspose.org\content\reference.aspose.org\el\cells\python\CSVLoadOptions.md,D:\onedrive\Documents\GitHub\aspose.org\content\reference.aspose.org\en\cells\python\CSVLoadOptions.md,table_desc_not_translated,7 cell(s) with no TM cache hit -- needs real translation
reference.aspose.org,cells,fa,D:\onedrive\Documents\GitHub\aspose.org\content\reference.aspose.org\fa\cells\python\CSVLoadOptions.md,D:\onedrive\Documents\GitHub\aspose.org\content\reference.aspose.org\en\cells\python\CSVLoadOptions.md,table_desc_not_translated,7 cell(s) with no TM cache hit -- needs real translation
reference.aspose.org,cells,he,D:\onedrive\Documents\GitHub\aspose.org\content\reference.aspose.org\he\cells\python\CSVLoadOptions.md,D:\onedrive\Documents\GitHub\aspose.org\content\reference.aspose.org\en\cells\python\CSVLoadOptions.md,table_desc_not_translated,7 cell(s) with no TM cache hit -- needs real translation
reference.aspose.org,cells,ru,D:\onedrive\Documents\GitHub\aspose.org\content\reference.aspose.org\ru\cells\python\CSVLoadOptions.md,D:\onedrive\Documents\GitHub\aspose.org\content\reference.aspose.org\en\cells\python\CSVLoadOptions.md,table_desc_not_translated,7 cell(s) with no TM cache hit -- needs real translation
reference.aspose.org,cells,bg,D:\onedrive\Documents\GitHub\aspose.org\content\reference.aspose.org\bg\cells\python\CSVSaveOptions.md,D:\onedrive\Documents\GitHub\aspose.org\content\reference.aspose.org\en\cells\python\CSVSaveOptions.md,table_desc_not_translated,7 cell(s) with no TM cache hit -- needs real translation
reference.aspose.org,cells,fa,D:\onedrive\Documents\GitHub\aspose.org\content\reference.aspose.org\fa\cells\python\CSVSaveOptions.md,D:\onedrive\Documents\GitHub\aspose.org\content\reference.aspose.org\en\cells\python\CSVSaveOptions.md,table_desc_not_translated,7 cell(s) with no TM cache hit -- needs real translation
reference.aspose.org,cells,he,D:\onedrive\Documents\GitHub\aspose.org\content\reference.aspose.org\he\cells\python\CSVSaveOptions.md,D:\onedrive\Documents\GitHub\aspose.org\content\reference.aspose.org\en\cells\python\CSVSaveOptions.md,table_desc_not_translated,7 cell(s) with no TM cache hit -- needs real translation
reference.aspose.org,cells,ru,D:\onedrive\Documents\GitHub\aspose.org\content\reference.aspose.org\ru\cells\python\CSVSaveOptions.md,D:\onedrive\Documents\GitHub\aspose.org\content\reference.aspose.org\en\cells\python\CSVSaveOptions.md,table_desc_not_translated,7 cell(s) with no TM cache hit -- needs real translation
reference.aspose.org,cells,bg,D:\onedrive\Documents\GitHub\aspose.org\content\reference.aspose.org\bg\cells\python\EncryptionParameters.md,D:\onedrive\Documents\GitHub\aspose.org\content\reference.aspose.org\en\cells\python\EncryptionParameters.md,table_desc_not_translated,4 cell(s) with no TM cache hit -- needs real translation
reference.aspose.org,cells,ru,D:\onedrive\Documents\GitHub\aspose.org\content\reference.aspose.org\ru\cells\python\EncryptionParameters.md,D:\onedrive\Documents\GitHub\aspose.org\content\reference.aspose.org\en\cells\python\EncryptionParameters.md,table_desc_not_translated,4 cell(s) with no TM cache hit -- needs real translation
reference.aspose.org,cells,bg,D:\onedrive\Documents\GitHub\aspose.org\content\reference.aspose.org\bg\cells\python\JsonSaveOptions.md,D:\onedrive\Documents\GitHub\aspose.org\content\reference.aspose.org\en\cells\python\JsonSaveOptions.md,table_desc_not_translated,8 cell(s) with no TM cache hit -- needs real translation
reference.aspose.org,cells,el,D:\onedrive\Documents\GitHub\aspose.org\content\reference.aspose.org\el\cells\python\JsonSaveOptions.md,D:\onedrive\Documents\GitHub\aspose.org\content\reference.aspose.org\en\cells\python\JsonSaveOptions.md,table_desc_not_translated,8 cell(s) with no TM cache hit -- needs real translation
reference.aspose.org,cells,ru,D:\onedrive\Documents\GitHub\aspose.org\content\reference.aspose.org\ru\cells\python\JsonSaveOptions.md,D:\onedrive\Documents\GitHub\aspose.org\content\reference.aspose.org\en\cells\python\JsonSaveOptions.md,table_desc_not_translated,8 cell(s) with no TM cache hit -- needs real translation
reference.aspose.org,cells,bg,D:\onedrive\Documents\GitHub\aspose.org\content\reference.aspose.org\bg\cells\python\MarkdownSaveOptions.md,D:\onedrive\Documents\GitHub\aspose.org\content\reference.aspose.org\en\cells\python\MarkdownSaveOptions.md,table_desc_not_translated,21 cell(s) with no TM cache hit -- needs real translation
reference.aspose.org,cells,el,D:\onedrive\Documents\GitHub\aspose.org\content\reference.aspose.org\el\cells\python\MarkdownSaveOptions.md,D:\onedrive\Documents\GitHub\aspose.org\content\reference.aspose.org\en\cells\python\MarkdownSaveOptions.md,table_desc_not_translated,21 cell(s) with no TM cache hit -- needs real translation
reference.aspose.org,cells,ru,D:\onedrive\Documents\GitHub\aspose.org\content\reference.aspose.org\ru\cells\python\MarkdownSaveOptions.md,D:\onedrive\Documents\GitHub\aspose.org\content\reference.aspose.org\en\cells\python\MarkdownSaveOptions.md,table_desc_not_translated,21 cell(s) with no TM cache hit -- needs real translation
reference.aspose.org,cells,bg,D:\onedrive\Documents\GitHub\aspose.org\content\reference.aspose.org\bg\cells\python\MsoFillFormat.md,D:\onedrive\Documents\GitHub\aspose.org\content\reference.aspose.org\en\cells\python\MsoFillFormat.md,table_desc_not_translated,2 cell(s) with no TM cache hit -- needs real translation
reference.aspose.org,cells,ru,D:\onedrive\Documents\GitHub\aspose.org\content\reference.aspose.org\ru\cells\python\MsoFillFormat.md,D:\onedrive\Documents\GitHub\aspose.org\content\reference.aspose.org\en\cells\python\MsoFillFormat.md,table_desc_not_translated,2 cell(s) with no TM cache hit -- needs real translation
reference.aspose.org,cells,bg,D:\onedrive\Documents\GitHub\aspose.org\content\reference.aspose.org\bg\cells\python\MsoLineFormat.md,D:\onedrive\Documents\GitHub\aspose.org\content\reference.aspose.org\en\cells\python\MsoLineFormat.md,table_desc_not_translated,2 cell(s) with no TM cache hit -- needs real translation
reference.aspose.org,cells,ru,D:\onedrive\Documents\GitHub\aspose.org\content\reference.aspose.org\ru\cells\python\MsoLineFormat.md,D:\onedrive\Documents\GitHub\aspose.org\content\reference.aspose.org\en\cells\python\MsoLineFormat.md,table_desc_not_translated,2 cell(s) with no TM cache hit -- needs real translation
reference.aspose.org,cells,fa,D:\onedrive\Documents\GitHub\aspose.org\content\reference.aspose.org\fa\cells\python\shape.md,D:\onedrive\Documents\GitHub\aspose.org\content\reference.aspose.org\en\cells\python\shape.md,table_desc_not_translated,13 cell(s) with no TM cache hit -- needs real translation
reference.aspose.org,cells,he,D:\onedrive\Documents\GitHub\aspose.org\content\reference.aspose.org\he\cells\python\shape.md,D:\onedrive\Documents\GitHub\aspose.org\content\reference.aspose.org\en\cells\python\shape.md,table_desc_not_translated,13 cell(s) with no TM cache hit -- needs real translation
reference.aspose.org,cells,hi,D:\onedrive\Documents\GitHub\aspose.org\content\reference.aspose.org\hi\cells\python\shape.md,D:\onedrive\Documents\GitHub\aspose.org\content\reference.aspose.org\en\cells\python\shape.md,table_desc_not_translated,13 cell(s) with no TM cache hit -- needs real translation
reference.aspose.org,cells,ru,D:\onedrive\Documents\GitHub\aspose.org\content\reference.aspose.org\ru\cells\python\shape.md,D:\onedrive\Documents\GitHub\aspose.org\content\reference.aspose.org\en\cells\python\shape.md,table_desc_not_translated,13 cell(s) with no TM cache hit -- needs real translation
reference.aspose.org,cells,th,D:\onedrive\Documents\GitHub\aspose.org\content\reference.aspose.org\th\cells\python\shape.md,D:\onedrive\Documents\GitHub\aspose.org\content\reference.aspose.org\en\cells\python\shape.md,table_desc_not_translated,13 cell(s) with no TM cache hit -- needs real translation
reference.aspose.org,cells,uk,D:\onedrive\Documents\GitHub\aspose.org\content\reference.aspose.org\uk\cells\python\shape.md,D:\onedrive\Documents\GitHub\aspose.org\content\reference.aspose.org\en\cells\python\shape.md,table_desc_not_translated,13 cell(s) with no TM cache hit -- needs real translation
reference.aspose.org,cells,vi,D:\onedrive\Documents\GitHub\aspose.org\content\reference.aspose.org\vi\cells\python\shape.md,D:\onedrive\Documents\GitHub\aspose.org\content\reference.aspose.org\en\cells\python\shape.md,table_desc_not_translated,13 cell(s) with no TM cache hit -- needs real translation
reference.aspose.org,cells,zh,D:\onedrive\Documents\GitHub\aspose.org\content\reference.aspose.org\zh\cells\python\shape.md,D:\onedrive\Documents\GitHub\aspose.org\content\reference.aspose.org\en\cells\python\shape.md,table_desc_not_translated,13 cell(s) with no TM cache hit -- needs real translation
reference.aspose.org,cells,fa,D:\onedrive\Documents\GitHub\aspose.org\content\reference.aspose.org\fa\cells\python\ShapeCollection.md,D:\onedrive\Documents\GitHub\aspose.org\content\reference.aspose.org\en\cells\python\ShapeCollection.md,table_desc_not_translated,2 cell(s) with no TM cache hit -- needs real translation
reference.aspose.org,cells,fa,D:\onedrive\Documents\GitHub\aspose.org\content\reference.aspose.org\fa\cells\python\sparkline.md,D:\onedrive\Documents\GitHub\aspose.org\content\reference.aspose.org\en\cells\python\sparkline.md,table_desc_not_translated,3 cell(s) with no TM cache hit -- needs real translation
reference.aspose.org,cells,he,D:\onedrive\Documents\GitHub\aspose.org\content\reference.aspose.org\he\cells\python\sparkline.md,D:\onedrive\Documents\GitHub\aspose.org\content\reference.aspose.org\en\cells\python\sparkline.md,table_desc_not_translated,3 cell(s) with no TM cache hit -- needs real translation
reference.aspose.org,cells,hi,D:\onedrive\Documents\GitHub\aspose.org\content\reference.aspose.org\hi\cells\python\sparkline.md,D:\onedrive\Documents\GitHub\aspose.org\content\reference.aspose.org\en\cells\python\sparkline.md,table_desc_not_translated,3 cell(s) with no TM cache hit -- needs real translation
reference.aspose.org,cells,ru,D:\onedrive\Documents\GitHub\aspose.org\content\reference.aspose.org\ru\cells\python\sparkline.md,D:\onedrive\Documents\GitHub\aspose.org\content\reference.aspose.org\en\cells\python\sparkline.md,table_desc_not_translated,3 cell(s) with no TM cache hit -- needs real translation
reference.aspose.org,cells,th,D:\onedrive\Documents\GitHub\aspose.org\content\reference.aspose.org\th\cells\python\sparkline.md,D:\onedrive\Documents\GitHub\aspose.org\content\reference.aspose.org\en\cells\python\sparkline.md,table_desc_not_translated,3 cell(s) with no TM cache hit -- needs real translation
reference.aspose.org,cells,uk,D:\onedrive\Documents\GitHub\aspose.org\content\reference.aspose.org\uk\cells\python\sparkline.md,D:\onedrive\Documents\GitHub\aspose.org\content\reference.aspose.org\en\cells\python\sparkline.md,table_desc_not_translated,3 cell(s) with no TM cache hit -- needs real translation
reference.aspose.org,cells,vi,D:\onedrive\Documents\GitHub\aspose.org\content\reference.aspose.org\vi\cells\python\sparkline.md,D:\onedrive\Documents\GitHub\aspose.org\content\reference.aspose.org\en\cells\python\sparkline.md,table_desc_not_translated,3 cell(s) with no TM cache hit -- needs real translation
reference.aspose.org,cells,bg,D:\onedrive\Documents\GitHub\aspose.org\content\reference.aspose.org\bg\cells\python\SparklineGroup.md,D:\onedrive\Documents\GitHub\aspose.org\content\reference.aspose.org\en\cells\python\SparklineGroup.md,table_desc_not_translated,9 cell(s) with no TM cache hit -- needs real translation
reference.aspose.org,cells,ru,D:\onedrive\Documents\GitHub\aspose.org\content\reference.aspose.org\ru\cells\python\SparklineGroup.md,D:\onedrive\Documents\GitHub\aspose.org\content\reference.aspose.org\en\cells\python\SparklineGroup.md,table_desc_not_translated,9 cell(s) with no TM cache hit -- needs real translation
reference.aspose.org,cells,bg,D:\onedrive\Documents\GitHub\aspose.org\content\reference.aspose.org\bg\cells\python\StandardEncryptionParameters.md,D:\onedrive\Documents\GitHub\aspose.org\content\reference.aspose.org\en\cells\python\StandardEncryptionParameters.md,table_desc_not_translated,5 cell(s) with no TM cache hit -- needs real translation
reference.aspose.org,cells,ru,D:\onedrive\Documents\GitHub\aspose.org\content\reference.aspose.org\ru\cells\python\StandardEncryptionParameters.md,D:\onedrive\Documents\GitHub\aspose.org\content\reference.aspose.org\en\cells\python\StandardEncryptionParameters.md,table_desc_not_translated,5 cell(s) with no TM cache hit -- needs real translation
reference.aspose.org,cells,bg,D:\onedrive\Documents\GitHub\aspose.org\content\reference.aspose.org\bg\cells\python\table.md,D:\onedrive\Documents\GitHub\aspose.org\content\reference.aspose.org\en\cells\python\table.md,table_desc_not_translated,5 cell(s) with no TM cache hit -- needs real translation
reference.aspose.org,cells,fa,D:\onedrive\Documents\GitHub\aspose.org\content\reference.aspose.org\fa\cells\python\table.md,D:\onedrive\Documents\GitHub\aspose.org\content\reference.aspose.org\en\cells\python\table.md,table_desc_not_translated,5 cell(s) with no TM cache hit -- needs real translation
reference.aspose.org,cells,he,D:\onedrive\Documents\GitHub\aspose.org\content\reference.aspose.org\he\cells\python\table.md,D:\onedrive\Documents\GitHub\aspose.org\content\reference.aspose.org\en\cells\python\table.md,table_desc_not_translated,5 cell(s) with no TM cache hit -- needs real translation
reference.aspose.org,cells,hi,D:\onedrive\Documents\GitHub\aspose.org\content\reference.aspose.org\hi\cells\python\table.md,D:\onedrive\Documents\GitHub\aspose.org\content\reference.aspose.org\en\cells\python\table.md,table_desc_not_translated,5 cell(s) with no TM cache hit -- needs real translation
reference.aspose.org,cells,ru,D:\onedrive\Documents\GitHub\aspose.org\content\reference.aspose.org\ru\cells\python\table.md,D:\onedrive\Documents\GitHub\aspose.org\content\reference.aspose.org\en\cells\python\table.md,table_desc_not_translated,5 cell(s) with no TM cache hit -- needs real translation
reference.aspose.org,cells,th,D:\onedrive\Documents\GitHub\aspose.org\content\reference.aspose.org\th\cells\python\table.md,D:\onedrive\Documents\GitHub\aspose.org\content\reference.aspose.org\en\cells\python\table.md,table_desc_not_translated,5 cell(s) with no TM cache hit -- needs real translation
reference.aspose.org,cells,uk,D:\onedrive\Documents\GitHub\aspose.org\content\reference.aspose.org\uk\cells\python\table.md,D:\onedrive\Documents\GitHub\aspose.org\content\reference.aspose.org\en\cells\python\table.md,table_desc_not_translated,5 cell(s) with no TM cache hit -- needs real translation
reference.aspose.org,cells,vi,D:\onedrive\Documents\GitHub\aspose.org\content\reference.aspose.org\vi\cells\python\table.md,D:\onedrive\Documents\GitHub\aspose.org\content\reference.aspose.org\en\cells\python\table.md,table_desc_not_translated,5 cell(s) with no TM cache hit -- needs real translation
reference.aspose.org,cells,zh,D:\onedrive\Documents\GitHub\aspose.org\content\reference.aspose.org\zh\cells\python\table.md,D:\onedrive\Documents\GitHub\aspose.org\content\reference.aspose.org\en\cells\python\table.md,table_desc_not_translated,5 cell(s) with no TM cache hit -- needs real translation
reference.aspose.org,cells,bg,D:\onedrive\Documents\GitHub\aspose.org\content\reference.aspose.org\bg\cells\python\TableColumn.md,D:\onedrive\Documents\GitHub\aspose.org\content\reference.aspose.org\en\cells\python\TableColumn.md,table_desc_not_translated,3 cell(s) with no TM cache hit -- needs real translation
reference.aspose.org,cells,ru,D:\onedrive\Documents\GitHub\aspose.org\content\reference.aspose.org\ru\cells\python\TableColumn.md,D:\onedrive\Documents\GitHub\aspose.org\content\reference.aspose.org\en\cells\python\TableColumn.md,table_desc_not_translated,3 cell(s) with no TM cache hit -- needs real translation
reference.aspose.org,cells,bg,D:\onedrive\Documents\GitHub\aspose.org\content\reference.aspose.org\bg\cells\python\TableStyleInfo.md,D:\onedrive\Documents\GitHub\aspose.org\content\reference.aspose.org\en\cells\python\TableStyleInfo.md,table_desc_not_translated,5 cell(s) with no TM cache hit -- needs real translation
reference.aspose.org,cells,ru,D:\onedrive\Documents\GitHub\aspose.org\content\reference.aspose.org\ru\cells\python\TableStyleInfo.md,D:\onedrive\Documents\GitHub\aspose.org\content\reference.aspose.org\en\cells\python\TableStyleInfo.md,table_desc_not_translated,5 cell(s) with no TM cache hit -- needs real translation
reference.aspose.org,cells,fa,D:\onedrive\Documents\GitHub\aspose.org\content\reference.aspose.org\fa\cells\python\worksheet.md,D:\onedrive\Documents\GitHub\aspose.org\content\reference.aspose.org\en\cells\python\worksheet.md,table_desc_not_translated,37 cell(s) with no TM cache hit -- needs real translation
reference.aspose.org,cells,he,D:\onedrive\Documents\GitHub\aspose.org\content\reference.aspose.org\he\cells\python\worksheet.md,D:\onedrive\Documents\GitHub\aspose.org\content\reference.aspose.org\en\cells\python\worksheet.md,table_desc_not_translated,37 cell(s) with no TM cache hit -- needs real translation
reference.aspose.org,cells,hi,D:\onedrive\Documents\GitHub\aspose.org\content\reference.aspose.org\hi\cells\python\worksheet.md,D:\onedrive\Documents\GitHub\aspose.org\content\reference.aspose.org\en\cells\python\worksheet.md,table_desc_not_translated,37 cell(s) with no TM cache hit -- needs real translation
reference.aspose.org,cells,ru,D:\onedrive\Documents\GitHub\aspose.org\content\reference.aspose.org\ru\cells\python\worksheet.md,D:\onedrive\Documents\GitHub\aspose.org\content\reference.aspose.org\en\cells\python\worksheet.md,table_desc_not_translated,37 cell(s) with no TM cache hit -- needs real translation
reference.aspose.org,cells,th,D:\onedrive\Documents\GitHub\aspose.org\content\reference.aspose.org\th\cells\python\worksheet.md,D:\onedrive\Documents\GitHub\aspose.org\content\reference.aspose.org\en\cells\python\worksheet.md,table_desc_not_translated,37 cell(s) with no TM cache hit -- needs real translation
reference.aspose.org,cells,uk,D:\onedrive\Documents\GitHub\aspose.org\content\reference.aspose.org\uk\cells\python\worksheet.md,D:\onedrive\Documents\GitHub\aspose.org\content\reference.aspose.org\en\cells\python\worksheet.md,table_desc_not_translated,36 cell(s) with no TM cache hit -- needs real translation
reference.aspose.org,cells,vi,D:\onedrive\Documents\GitHub\aspose.org\content\reference.aspose.org\vi\cells\python\worksheet.md,D:\onedrive\Documents\GitHub\aspose.org\content\reference.aspose.org\en\cells\python\worksheet.md,table_desc_not_translated,37 cell(s) with no TM cache hit -- needs real translation
reference.aspose.org,cells,zh,D:\onedrive\Documents\GitHub\aspose.org\content\reference.aspose.org\zh\cells\python\worksheet.md,D:\onedrive\Documents\GitHub\aspose.org\content\reference.aspose.org\en\cells\python\worksheet.md,table_desc_not_translated,37 cell(s) with no TM cache hit -- needs real translation
reference.aspose.org,cells,ar,D:\onedrive\Documents\GitHub\aspose.org\content\reference.aspose.org\ar\cells\typescript\ChartInfo.md,D:\onedrive\Documents\GitHub\aspose.org\content\reference.aspose.org\en\cells\typescript\ChartInfo.md,table_desc_not_translated,4 cell(s) with no TM cache hit -- needs real translation
reference.aspose.org,cells,bg,D:\onedrive\Documents\GitHub\aspose.org\content\reference.aspose.org\bg\cells\typescript\ChartInfo.md,D:\onedrive\Documents\GitHub\aspose.org\content\reference.aspose.org\en\cells\typescript\ChartInfo.md,table_desc_not_translated,4 cell(s) with no TM cache hit -- needs real translation
reference.aspose.org,cells,el,D:\onedrive\Documents\GitHub\aspose.org\content\reference.aspose.org\el\cells\typescript\ChartInfo.md,D:\onedrive\Documents\GitHub\aspose.org\content\reference.aspose.org\en\cells\typescript\ChartInfo.md,table_desc_not_translated,4 cell(s) with no TM cache hit -- needs real translation
reference.aspose.org,cells,he,D:\onedrive\Documents\GitHub\aspose.org\content\reference.aspose.org\he\cells\typescript\ChartInfo.md,D:\onedrive\Documents\GitHub\aspose.org\content\reference.aspose.org\en\cells\typescript\ChartInfo.md,table_desc_not_translated,4 cell(s) with no TM cache hit -- needs real translation
reference.aspose.org,email,bg,D:\onedrive\Documents\GitHub\aspose.org\content\reference.aspose.org\bg\email\cpp\mapi-attachment.md,D:\onedrive\Documents\GitHub\aspose.org\content\reference.aspose.org\en\email\cpp\mapi-attachment.md,table_desc_not_translated,3 cell(s) with no TM cache hit -- needs real translation
reference.aspose.org,email,bg,D:\onedrive\Documents\GitHub\aspose.org\content\reference.aspose.org\bg\email\cpp\mapi-message.md,D:\onedrive\Documents\GitHub\aspose.org\content\reference.aspose.org\en\email\cpp\mapi-message.md,table_desc_not_translated,24 cell(s) with no TM cache hit -- needs real translation
reference.aspose.org,email,bg,D:\onedrive\Documents\GitHub\aspose.org\content\reference.aspose.org\bg\email\cpp\mapi-property.md,D:\onedrive\Documents\GitHub\aspose.org\content\reference.aspose.org\en\email\cpp\mapi-property.md,table_desc_not_translated,3 cell(s) with no TM cache hit -- needs real translation
reference.aspose.org,email,bg,D:\onedrive\Documents\GitHub\aspose.org\content\reference.aspose.org\bg\email\cpp\msg-reader.md,D:\onedrive\Documents\GitHub\aspose.org\content\reference.aspose.org\en\email\cpp\msg-reader.md,table_desc_not_translated,3 cell(s) with no TM cache hit -- needs real translation
reference.aspose.org,email,ar,D:\onedrive\Documents\GitHub\aspose.org\content\reference.aspose.org\ar\email\net\_index.md,D:\onedrive\Documents\GitHub\aspose.org\content\reference.aspose.org\en\email\net\_index.md,table_desc_not_translated,21 cell(s) with no TM cache hit -- needs real translation
reference.aspose.org,email,fa,D:\onedrive\Documents\GitHub\aspose.org\content\reference.aspose.org\fa\email\net\_index.md,D:\onedrive\Documents\GitHub\aspose.org\content\reference.aspose.org\en\email\net\_index.md,table_desc_not_translated,10 cell(s) with no TM cache hit -- needs real translation
reference.aspose.org,email,hi,D:\onedrive\Documents\GitHub\aspose.org\content\reference.aspose.org\hi\email\net\_index.md,D:\onedrive\Documents\GitHub\aspose.org\content\reference.aspose.org\en\email\net\_index.md,table_desc_not_translated,21 cell(s) with no TM cache hit -- needs real translation
reference.aspose.org,email,ru,D:\onedrive\Documents\GitHub\aspose.org\content\reference.aspose.org\ru\email\net\_index.md,D:\onedrive\Documents\GitHub\aspose.org\content\reference.aspose.org\en\email\net\_index.md,table_desc_not_translated,21 cell(s) with no TM cache hit -- needs real translation
reference.aspose.org,email,vi,D:\onedrive\Documents\GitHub\aspose.org\content\reference.aspose.org\vi\email\net\_index.md,D:\onedrive\Documents\GitHub\aspose.org\content\reference.aspose.org\en\email\net\_index.md,table_desc_not_translated,21 cell(s) with no TM cache hit -- needs real translation
reference.aspose.org,email,zh,D:\onedrive\Documents\GitHub\aspose.org\content\reference.aspose.org\zh\email\net\_index.md,D:\onedrive\Documents\GitHub\aspose.org\content\reference.aspose.org\en\email\net\_index.md,table_desc_not_translated,21 cell(s) with no TM cache hit -- needs real translation
reference.aspose.org,font,he,D:\onedrive\Documents\GitHub\aspose.org\content\reference.aspose.org\he\font\python\encode_backward_references_ZopfliNode.md,D:\onedrive\Documents\GitHub\aspose.org\content\reference.aspose.org\en\font\python\encode_backward_references_ZopfliNode.md,table_desc_not_translated,4 cell(s) with no TM cache hit -- needs real translation
reference.aspose.org,note,ar,D:\onedrive\Documents\GitHub\aspose.org\content\reference.aspose.org\ar\note\python\_index.md,D:\onedrive\Documents\GitHub\aspose.org\content\reference.aspose.org\en\note\python\_index.md,table_desc_not_translated,32 cell(s) with no TM cache hit -- needs real translation
reference.aspose.org,note,fa,D:\onedrive\Documents\GitHub\aspose.org\content\reference.aspose.org\fa\note\python\_index.md,D:\onedrive\Documents\GitHub\aspose.org\content\reference.aspose.org\en\note\python\_index.md,table_desc_not_translated,20 cell(s) with no TM cache hit -- needs real translation
reference.aspose.org,note,he,D:\onedrive\Documents\GitHub\aspose.org\content\reference.aspose.org\he\note\python\_index.md,D:\onedrive\Documents\GitHub\aspose.org\content\reference.aspose.org\en\note\python\_index.md,table_desc_not_translated,13 cell(s) with no TM cache hit -- needs real translation
reference.aspose.org,note,hi,D:\onedrive\Documents\GitHub\aspose.org\content\reference.aspose.org\hi\note\python\_index.md,D:\onedrive\Documents\GitHub\aspose.org\content\reference.aspose.org\en\note\python\_index.md,table_desc_not_translated,25 cell(s) with no TM cache hit -- needs real translation
reference.aspose.org,note,ru,D:\onedrive\Documents\GitHub\aspose.org\content\reference.aspose.org\ru\note\python\_index.md,D:\onedrive\Documents\GitHub\aspose.org\content\reference.aspose.org\en\note\python\_index.md,table_desc_not_translated,32 cell(s) with no TM cache hit -- needs real translation
reference.aspose.org,note,vi,D:\onedrive\Documents\GitHub\aspose.org\content\reference.aspose.org\vi\note\python\_index.md,D:\onedrive\Documents\GitHub\aspose.org\content\reference.aspose.org\en\note\python\_index.md,table_desc_not_translated,32 cell(s) with no TM cache hit -- needs real translation
reference.aspose.org,note,zh,D:\onedrive\Documents\GitHub\aspose.org\content\reference.aspose.org\zh\note\python\_index.md,D:\onedrive\Documents\GitHub\aspose.org\content\reference.aspose.org\en\note\python\_index.md,table_desc_not_translated,32 cell(s) with no TM cache hit -- needs real translation
reference.aspose.org,note,bg,D:\onedrive\Documents\GitHub\aspose.org\content\reference.aspose.org\bg\note\python\image.md,D:\onedrive\Documents\GitHub\aspose.org\content\reference.aspose.org\en\note\python\image.md,table_desc_not_translated,13 cell(s) with no TM cache hit -- needs real translation
reference.aspose.org,note,el,D:\onedrive\Documents\GitHub\aspose.org\content\reference.aspose.org\el\note\python\image.md,D:\onedrive\Documents\GitHub\aspose.org\content\reference.aspose.org\en\note\python\image.md,table_desc_not_translated,13 cell(s) with no TM cache hit -- needs real translation
reference.aspose.org,note,fa,D:\onedrive\Documents\GitHub\aspose.org\content\reference.aspose.org\fa\note\python\image.md,D:\onedrive\Documents\GitHub\aspose.org\content\reference.aspose.org\en\note\python\image.md,table_desc_not_translated,13 cell(s) with no TM cache hit -- needs real translation
reference.aspose.org,note,he,D:\onedrive\Documents\GitHub\aspose.org\content\reference.aspose.org\he\note\python\image.md,D:\onedrive\Documents\GitHub\aspose.org\content\reference.aspose.org\en\note\python\image.md,table_desc_not_translated,13 cell(s) with no TM cache hit -- needs real translation
reference.aspose.org,note,hi,D:\onedrive\Documents\GitHub\aspose.org\content\reference.aspose.org\hi\note\python\image.md,D:\onedrive\Documents\GitHub\aspose.org\content\reference.aspose.org\en\note\python\image.md,table_desc_not_translated,13 cell(s) with no TM cache hit -- needs real translation
reference.aspose.org,note,ru,D:\onedrive\Documents\GitHub\aspose.org\content\reference.aspose.org\ru\note\python\image.md,D:\onedrive\Documents\GitHub\aspose.org\content\reference.aspose.org\en\note\python\image.md,table_desc_not_translated,13 cell(s) with no TM cache hit -- needs real translation
reference.aspose.org,note,th,D:\onedrive\Documents\GitHub\aspose.org\content\reference.aspose.org\th\note\python\image.md,D:\onedrive\Documents\GitHub\aspose.org\content\reference.aspose.org\en\note\python\image.md,table_desc_not_translated,13 cell(s) with no TM cache hit -- needs real translation
reference.aspose.org,note,uk,D:\onedrive\Documents\GitHub\aspose.org\content\reference.aspose.org\uk\note\python\image.md,D:\onedrive\Documents\GitHub\aspose.org\content\reference.aspose.org\en\note\python\image.md,table_desc_not_translated,13 cell(s) with no TM cache hit -- needs real translation
reference.aspose.org,note,vi,D:\onedrive\Documents\GitHub\aspose.org\content\reference.aspose.org\vi\note\python\image.md,D:\onedrive\Documents\GitHub\aspose.org\content\reference.aspose.org\en\note\python\image.md,table_desc_not_translated,13 cell(s) with no TM cache hit -- needs real translation
reference.aspose.org,note,zh,D:\onedrive\Documents\GitHub\aspose.org\content\reference.aspose.org\zh\note\python\image.md,D:\onedrive\Documents\GitHub\aspose.org\content\reference.aspose.org\en\note\python\image.md,table_desc_not_translated,13 cell(s) with no TM cache hit -- needs real translation
reference.aspose.org,note,bg,D:\onedrive\Documents\GitHub\aspose.org\content\reference.aspose.org\bg\note\python\PdfSaveOptions.md,D:\onedrive\Documents\GitHub\aspose.org\content\reference.aspose.org\en\note\python\PdfSaveOptions.md,table_desc_not_translated,4 cell(s) with no TM cache hit -- needs real translation
reference.aspose.org,note,ru,D:\onedrive\Documents\GitHub\aspose.org\content\reference.aspose.org\ru\note\python\PdfSaveOptions.md,D:\onedrive\Documents\GitHub\aspose.org\content\reference.aspose.org\en\note\python\PdfSaveOptions.md,table_desc_not_translated,4 cell(s) with no TM cache hit -- needs real translation
reference.aspose.org,note,bg,D:\onedrive\Documents\GitHub\aspose.org\content\reference.aspose.org\bg\note\python\table.md,D:\onedrive\Documents\GitHub\aspose.org\content\reference.aspose.org\en\note\python\table.md,table_desc_not_translated,5 cell(s) with no TM cache hit -- needs real translation
reference.aspose.org,note,el,D:\onedrive\Documents\GitHub\aspose.org\content\reference.aspose.org\el\note\python\table.md,D:\onedrive\Documents\GitHub\aspose.org\content\reference.aspose.org\en\note\python\table.md,table_desc_not_translated,5 cell(s) with no TM cache hit -- needs real translation
reference.aspose.org,note,fa,D:\onedrive\Documents\GitHub\aspose.org\content\reference.aspose.org\fa\note\python\table.md,D:\onedrive\Documents\GitHub\aspose.org\content\reference.aspose.org\en\note\python\table.md,table_desc_not_translated,5 cell(s) with no TM cache hit -- needs real translation
reference.aspose.org,note,he,D:\onedrive\Documents\GitHub\aspose.org\content\reference.aspose.org\he\note\python\table.md,D:\onedrive\Documents\GitHub\aspose.org\content\reference.aspose.org\en\note\python\table.md,table_desc_not_translated,5 cell(s) with no TM cache hit -- needs real translation
reference.aspose.org,note,hi,D:\onedrive\Documents\GitHub\aspose.org\content\reference.aspose.org\hi\note\python\table.md,D:\onedrive\Documents\GitHub\aspose.org\content\reference.aspose.org\en\note\python\table.md,table_desc_not_translated,5 cell(s) with no TM cache hit -- needs real translation
reference.aspose.org,note,ru,D:\onedrive\Documents\GitHub\aspose.org\content\reference.aspose.org\ru\note\python\table.md,D:\onedrive\Documents\GitHub\aspose.org\content\reference.aspose.org\en\note\python\table.md,table_desc_not_translated,5 cell(s) with no TM cache hit -- needs real translation
reference.aspose.org,note,th,D:\onedrive\Documents\GitHub\aspose.org\content\reference.aspose.org\th\note\python\table.md,D:\onedrive\Documents\GitHub\aspose.org\content\reference.aspose.org\en\note\python\table.md,table_desc_not_translated,5 cell(s) with no TM cache hit -- needs real translation
reference.aspose.org,note,uk,D:\onedrive\Documents\GitHub\aspose.org\content\reference.aspose.org\uk\note\python\table.md,D:\onedrive\Documents\GitHub\aspose.org\content\reference.aspose.org\en\note\python\table.md,table_desc_not_translated,5 cell(s) with no TM cache hit -- needs real translation
reference.aspose.org,note,vi,D:\onedrive\Documents\GitHub\aspose.org\content\reference.aspose.org\vi\note\python\table.md,D:\onedrive\Documents\GitHub\aspose.org\content\reference.aspose.org\en\note\python\table.md,table_desc_not_translated,5 cell(s) with no TM cache hit -- needs real translation
reference.aspose.org,note,zh,D:\onedrive\Documents\GitHub\aspose.org\content\reference.aspose.org\zh\note\python\table.md,D:\onedrive\Documents\GitHub\aspose.org\content\reference.aspose.org\en\note\python\table.md,table_desc_not_translated,5 cell(s) with no TM cache hit -- needs real translation
reference.aspose.org,pdf,vi,D:\onedrive\Documents\GitHub\aspose.org\content\reference.aspose.org\vi\pdf\go\Form.md,D:\onedrive\Documents\GitHub\aspose.org\content\reference.aspose.org\en\pdf\go\Form.md,table_desc_not_translated,22 cell(s) with no TM cache hit -- needs real translation
reference.aspose.org,pdf,he,D:\onedrive\Documents\GitHub\aspose.org\content\reference.aspose.org\he\pdf\net\ExtGStateValue.md,D:\onedrive\Documents\GitHub\aspose.org\content\reference.aspose.org\en\pdf\net\ExtGStateValue.md,table_desc_not_translated,2 cell(s) with no TM cache hit -- needs real translation
reference.aspose.org,slides,ar,D:\onedrive\Documents\GitHub\aspose.org\content\reference.aspose.org\ar\slides\cpp\_index.md,D:\onedrive\Documents\GitHub\aspose.org\content\reference.aspose.org\en\slides\cpp\_index.md,table_desc_not_translated,19 cell(s) with no TM cache hit -- needs real translation
reference.aspose.org,slides,ru,D:\onedrive\Documents\GitHub\aspose.org\content\reference.aspose.org\ru\slides\cpp\_index.md,D:\onedrive\Documents\GitHub\aspose.org\content\reference.aspose.org\en\slides\cpp\_index.md,table_desc_not_translated,20 cell(s) with no TM cache hit -- needs real translation
reference.aspose.org,slides,vi,D:\onedrive\Documents\GitHub\aspose.org\content\reference.aspose.org\vi\slides\cpp\_index.md,D:\onedrive\Documents\GitHub\aspose.org\content\reference.aspose.org\en\slides\cpp\_index.md,table_desc_not_translated,23 cell(s) with no TM cache hit -- needs real translation
reference.aspose.org,slides,zh,D:\onedrive\Documents\GitHub\aspose.org\content\reference.aspose.org\zh\slides\cpp\_index.md,D:\onedrive\Documents\GitHub\aspose.org\content\reference.aspose.org\en\slides\cpp\_index.md,table_desc_not_translated,39 cell(s) with no TM cache hit -- needs real translation
reference.aspose.org,slides,ar,D:\onedrive\Documents\GitHub\aspose.org\content\reference.aspose.org\ar\slides\cpp\AdjustValue.md,D:\onedrive\Documents\GitHub\aspose.org\content\reference.aspose.org\en\slides\cpp\AdjustValue.md,table_desc_not_translated,6 cell(s) with no TM cache hit -- needs real translation
reference.aspose.org,slides,bg,D:\onedrive\Documents\GitHub\aspose.org\content\reference.aspose.org\bg\slides\cpp\AdjustValue.md,D:\onedrive\Documents\GitHub\aspose.org\content\reference.aspose.org\en\slides\cpp\AdjustValue.md,table_desc_not_translated,6 cell(s) with no TM cache hit -- needs real translation
reference.aspose.org,slides,ar,D:\onedrive\Documents\GitHub\aspose.org\content\reference.aspose.org\ar\slides\cpp\Cell.md,D:\onedrive\Documents\GitHub\aspose.org\content\reference.aspose.org\en\slides\cpp\Cell.md,table_desc_not_translated,37 cell(s) with no TM cache hit -- needs real translation
reference.aspose.org,slides,bg,D:\onedrive\Documents\GitHub\aspose.org\content\reference.aspose.org\bg\slides\cpp\Cell.md,D:\onedrive\Documents\GitHub\aspose.org\content\reference.aspose.org\en\slides\cpp\Cell.md,table_desc_not_translated,37 cell(s) with no TM cache hit -- needs real translation
reference.aspose.org,slides,ru,D:\onedrive\Documents\GitHub\aspose.org\content\reference.aspose.org\ru\slides\cpp\Cell.md,D:\onedrive\Documents\GitHub\aspose.org\content\reference.aspose.org\en\slides\cpp\Cell.md,table_desc_not_translated,37 cell(s) with no TM cache hit -- needs real translation
reference.aspose.org,slides,bg,D:\onedrive\Documents\GitHub\aspose.org\content\reference.aspose.org\bg\slides\cpp\ColorFormat.md,D:\onedrive\Documents\GitHub\aspose.org\content\reference.aspose.org\en\slides\cpp\ColorFormat.md,table_desc_not_translated,4 cell(s) with no TM cache hit -- needs real translation
reference.aspose.org,slides,ar,D:\onedrive\Documents\GitHub\aspose.org\content\reference.aspose.org\ar\slides\cpp\CommentAuthor.md,D:\onedrive\Documents\GitHub\aspose.org\content\reference.aspose.org\en\slides\cpp\CommentAuthor.md,table_desc_not_translated,7 cell(s) with no TM cache hit -- needs real translation
reference.aspose.org,slides,bg,D:\onedrive\Documents\GitHub\aspose.org\content\reference.aspose.org\bg\slides\cpp\CommentAuthor.md,D:\onedrive\Documents\GitHub\aspose.org\content\reference.aspose.org\en\slides\cpp\CommentAuthor.md,table_desc_not_translated,7 cell(s) with no TM cache hit -- needs real translation
reference.aspose.org,slides,ar,D:\onedrive\Documents\GitHub\aspose.org\content\reference.aspose.org\ar\slides\cpp\ContentTypesManager.md,D:\onedrive\Documents\GitHub\aspose.org\content\reference.aspose.org\en\slides\cpp\ContentTypesManager.md,table_desc_not_translated,6 cell(s) with no TM cache hit -- needs real translation
reference.aspose.org,slides,bg,D:\onedrive\Documents\GitHub\aspose.org\content\reference.aspose.org\bg\slides\cpp\ContentTypesManager.md,D:\onedrive\Documents\GitHub\aspose.org\content\reference.aspose.org\en\slides\cpp\ContentTypesManager.md,table_desc_not_translated,6 cell(s) with no TM cache hit -- needs real translation
reference.aspose.org,slides,ar,D:\onedrive\Documents\GitHub\aspose.org\content\reference.aspose.org\ar\slides\cpp\FontData.md,D:\onedrive\Documents\GitHub\aspose.org\content\reference.aspose.org\en\slides\cpp\FontData.md,table_desc_not_translated,4 cell(s) with no TM cache hit -- needs real translation
reference.aspose.org,slides,bg,D:\onedrive\Documents\GitHub\aspose.org\content\reference.aspose.org\bg\slides\cpp\FontData.md,D:\onedrive\Documents\GitHub\aspose.org\content\reference.aspose.org\en\slides\cpp\FontData.md,table_desc_not_translated,4 cell(s) with no TM cache hit -- needs real translation
reference.aspose.org,slides,ar,D:\onedrive\Documents\GitHub\aspose.org\content\reference.aspose.org\ar\slides\cpp\GraphicalObjectLock.md,D:\onedrive\Documents\GitHub\aspose.org\content\reference.aspose.org\en\slides\cpp\GraphicalObjectLock.md,table_desc_not_translated,9 cell(s) with no TM cache hit -- needs real translation
reference.aspose.org,slides,bg,D:\onedrive\Documents\GitHub\aspose.org\content\reference.aspose.org\bg\slides\cpp\GraphicalObjectLock.md,D:\onedrive\Documents\GitHub\aspose.org\content\reference.aspose.org\en\slides\cpp\GraphicalObjectLock.md,table_desc_not_translated,9 cell(s) with no TM cache hit -- needs real translation
reference.aspose.org,slides,bg,D:\onedrive\Documents\GitHub\aspose.org\content\reference.aspose.org\bg\slides\cpp\ParagraphFormat.md,D:\onedrive\Documents\GitHub\aspose.org\content\reference.aspose.org\en\slides\cpp\ParagraphFormat.md,table_desc_not_translated,24 cell(s) with no TM cache hit -- needs real translation
reference.aspose.org,slides,ru,D:\onedrive\Documents\GitHub\aspose.org\content\reference.aspose.org\ru\slides\cpp\ParagraphFormat.md,D:\onedrive\Documents\GitHub\aspose.org\content\reference.aspose.org\en\slides\cpp\ParagraphFormat.md,table_desc_not_translated,24 cell(s) with no TM cache hit -- needs real translation
reference.aspose.org,slides,ar,D:\onedrive\Documents\GitHub\aspose.org\content\reference.aspose.org\ar\slides\cpp\Picture.md,D:\onedrive\Documents\GitHub\aspose.org\content\reference.aspose.org\en\slides\cpp\Picture.md,table_desc_not_translated,11 cell(s) with no TM cache hit -- needs real translation
reference.aspose.org,slides,bg,D:\onedrive\Documents\GitHub\aspose.org\content\reference.aspose.org\bg\slides\cpp\Picture.md,D:\onedrive\Documents\GitHub\aspose.org\content\reference.aspose.org\en\slides\cpp\Picture.md,table_desc_not_translated,11 cell(s) with no TM cache hit -- needs real translation
reference.aspose.org,slides,ar,D:\onedrive\Documents\GitHub\aspose.org\content\reference.aspose.org\ar\slides\cpp\Row.md,D:\onedrive\Documents\GitHub\aspose.org\content\reference.aspose.org\en\slides\cpp\Row.md,table_desc_not_translated,13 cell(s) with no TM cache hit -- needs real translation
reference.aspose.org,slides,ru,D:\onedrive\Documents\GitHub\aspose.org\content\reference.aspose.org\ru\slides\cpp\Row.md,D:\onedrive\Documents\GitHub\aspose.org\content\reference.aspose.org\en\slides\cpp\Row.md,table_desc_not_translated,13 cell(s) with no TM cache hit -- needs real translation
reference.aspose.org,slides,hi,D:\onedrive\Documents\GitHub\aspose.org\content\reference.aspose.org\hi\slides\cpp\Shape.md,D:\onedrive\Documents\GitHub\aspose.org\content\reference.aspose.org\en\slides\cpp\Shape.md,table_desc_not_translated,56 cell(s) with no TM cache hit -- needs real translation
reference.aspose.org,slides,vi,D:\onedrive\Documents\GitHub\aspose.org\content\reference.aspose.org\vi\slides\cpp\Shape.md,D:\onedrive\Documents\GitHub\aspose.org\content\reference.aspose.org\en\slides\cpp\Shape.md,table_desc_not_translated,56 cell(s) with no TM cache hit -- needs real translation
reference.aspose.org,slides,he,D:\onedrive\Documents\GitHub\aspose.org\content\reference.aspose.org\he\slides\cpp\Slide.md,D:\onedrive\Documents\GitHub\aspose.org\content\reference.aspose.org\en\slides\cpp\Slide.md,table_desc_not_translated,24 cell(s) with no TM cache hit -- needs real translation
reference.aspose.org,slides,hi,D:\onedrive\Documents\GitHub\aspose.org\content\reference.aspose.org\hi\slides\cpp\Slide.md,D:\onedrive\Documents\GitHub\aspose.org\content\reference.aspose.org\en\slides\cpp\Slide.md,table_desc_not_translated,24 cell(s) with no TM cache hit -- needs real translation
reference.aspose.org,slides,ru,D:\onedrive\Documents\GitHub\aspose.org\content\reference.aspose.org\ru\slides\cpp\Slide.md,D:\onedrive\Documents\GitHub\aspose.org\content\reference.aspose.org\en\slides\cpp\Slide.md,table_desc_not_translated,24 cell(s) with no TM cache hit -- needs real translation
reference.aspose.org,slides,uk,D:\onedrive\Documents\GitHub\aspose.org\content\reference.aspose.org\uk\slides\cpp\Slide.md,D:\onedrive\Documents\GitHub\aspose.org\content\reference.aspose.org\en\slides\cpp\Slide.md,table_desc_not_translated,24 cell(s) with no TM cache hit -- needs real translation
reference.aspose.org,slides,vi,D:\onedrive\Documents\GitHub\aspose.org\content\reference.aspose.org\vi\slides\cpp\Slide.md,D:\onedrive\Documents\GitHub\aspose.org\content\reference.aspose.org\en\slides\cpp\Slide.md,table_desc_not_translated,24 cell(s) with no TM cache hit -- needs real translation
reference.aspose.org,slides,ar,D:\onedrive\Documents\GitHub\aspose.org\content\reference.aspose.org\ar\slides\cpp\SlidePart.md,D:\onedrive\Documents\GitHub\aspose.org\content\reference.aspose.org\en\slides\cpp\SlidePart.md,table_desc_not_translated,7 cell(s) with no TM cache hit -- needs real translation
reference.aspose.org,slides,bg,D:\onedrive\Documents\GitHub\aspose.org\content\reference.aspose.org\bg\slides\cpp\SlidePart.md,D:\onedrive\Documents\GitHub\aspose.org\content\reference.aspose.org\en\slides\cpp\SlidePart.md,table_desc_not_translated,7 cell(s) with no TM cache hit -- needs real translation
reference.aspose.org,slides,hi,D:\onedrive\Documents\GitHub\aspose.org\content\reference.aspose.org\hi\slides\cpp\Table.md,D:\onedrive\Documents\GitHub\aspose.org\content\reference.aspose.org\en\slides\cpp\Table.md,table_desc_not_translated,43 cell(s) with no TM cache hit -- needs real translation
reference.aspose.org,slides,vi,D:\onedrive\Documents\GitHub\aspose.org\content\reference.aspose.org\vi\slides\cpp\Table.md,D:\onedrive\Documents\GitHub\aspose.org\content\reference.aspose.org\en\slides\cpp\Table.md,table_desc_not_translated,43 cell(s) with no TM cache hit -- needs real translation
reference.aspose.org,slides,bg,D:\onedrive\Documents\GitHub\aspose.org\content\reference.aspose.org\bg\slides\cpp\TextFrame.md,D:\onedrive\Documents\GitHub\aspose.org\content\reference.aspose.org\en\slides\cpp\TextFrame.md,table_desc_not_translated,12 cell(s) with no TM cache hit -- needs real translation
reference.aspose.org,slides,bg,D:\onedrive\Documents\GitHub\aspose.org\content\reference.aspose.org\bg\slides\cpp\TextFrameFormat.md,D:\onedrive\Documents\GitHub\aspose.org\content\reference.aspose.org\en\slides\cpp\TextFrameFormat.md,table_desc_not_translated,42 cell(s) with no TM cache hit -- needs real translation
reference.aspose.org,slides,zh,D:\onedrive\Documents\GitHub\aspose.org\content\reference.aspose.org\zh\slides\java\_index.md,D:\onedrive\Documents\GitHub\aspose.org\content\reference.aspose.org\en\slides\java\_index.md,table_desc_not_translated,31 cell(s) with no TM cache hit -- needs real translation
reference.aspose.org,slides,hi,D:\onedrive\Documents\GitHub\aspose.org\content\reference.aspose.org\hi\slides\java\BaseHandoutNotesSlideHeaderFooterManager.md,D:\onedrive\Documents\GitHub\aspose.org\content\reference.aspose.org\en\slides\java\BaseHandoutNotesSlideHeaderFooterManager.md,table_desc_not_translated,14 cell(s) with no TM cache hit -- needs real translation
reference.aspose.org,slides,vi,D:\onedrive\Documents\GitHub\aspose.org\content\reference.aspose.org\vi\slides\java\BaseHandoutNotesSlideHeaderFooterManager.md,D:\onedrive\Documents\GitHub\aspose.org\content\reference.aspose.org\en\slides\java\BaseHandoutNotesSlideHeaderFooterManager.md,table_desc_not_translated,14 cell(s) with no TM cache hit -- needs real translation
reference.aspose.org,slides,ar,D:\onedrive\Documents\GitHub\aspose.org\content\reference.aspose.org\ar\slides\java\CommentAuthorCollection.md,D:\onedrive\Documents\GitHub\aspose.org\content\reference.aspose.org\en\slides\java\CommentAuthorCollection.md,table_desc_not_translated,7 cell(s) with no TM cache hit -- needs real translation
reference.aspose.org,slides,bg,D:\onedrive\Documents\GitHub\aspose.org\content\reference.aspose.org\bg\slides\java\CommentData.md,D:\onedrive\Documents\GitHub\aspose.org\content\reference.aspose.org\en\slides\java\CommentData.md,table_desc_not_translated,9 cell(s) with no TM cache hit -- needs real translation
reference.aspose.org,slides,ar,D:\onedrive\Documents\GitHub\aspose.org\content\reference.aspose.org\ar\slides\java\IGlobalLayoutSlideCollection.md,D:\onedrive\Documents\GitHub\aspose.org\content\reference.aspose.org\en\slides\java\IGlobalLayoutSlideCollection.md,table_desc_not_translated,3 cell(s) with no TM cache hit -- needs real translation
reference.aspose.org,slides,bg,D:\onedrive\Documents\GitHub\aspose.org\content\reference.aspose.org\bg\slides\java\IGlobalLayoutSlideCollection.md,D:\onedrive\Documents\GitHub\aspose.org\content\reference.aspose.org\en\slides\java\IGlobalLayoutSlideCollection.md,table_desc_not_translated,3 cell(s) with no TM cache hit -- needs real translation
reference.aspose.org,slides,ar,D:\onedrive\Documents\GitHub\aspose.org\content\reference.aspose.org\ar\slides\java\IMasterLayoutSlideCollection.md,D:\onedrive\Documents\GitHub\aspose.org\content\reference.aspose.org\en\slides\java\IMasterLayoutSlideCollection.md,table_desc_not_translated,3 cell(s) with no TM cache hit -- needs real translation
reference.aspose.org,slides,bg,D:\onedrive\Documents\GitHub\aspose.org\content\reference.aspose.org\bg\slides\java\IMasterLayoutSlideCollection.md,D:\onedrive\Documents\GitHub\aspose.org\content\reference.aspose.org\en\slides\java\IMasterLayoutSlideCollection.md,table_desc_not_translated,3 cell(s) with no TM cache hit -- needs real translation
reference.aspose.org,slides,ar,D:\onedrive\Documents\GitHub\aspose.org\content\reference.aspose.org\ar\slides\java\IPortionFormat.md,D:\onedrive\Documents\GitHub\aspose.org\content\reference.aspose.org\en\slides\java\IPortionFormat.md,table_desc_not_translated,66 cell(s) with no TM cache hit -- needs real translation
reference.aspose.org,slides,ru,D:\onedrive\Documents\GitHub\aspose.org\content\reference.aspose.org\ru\slides\java\IPortionFormat.md,D:\onedrive\Documents\GitHub\aspose.org\content\reference.aspose.org\en\slides\java\IPortionFormat.md,table_desc_not_translated,66 cell(s) with no TM cache hit -- needs real translation
reference.aspose.org,slides,fa,D:\onedrive\Documents\GitHub\aspose.org\content\reference.aspose.org\fa\slides\java\layout-master.md,D:\onedrive\Documents\GitHub\aspose.org\content\reference.aspose.org\en\slides\java\layout-master.md,table_desc_not_translated,6 cell(s) with no TM cache hit -- needs real translation
reference.aspose.org,slides,he,D:\onedrive\Documents\GitHub\aspose.org\content\reference.aspose.org\he\slides\java\layout-master.md,D:\onedrive\Documents\GitHub\aspose.org\content\reference.aspose.org\en\slides\java\layout-master.md,table_desc_not_translated,6 cell(s) with no TM cache hit -- needs real translation
reference.aspose.org,slides,zh,D:\onedrive\Documents\GitHub\aspose.org\content\reference.aspose.org\zh\slides\net\_index.md,D:\onedrive\Documents\GitHub\aspose.org\content\reference.aspose.org\en\slides\net\_index.md,table_desc_not_translated,28 cell(s) with no TM cache hit -- needs real translation
reference.aspose.org,slides,vi,D:\onedrive\Documents\GitHub\aspose.org\content\reference.aspose.org\vi\slides\net\AutoShape.md,D:\onedrive\Documents\GitHub\aspose.org\content\reference.aspose.org\en\slides\net\AutoShape.md,table_desc_not_translated,23 cell(s) with no TM cache hit -- needs real translation
reference.aspose.org,slides,zh,D:\onedrive\Documents\GitHub\aspose.org\content\reference.aspose.org\zh\slides\net\AutoShape.md,D:\onedrive\Documents\GitHub\aspose.org\content\reference.aspose.org\en\slides\net\AutoShape.md,table_desc_not_translated,23 cell(s) with no TM cache hit -- needs real translation
reference.aspose.org,slides,bg,D:\onedrive\Documents\GitHub\aspose.org\content\reference.aspose.org\bg\slides\net\FillBlendMode.md,D:\onedrive\Documents\GitHub\aspose.org\content\reference.aspose.org\en\slides\net\FillBlendMode.md,table_desc_not_translated,4 cell(s) with no TM cache hit -- needs real translation
reference.aspose.org,slides,bg,D:\onedrive\Documents\GitHub\aspose.org\content\reference.aspose.org\bg\slides\net\FillType.md,D:\onedrive\Documents\GitHub\aspose.org\content\reference.aspose.org\en\slides\net\FillType.md,table_desc_not_translated,7 cell(s) with no TM cache hit -- needs real translation
reference.aspose.org,slides,bg,D:\onedrive\Documents\GitHub\aspose.org\content\reference.aspose.org\bg\slides\net\FontAlignment.md,D:\onedrive\Documents\GitHub\aspose.org\content\reference.aspose.org\en\slides\net\FontAlignment.md,table_desc_not_translated,4 cell(s) with no TM cache hit -- needs real translation
reference.aspose.org,slides,bg,D:\onedrive\Documents\GitHub\aspose.org\content\reference.aspose.org\bg\slides\net\GradientDirection.md,D:\onedrive\Documents\GitHub\aspose.org\content\reference.aspose.org\en\slides\net\GradientDirection.md,table_desc_not_translated,3 cell(s) with no TM cache hit -- needs real translation
reference.aspose.org,slides,bg,D:\onedrive\Documents\GitHub\aspose.org\content\reference.aspose.org\bg\slides\net\GradientShape.md,D:\onedrive\Documents\GitHub\aspose.org\content\reference.aspose.org\en\slides\net\GradientShape.md,table_desc_not_translated,4 cell(s) with no TM cache hit -- needs real translation
reference.aspose.org,slides,ar,D:\onedrive\Documents\GitHub\aspose.org\content\reference.aspose.org\ar\slides\net\IPortionFormat.md,D:\onedrive\Documents\GitHub\aspose.org\content\reference.aspose.org\en\slides\net\IPortionFormat.md,table_desc_not_translated,25 cell(s) with no TM cache hit -- needs real translation
reference.aspose.org,slides,ar,D:\onedrive\Documents\GitHub\aspose.org\content\reference.aspose.org\ar\slides\python\_index.md,D:\onedrive\Documents\GitHub\aspose.org\content\reference.aspose.org\en\slides\python\_index.md,table_desc_not_translated,15 cell(s) with no TM cache hit -- needs real translation
reference.aspose.org,slides,bg,D:\onedrive\Documents\GitHub\aspose.org\content\reference.aspose.org\bg\slides\python\_index.md,D:\onedrive\Documents\GitHub\aspose.org\content\reference.aspose.org\en\slides\python\_index.md,table_desc_not_translated,15 cell(s) with no TM cache hit -- needs real translation
reference.aspose.org,slides,el,D:\onedrive\Documents\GitHub\aspose.org\content\reference.aspose.org\el\slides\python\_index.md,D:\onedrive\Documents\GitHub\aspose.org\content\reference.aspose.org\en\slides\python\_index.md,table_desc_not_translated,9 cell(s) with no TM cache hit -- needs real translation
reference.aspose.org,slides,fa,D:\onedrive\Documents\GitHub\aspose.org\content\reference.aspose.org\fa\slides\python\_index.md,D:\onedrive\Documents\GitHub\aspose.org\content\reference.aspose.org\en\slides\python\_index.md,table_desc_not_translated,16 cell(s) with no TM cache hit -- needs real translation
reference.aspose.org,slides,he,D:\onedrive\Documents\GitHub\aspose.org\content\reference.aspose.org\he\slides\python\_index.md,D:\onedrive\Documents\GitHub\aspose.org\content\reference.aspose.org\en\slides\python\_index.md,table_desc_not_translated,9 cell(s) with no TM cache hit -- needs real translation
reference.aspose.org,slides,hi,D:\onedrive\Documents\GitHub\aspose.org\content\reference.aspose.org\hi\slides\python\_index.md,D:\onedrive\Documents\GitHub\aspose.org\content\reference.aspose.org\en\slides\python\_index.md,table_desc_not_translated,33 cell(s) with no TM cache hit -- needs real translation
reference.aspose.org,slides,ru,D:\onedrive\Documents\GitHub\aspose.org\content\reference.aspose.org\ru\slides\python\_index.md,D:\onedrive\Documents\GitHub\aspose.org\content\reference.aspose.org\en\slides\python\_index.md,table_desc_not_translated,29 cell(s) with no TM cache hit -- needs real translation
reference.aspose.org,slides,ar,D:\onedrive\Documents\GitHub\aspose.org\content\reference.aspose.org\ar\slides\python\AppPropertiesPart.md,D:\onedrive\Documents\GitHub\aspose.org\content\reference.aspose.org\en\slides\python\AppPropertiesPart.md,table_desc_not_translated,15 cell(s) with no TM cache hit -- needs real translation
reference.aspose.org,slides,bg,D:\onedrive\Documents\GitHub\aspose.org\content\reference.aspose.org\bg\slides\python\AppPropertiesPart.md,D:\onedrive\Documents\GitHub\aspose.org\content\reference.aspose.org\en\slides\python\AppPropertiesPart.md,table_desc_not_translated,15 cell(s) with no TM cache hit -- needs real translation
reference.aspose.org,slides,ru,D:\onedrive\Documents\GitHub\aspose.org\content\reference.aspose.org\ru\slides\python\Connector.md,D:\onedrive\Documents\GitHub\aspose.org\content\reference.aspose.org\en\slides\python\Connector.md,table_desc_not_translated,26 cell(s) with no TM cache hit -- needs real translation
reference.aspose.org,slides,ar,D:\onedrive\Documents\GitHub\aspose.org\content\reference.aspose.org\ar\slides\python\CorePropertiesPart.md,D:\onedrive\Documents\GitHub\aspose.org\content\reference.aspose.org\en\slides\python\CorePropertiesPart.md,table_desc_not_translated,10 cell(s) with no TM cache hit -- needs real translation
reference.aspose.org,slides,bg,D:\onedrive\Documents\GitHub\aspose.org\content\reference.aspose.org\bg\slides\python\CorePropertiesPart.md,D:\onedrive\Documents\GitHub\aspose.org\content\reference.aspose.org\en\slides\python\CorePropertiesPart.md,table_desc_not_translated,10 cell(s) with no TM cache hit -- needs real translation
reference.aspose.org,slides,bg,D:\onedrive\Documents\GitHub\aspose.org\content\reference.aspose.org\bg\slides\python\LightingDirection.md,D:\onedrive\Documents\GitHub\aspose.org\content\reference.aspose.org\en\slides\python\LightingDirection.md,table_desc_not_translated,8 cell(s) with no TM cache hit -- needs real translation
reference.aspose.org,words,ar,D:\onedrive\Documents\GitHub\aspose.org\content\reference.aspose.org\ar\words\python\_index.md,D:\onedrive\Documents\GitHub\aspose.org\content\reference.aspose.org\en\words\python\_index.md,table_desc_not_translated,40 cell(s) with no TM cache hit -- needs real translation
reference.aspose.org,words,bg,D:\onedrive\Documents\GitHub\aspose.org\content\reference.aspose.org\bg\words\python\_index.md,D:\onedrive\Documents\GitHub\aspose.org\content\reference.aspose.org\en\words\python\_index.md,table_desc_not_translated,40 cell(s) with no TM cache hit -- needs real translation
reference.aspose.org,words,el,D:\onedrive\Documents\GitHub\aspose.org\content\reference.aspose.org\el\words\python\_index.md,D:\onedrive\Documents\GitHub\aspose.org\content\reference.aspose.org\en\words\python\_index.md,table_desc_not_translated,17 cell(s) with no TM cache hit -- needs real translation
reference.aspose.org,words,ja,D:\onedrive\Documents\GitHub\aspose.org\content\reference.aspose.org\ja\words\python\_index.md,D:\onedrive\Documents\GitHub\aspose.org\content\reference.aspose.org\en\words\python\_index.md,table_desc_not_translated,81 cell(s) with no TM cache hit -- needs real translation
reference.aspose.org,words,ko,D:\onedrive\Documents\GitHub\aspose.org\content\reference.aspose.org\ko\words\python\_index.md,D:\onedrive\Documents\GitHub\aspose.org\content\reference.aspose.org\en\words\python\_index.md,table_desc_not_translated,37 cell(s) with no TM cache hit -- needs real translation
reference.aspose.org,words,th,D:\onedrive\Documents\GitHub\aspose.org\content\reference.aspose.org\th\words\python\_index.md,D:\onedrive\Documents\GitHub\aspose.org\content\reference.aspose.org\en\words\python\_index.md,table_desc_not_translated,27 cell(s) with no TM cache hit -- needs real translation
reference.aspose.org,words,uk,D:\onedrive\Documents\GitHub\aspose.org\content\reference.aspose.org\uk\words\python\_index.md,D:\onedrive\Documents\GitHub\aspose.org\content\reference.aspose.org\en\words\python\_index.md,table_desc_not_translated,28 cell(s) with no TM cache hit -- needs real translation
reference.aspose.org,words,vi,D:\onedrive\Documents\GitHub\aspose.org\content\reference.aspose.org\vi\words\python\_index.md,D:\onedrive\Documents\GitHub\aspose.org\content\reference.aspose.org\en\words\python\_index.md,table_desc_not_translated,27 cell(s) with no TM cache hit -- needs real translation
reference.aspose.org,words,zh,D:\onedrive\Documents\GitHub\aspose.org\content\reference.aspose.org\zh\words\python\_index.md,D:\onedrive\Documents\GitHub\aspose.org\content\reference.aspose.org\en\words\python\_index.md,table_desc_not_translated,30 cell(s) with no TM cache hit -- needs real translation
reference.aspose.org,words,ar,D:\onedrive\Documents\GitHub\aspose.org\content\reference.aspose.org\ar\words\python\DocFileReader.md,D:\onedrive\Documents\GitHub\aspose.org\content\reference.aspose.org\en\words\python\DocFileReader.md,table_desc_not_translated,2 cell(s) with no TM cache hit -- needs real translation
reference.aspose.org,words,bg,D:\onedrive\Documents\GitHub\aspose.org\content\reference.aspose.org\bg\words\python\DocFileReader.md,D:\onedrive\Documents\GitHub\aspose.org\content\reference.aspose.org\en\words\python\DocFileReader.md,table_desc_not_translated,2 cell(s) with no TM cache hit -- needs real translation
