site_id,family,locale,file_path,en_path,issue_type,backlog_reason
blog.aspose.org,3d,ar,D:\onedrive\Documents\GitHub\aspose.org\content\blog.aspose.org\3d\typescript\introducing-aspose-3d-foss-for-typescript\index.ar.md,D:\onedrive\Documents\GitHub\aspose.org\content\blog.aspose.org\3d\typescript\introducing-aspose-3d-foss-for-typescript\index.md,link_path_corrupted,"no exact reverse-match for: ['/kb/3d/typescript/how-to-export-gltf-in-typescript/', '/kb/3d/typescript/how-to-load-3d-models-in-typescript/']"
blog.aspose.org,3d,bg,D:\onedrive\Documents\GitHub\aspose.org\content\blog.aspose.org\3d\typescript\introducing-aspose-3d-foss-for-typescript\index.bg.md,D:\onedrive\Documents\GitHub\aspose.org\content\blog.aspose.org\3d\typescript\introducing-aspose-3d-foss-for-typescript\index.md,link_path_corrupted,"no exact reverse-match for: ['/kb/3d/typescript/how-to-export-gltf-in-typescript/', '/kb/3d/typescript/how-to-load-3d-models-in-typescript/']"
blog.aspose.org,3d,ca,D:\onedrive\Documents\GitHub\aspose.org\content\blog.aspose.org\3d\typescript\introducing-aspose-3d-foss-for-typescript\index.ca.md,D:\onedrive\Documents\GitHub\aspose.org\content\blog.aspose.org\3d\typescript\introducing-aspose-3d-foss-for-typescript\index.md,link_path_corrupted,"no exact reverse-match for: ['/kb/3d/typescript/how-to-export-gltf-in-typescript/', '/kb/3d/typescript/how-to-load-3d-models-in-typescript/']"
blog.aspose.org,3d,cs,D:\onedrive\Documents\GitHub\aspose.org\content\blog.aspose.org\3d\typescript\introducing-aspose-3d-foss-for-typescript\index.cs.md,D:\onedrive\Documents\GitHub\aspose.org\content\blog.aspose.org\3d\typescript\introducing-aspose-3d-foss-for-typescript\index.md,link_path_corrupted,"no exact reverse-match for: ['/kb/3d/typescript/how-to-export-gltf-in-typescript/', '/kb/3d/typescript/how-to-load-3d-models-in-typescript/']"
blog.aspose.org,3d,da,D:\onedrive\Documents\GitHub\aspose.org\content\blog.aspose.org\3d\typescript\introducing-aspose-3d-foss-for-typescript\index.da.md,D:\onedrive\Documents\GitHub\aspose.org\content\blog.aspose.org\3d\typescript\introducing-aspose-3d-foss-for-typescript\index.md,link_path_corrupted,"no exact reverse-match for: ['/kb/3d/typescript/how-to-export-gltf-in-typescript/', '/kb/3d/typescript/how-to-load-3d-models-in-typescript/']"
blog.aspose.org,3d,de,D:\onedrive\Documents\GitHub\aspose.org\content\blog.aspose.org\3d\typescript\introducing-aspose-3d-foss-for-typescript\index.de.md,D:\onedrive\Documents\GitHub\aspose.org\content\blog.aspose.org\3d\typescript\introducing-aspose-3d-foss-for-typescript\index.md,link_path_corrupted,"no exact reverse-match for: ['/kb/3d/typescript/how-to-export-gltf-in-typescript/', '/kb/3d/typescript/how-to-load-3d-models-in-typescript/']"
blog.aspose.org,3d,el,D:\onedrive\Documents\GitHub\aspose.org\content\blog.aspose.org\3d\typescript\introducing-aspose-3d-foss-for-typescript\index.el.md,D:\onedrive\Documents\GitHub\aspose.org\content\blog.aspose.org\3d\typescript\introducing-aspose-3d-foss-for-typescript\index.md,link_path_corrupted,"no exact reverse-match for: ['/kb/3d/typescript/how-to-export-gltf-in-typescript/', '/kb/3d/typescript/how-to-load-3d-models-in-typescript/']"
blog.aspose.org,3d,es,D:\onedrive\Documents\GitHub\aspose.org\content\blog.aspose.org\3d\typescript\introducing-aspose-3d-foss-for-typescript\index.es.md,D:\onedrive\Documents\GitHub\aspose.org\content\blog.aspose.org\3d\typescript\introducing-aspose-3d-foss-for-typescript\index.md,link_path_corrupted,"no exact reverse-match for: ['/kb/3d/typescript/how-to-export-gltf-in-typescript/', '/kb/3d/typescript/how-to-load-3d-models-in-typescript/']"
blog.aspose.org,3d,fa,D:\onedrive\Documents\GitHub\aspose.org\content\blog.aspose.org\3d\typescript\introducing-aspose-3d-foss-for-typescript\index.fa.md,D:\onedrive\Documents\GitHub\aspose.org\content\blog.aspose.org\3d\typescript\introducing-aspose-3d-foss-for-typescript\index.md,link_path_corrupted,"no exact reverse-match for: ['/kb/3d/typescript/how-to-export-gltf-in-typescript/', '/kb/3d/typescript/how-to-load-3d-models-in-typescript/']"
blog.aspose.org,3d,fi,D:\onedrive\Documents\GitHub\aspose.org\content\blog.aspose.org\3d\typescript\introducing-aspose-3d-foss-for-typescript\index.fi.md,D:\onedrive\Documents\GitHub\aspose.org\content\blog.aspose.org\3d\typescript\introducing-aspose-3d-foss-for-typescript\index.md,link_path_corrupted,"no exact reverse-match for: ['/kb/3d/typescript/how-to-export-gltf-in-typescript/', '/kb/3d/typescript/how-to-load-3d-models-in-typescript/']"
blog.aspose.org,3d,fr,D:\onedrive\Documents\GitHub\aspose.org\content\blog.aspose.org\3d\typescript\introducing-aspose-3d-foss-for-typescript\index.fr.md,D:\onedrive\Documents\GitHub\aspose.org\content\blog.aspose.org\3d\typescript\introducing-aspose-3d-foss-for-typescript\index.md,link_path_corrupted,"no exact reverse-match for: ['/kb/3d/typescript/how-to-export-gltf-in-typescript/', '/kb/3d/typescript/how-to-load-3d-models-in-typescript/']"
blog.aspose.org,3d,he,D:\onedrive\Documents\GitHub\aspose.org\content\blog.aspose.org\3d\typescript\introducing-aspose-3d-foss-for-typescript\index.he.md,D:\onedrive\Documents\GitHub\aspose.org\content\blog.aspose.org\3d\typescript\introducing-aspose-3d-foss-for-typescript\index.md,link_path_corrupted,"no exact reverse-match for: ['/kb/3d/typescript/how-to-export-gltf-in-typescript/', '/kb/3d/typescript/how-to-load-3d-models-in-typescript/']"
blog.aspose.org,3d,hi,D:\onedrive\Documents\GitHub\aspose.org\content\blog.aspose.org\3d\typescript\introducing-aspose-3d-foss-for-typescript\index.hi.md,D:\onedrive\Documents\GitHub\aspose.org\content\blog.aspose.org\3d\typescript\introducing-aspose-3d-foss-for-typescript\index.md,link_path_corrupted,"no exact reverse-match for: ['/kb/3d/typescript/how-to-export-gltf-in-typescript/', '/kb/3d/typescript/how-to-load-3d-models-in-typescript/']"
blog.aspose.org,3d,hr,D:\onedrive\Documents\GitHub\aspose.org\content\blog.aspose.org\3d\typescript\introducing-aspose-3d-foss-for-typescript\index.hr.md,D:\onedrive\Documents\GitHub\aspose.org\content\blog.aspose.org\3d\typescript\introducing-aspose-3d-foss-for-typescript\index.md,link_path_corrupted,"no exact reverse-match for: ['/kb/3d/typescript/how-to-export-gltf-in-typescript/', '/kb/3d/typescript/how-to-load-3d-models-in-typescript/']"
blog.aspose.org,3d,hu,D:\onedrive\Documents\GitHub\aspose.org\content\blog.aspose.org\3d\typescript\introducing-aspose-3d-foss-for-typescript\index.hu.md,D:\onedrive\Documents\GitHub\aspose.org\content\blog.aspose.org\3d\typescript\introducing-aspose-3d-foss-for-typescript\index.md,link_path_corrupted,"no exact reverse-match for: ['/kb/3d/typescript/how-to-export-gltf-in-typescript/', '/kb/3d/typescript/how-to-load-3d-models-in-typescript/']"
blog.aspose.org,3d,id,D:\onedrive\Documents\GitHub\aspose.org\content\blog.aspose.org\3d\typescript\introducing-aspose-3d-foss-for-typescript\index.id.md,D:\onedrive\Documents\GitHub\aspose.org\content\blog.aspose.org\3d\typescript\introducing-aspose-3d-foss-for-typescript\index.md,link_path_corrupted,"no exact reverse-match for: ['/kb/3d/typescript/how-to-export-gltf-in-typescript/', '/kb/3d/typescript/how-to-load-3d-models-in-typescript/']"
blog.aspose.org,3d,it,D:\onedrive\Documents\GitHub\aspose.org\content\blog.aspose.org\3d\typescript\introducing-aspose-3d-foss-for-typescript\index.it.md,D:\onedrive\Documents\GitHub\aspose.org\content\blog.aspose.org\3d\typescript\introducing-aspose-3d-foss-for-typescript\index.md,link_path_corrupted,"no exact reverse-match for: ['/kb/3d/typescript/how-to-export-gltf-in-typescript/', '/kb/3d/typescript/how-to-load-3d-models-in-typescript/']"
blog.aspose.org,3d,ja,D:\onedrive\Documents\GitHub\aspose.org\content\blog.aspose.org\3d\typescript\introducing-aspose-3d-foss-for-typescript\index.ja.md,D:\onedrive\Documents\GitHub\aspose.org\content\blog.aspose.org\3d\typescript\introducing-aspose-3d-foss-for-typescript\index.md,link_path_corrupted,"no exact reverse-match for: ['/kb/3d/typescript/how-to-export-gltf-in-typescript/', '/kb/3d/typescript/how-to-load-3d-models-in-typescript/']"
blog.aspose.org,3d,ko,D:\onedrive\Documents\GitHub\aspose.org\content\blog.aspose.org\3d\typescript\introducing-aspose-3d-foss-for-typescript\index.ko.md,D:\onedrive\Documents\GitHub\aspose.org\content\blog.aspose.org\3d\typescript\introducing-aspose-3d-foss-for-typescript\index.md,link_path_corrupted,"no exact reverse-match for: ['/kb/3d/typescript/how-to-export-gltf-in-typescript/', '/kb/3d/typescript/how-to-load-3d-models-in-typescript/']"
blog.aspose.org,3d,lt,D:\onedrive\Documents\GitHub\aspose.org\content\blog.aspose.org\3d\typescript\introducing-aspose-3d-foss-for-typescript\index.lt.md,D:\onedrive\Documents\GitHub\aspose.org\content\blog.aspose.org\3d\typescript\introducing-aspose-3d-foss-for-typescript\index.md,link_path_corrupted,"no exact reverse-match for: ['/kb/3d/typescript/how-to-export-gltf-in-typescript/', '/kb/3d/typescript/how-to-load-3d-models-in-typescript/']"
blog.aspose.org,3d,lv,D:\onedrive\Documents\GitHub\aspose.org\content\blog.aspose.org\3d\typescript\introducing-aspose-3d-foss-for-typescript\index.lv.md,D:\onedrive\Documents\GitHub\aspose.org\content\blog.aspose.org\3d\typescript\introducing-aspose-3d-foss-for-typescript\index.md,link_path_corrupted,"no exact reverse-match for: ['/kb/3d/typescript/how-to-export-gltf-in-typescript/', '/kb/3d/typescript/how-to-load-3d-models-in-typescript/']"
blog.aspose.org,3d,ms,D:\onedrive\Documents\GitHub\aspose.org\content\blog.aspose.org\3d\typescript\introducing-aspose-3d-foss-for-typescript\index.ms.md,D:\onedrive\Documents\GitHub\aspose.org\content\blog.aspose.org\3d\typescript\introducing-aspose-3d-foss-for-typescript\index.md,link_path_corrupted,"no exact reverse-match for: ['/kb/3d/typescript/how-to-export-gltf-in-typescript/', '/kb/3d/typescript/how-to-load-3d-models-in-typescript/']"
blog.aspose.org,3d,nl,D:\onedrive\Documents\GitHub\aspose.org\content\blog.aspose.org\3d\typescript\introducing-aspose-3d-foss-for-typescript\index.nl.md,D:\onedrive\Documents\GitHub\aspose.org\content\blog.aspose.org\3d\typescript\introducing-aspose-3d-foss-for-typescript\index.md,link_path_corrupted,"no exact reverse-match for: ['/kb/3d/typescript/how-to-export-gltf-in-typescript/', '/kb/3d/typescript/how-to-load-3d-models-in-typescript/']"
blog.aspose.org,3d,no,D:\onedrive\Documents\GitHub\aspose.org\content\blog.aspose.org\3d\typescript\introducing-aspose-3d-foss-for-typescript\index.no.md,D:\onedrive\Documents\GitHub\aspose.org\content\blog.aspose.org\3d\typescript\introducing-aspose-3d-foss-for-typescript\index.md,link_path_corrupted,"no exact reverse-match for: ['/kb/3d/typescript/how-to-export-gltf-in-typescript/', '/kb/3d/typescript/how-to-load-3d-models-in-typescript/']"
blog.aspose.org,3d,pl,D:\onedrive\Documents\GitHub\aspose.org\content\blog.aspose.org\3d\typescript\introducing-aspose-3d-foss-for-typescript\index.pl.md,D:\onedrive\Documents\GitHub\aspose.org\content\blog.aspose.org\3d\typescript\introducing-aspose-3d-foss-for-typescript\index.md,link_path_corrupted,"no exact reverse-match for: ['/kb/3d/typescript/how-to-export-gltf-in-typescript/', '/kb/3d/typescript/how-to-load-3d-models-in-typescript/']"
blog.aspose.org,3d,pt,D:\onedrive\Documents\GitHub\aspose.org\content\blog.aspose.org\3d\typescript\introducing-aspose-3d-foss-for-typescript\index.pt.md,D:\onedrive\Documents\GitHub\aspose.org\content\blog.aspose.org\3d\typescript\introducing-aspose-3d-foss-for-typescript\index.md,link_path_corrupted,"no exact reverse-match for: ['/kb/3d/typescript/how-to-export-gltf-in-typescript/', '/kb/3d/typescript/how-to-load-3d-models-in-typescript/']"
blog.aspose.org,3d,ro,D:\onedrive\Documents\GitHub\aspose.org\content\blog.aspose.org\3d\typescript\introducing-aspose-3d-foss-for-typescript\index.ro.md,D:\onedrive\Documents\GitHub\aspose.org\content\blog.aspose.org\3d\typescript\introducing-aspose-3d-foss-for-typescript\index.md,link_path_corrupted,"no exact reverse-match for: ['/kb/3d/typescript/how-to-export-gltf-in-typescript/', '/kb/3d/typescript/how-to-load-3d-models-in-typescript/']"
blog.aspose.org,3d,ru,D:\onedrive\Documents\GitHub\aspose.org\content\blog.aspose.org\3d\typescript\introducing-aspose-3d-foss-for-typescript\index.ru.md,D:\onedrive\Documents\GitHub\aspose.org\content\blog.aspose.org\3d\typescript\introducing-aspose-3d-foss-for-typescript\index.md,link_path_corrupted,"no exact reverse-match for: ['/kb/3d/typescript/how-to-export-gltf-in-typescript/', '/kb/3d/typescript/how-to-load-3d-models-in-typescript/']"
blog.aspose.org,3d,sk,D:\onedrive\Documents\GitHub\aspose.org\content\blog.aspose.org\3d\typescript\introducing-aspose-3d-foss-for-typescript\index.sk.md,D:\onedrive\Documents\GitHub\aspose.org\content\blog.aspose.org\3d\typescript\introducing-aspose-3d-foss-for-typescript\index.md,link_path_corrupted,"no exact reverse-match for: ['/kb/3d/typescript/how-to-export-gltf-in-typescript/', '/kb/3d/typescript/how-to-load-3d-models-in-typescript/']"
blog.aspose.org,3d,sr,D:\onedrive\Documents\GitHub\aspose.org\content\blog.aspose.org\3d\typescript\introducing-aspose-3d-foss-for-typescript\index.sr.md,D:\onedrive\Documents\GitHub\aspose.org\content\blog.aspose.org\3d\typescript\introducing-aspose-3d-foss-for-typescript\index.md,link_path_corrupted,"no exact reverse-match for: ['/kb/3d/typescript/how-to-export-gltf-in-typescript/', '/kb/3d/typescript/how-to-load-3d-models-in-typescript/']"
blog.aspose.org,3d,sv,D:\onedrive\Documents\GitHub\aspose.org\content\blog.aspose.org\3d\typescript\introducing-aspose-3d-foss-for-typescript\index.sv.md,D:\onedrive\Documents\GitHub\aspose.org\content\blog.aspose.org\3d\typescript\introducing-aspose-3d-foss-for-typescript\index.md,link_path_corrupted,"no exact reverse-match for: ['/kb/3d/typescript/how-to-export-gltf-in-typescript/', '/kb/3d/typescript/how-to-load-3d-models-in-typescript/']"
blog.aspose.org,3d,th,D:\onedrive\Documents\GitHub\aspose.org\content\blog.aspose.org\3d\typescript\introducing-aspose-3d-foss-for-typescript\index.th.md,D:\onedrive\Documents\GitHub\aspose.org\content\blog.aspose.org\3d\typescript\introducing-aspose-3d-foss-for-typescript\index.md,link_path_corrupted,"no exact reverse-match for: ['/kb/3d/typescript/how-to-export-gltf-in-typescript/', '/kb/3d/typescript/how-to-load-3d-models-in-typescript/']"
blog.aspose.org,3d,tr,D:\onedrive\Documents\GitHub\aspose.org\content\blog.aspose.org\3d\typescript\introducing-aspose-3d-foss-for-typescript\index.tr.md,D:\onedrive\Documents\GitHub\aspose.org\content\blog.aspose.org\3d\typescript\introducing-aspose-3d-foss-for-typescript\index.md,link_path_corrupted,"no exact reverse-match for: ['/kb/3d/typescript/how-to-export-gltf-in-typescript/', '/kb/3d/typescript/how-to-load-3d-models-in-typescript/']"
blog.aspose.org,3d,uk,D:\onedrive\Documents\GitHub\aspose.org\content\blog.aspose.org\3d\typescript\introducing-aspose-3d-foss-for-typescript\index.uk.md,D:\onedrive\Documents\GitHub\aspose.org\content\blog.aspose.org\3d\typescript\introducing-aspose-3d-foss-for-typescript\index.md,link_path_corrupted,"no exact reverse-match for: ['/kb/3d/typescript/how-to-export-gltf-in-typescript/', '/kb/3d/typescript/how-to-load-3d-models-in-typescript/']"
blog.aspose.org,3d,vi,D:\onedrive\Documents\GitHub\aspose.org\content\blog.aspose.org\3d\typescript\introducing-aspose-3d-foss-for-typescript\index.vi.md,D:\onedrive\Documents\GitHub\aspose.org\content\blog.aspose.org\3d\typescript\introducing-aspose-3d-foss-for-typescript\index.md,link_path_corrupted,"no exact reverse-match for: ['/kb/3d/typescript/how-to-export-gltf-in-typescript/', '/kb/3d/typescript/how-to-load-3d-models-in-typescript/']"
blog.aspose.org,3d,zh,D:\onedrive\Documents\GitHub\aspose.org\content\blog.aspose.org\3d\typescript\introducing-aspose-3d-foss-for-typescript\index.zh.md,D:\onedrive\Documents\GitHub\aspose.org\content\blog.aspose.org\3d\typescript\introducing-aspose-3d-foss-for-typescript\index.md,link_path_corrupted,"no exact reverse-match for: ['/kb/3d/typescript/how-to-export-gltf-in-typescript/', '/kb/3d/typescript/how-to-load-3d-models-in-typescript/']"
docs.aspose.org,cells,ar,D:\onedrive\Documents\GitHub\aspose.org\content\docs.aspose.org\ar\cells\java\getting-started\installation.md,D:\onedrive\Documents\GitHub\aspose.org\content\docs.aspose.org\en\cells\java\getting-started\installation.md,link_path_corrupted,"no exact reverse-match for: ['././developer-guide/', './quickstart/']"
docs.aspose.org,cells,bg,D:\onedrive\Documents\GitHub\aspose.org\content\docs.aspose.org\bg\cells\java\getting-started\installation.md,D:\onedrive\Documents\GitHub\aspose.org\content\docs.aspose.org\en\cells\java\getting-started\installation.md,link_path_corrupted,"no exact reverse-match for: ['././developer-guide/', './quickstart/']"
docs.aspose.org,cells,ca,D:\onedrive\Documents\GitHub\aspose.org\content\docs.aspose.org\ca\cells\java\getting-started\installation.md,D:\onedrive\Documents\GitHub\aspose.org\content\docs.aspose.org\en\cells\java\getting-started\installation.md,link_path_corrupted,"no exact reverse-match for: ['././developer-guide/', './quickstart/']"
docs.aspose.org,cells,cs,D:\onedrive\Documents\GitHub\aspose.org\content\docs.aspose.org\cs\cells\java\getting-started\installation.md,D:\onedrive\Documents\GitHub\aspose.org\content\docs.aspose.org\en\cells\java\getting-started\installation.md,link_path_corrupted,"no exact reverse-match for: ['././developer-guide/', './quickstart/']"
docs.aspose.org,cells,da,D:\onedrive\Documents\GitHub\aspose.org\content\docs.aspose.org\da\cells\java\getting-started\installation.md,D:\onedrive\Documents\GitHub\aspose.org\content\docs.aspose.org\en\cells\java\getting-started\installation.md,link_path_corrupted,"no exact reverse-match for: ['././developer-guide/', './quickstart/']"
docs.aspose.org,cells,el,D:\onedrive\Documents\GitHub\aspose.org\content\docs.aspose.org\el\cells\java\getting-started\installation.md,D:\onedrive\Documents\GitHub\aspose.org\content\docs.aspose.org\en\cells\java\getting-started\installation.md,link_path_corrupted,"no exact reverse-match for: ['././developer-guide/', './quickstart/']"
docs.aspose.org,cells,es,D:\onedrive\Documents\GitHub\aspose.org\content\docs.aspose.org\es\cells\java\getting-started\installation.md,D:\onedrive\Documents\GitHub\aspose.org\content\docs.aspose.org\en\cells\java\getting-started\installation.md,link_path_corrupted,"no exact reverse-match for: ['././developer-guide/', './quickstart/']"
docs.aspose.org,cells,fa,D:\onedrive\Documents\GitHub\aspose.org\content\docs.aspose.org\fa\cells\java\getting-started\installation.md,D:\onedrive\Documents\GitHub\aspose.org\content\docs.aspose.org\en\cells\java\getting-started\installation.md,link_path_corrupted,"no exact reverse-match for: ['././developer-guide/', './quickstart/']"
docs.aspose.org,cells,fi,D:\onedrive\Documents\GitHub\aspose.org\content\docs.aspose.org\fi\cells\java\getting-started\installation.md,D:\onedrive\Documents\GitHub\aspose.org\content\docs.aspose.org\en\cells\java\getting-started\installation.md,link_path_corrupted,"no exact reverse-match for: ['././developer-guide/', './quickstart/']"
docs.aspose.org,cells,fr,D:\onedrive\Documents\GitHub\aspose.org\content\docs.aspose.org\fr\cells\java\getting-started\installation.md,D:\onedrive\Documents\GitHub\aspose.org\content\docs.aspose.org\en\cells\java\getting-started\installation.md,link_path_corrupted,"no exact reverse-match for: ['././developer-guide/', './quickstart/']"
docs.aspose.org,cells,he,D:\onedrive\Documents\GitHub\aspose.org\content\docs.aspose.org\he\cells\java\getting-started\installation.md,D:\onedrive\Documents\GitHub\aspose.org\content\docs.aspose.org\en\cells\java\getting-started\installation.md,link_path_corrupted,"no exact reverse-match for: ['././developer-guide/', './quickstart/']"
docs.aspose.org,cells,hi,D:\onedrive\Documents\GitHub\aspose.org\content\docs.aspose.org\hi\cells\java\getting-started\installation.md,D:\onedrive\Documents\GitHub\aspose.org\content\docs.aspose.org\en\cells\java\getting-started\installation.md,link_path_corrupted,"no exact reverse-match for: ['././developer-guide/', './quickstart/']"
docs.aspose.org,cells,hu,D:\onedrive\Documents\GitHub\aspose.org\content\docs.aspose.org\hu\cells\java\getting-started\installation.md,D:\onedrive\Documents\GitHub\aspose.org\content\docs.aspose.org\en\cells\java\getting-started\installation.md,link_path_corrupted,"no exact reverse-match for: ['././developer-guide/', './quickstart/']"
docs.aspose.org,cells,id,D:\onedrive\Documents\GitHub\aspose.org\content\docs.aspose.org\id\cells\java\getting-started\installation.md,D:\onedrive\Documents\GitHub\aspose.org\content\docs.aspose.org\en\cells\java\getting-started\installation.md,link_path_corrupted,"no exact reverse-match for: ['././developer-guide/', './quickstart/']"
docs.aspose.org,cells,it,D:\onedrive\Documents\GitHub\aspose.org\content\docs.aspose.org\it\cells\java\getting-started\installation.md,D:\onedrive\Documents\GitHub\aspose.org\content\docs.aspose.org\en\cells\java\getting-started\installation.md,link_path_corrupted,"no exact reverse-match for: ['././developer-guide/', './quickstart/']"
docs.aspose.org,cells,ja,D:\onedrive\Documents\GitHub\aspose.org\content\docs.aspose.org\ja\cells\java\getting-started\installation.md,D:\onedrive\Documents\GitHub\aspose.org\content\docs.aspose.org\en\cells\java\getting-started\installation.md,link_path_corrupted,"no exact reverse-match for: ['././developer-guide/', './quickstart/']"
docs.aspose.org,cells,ko,D:\onedrive\Documents\GitHub\aspose.org\content\docs.aspose.org\ko\cells\java\getting-started\installation.md,D:\onedrive\Documents\GitHub\aspose.org\content\docs.aspose.org\en\cells\java\getting-started\installation.md,link_path_corrupted,"no exact reverse-match for: ['././developer-guide/', './quickstart/']"
docs.aspose.org,cells,lt,D:\onedrive\Documents\GitHub\aspose.org\content\docs.aspose.org\lt\cells\java\getting-started\installation.md,D:\onedrive\Documents\GitHub\aspose.org\content\docs.aspose.org\en\cells\java\getting-started\installation.md,link_path_corrupted,"no exact reverse-match for: ['././developer-guide/', './quickstart/']"
docs.aspose.org,cells,lv,D:\onedrive\Documents\GitHub\aspose.org\content\docs.aspose.org\lv\cells\java\getting-started\installation.md,D:\onedrive\Documents\GitHub\aspose.org\content\docs.aspose.org\en\cells\java\getting-started\installation.md,link_path_corrupted,"no exact reverse-match for: ['././developer-guide/', './quickstart/']"
docs.aspose.org,cells,ms,D:\onedrive\Documents\GitHub\aspose.org\content\docs.aspose.org\ms\cells\java\getting-started\installation.md,D:\onedrive\Documents\GitHub\aspose.org\content\docs.aspose.org\en\cells\java\getting-started\installation.md,link_path_corrupted,"no exact reverse-match for: ['././developer-guide/', './quickstart/']"
docs.aspose.org,cells,nl,D:\onedrive\Documents\GitHub\aspose.org\content\docs.aspose.org\nl\cells\java\getting-started\installation.md,D:\onedrive\Documents\GitHub\aspose.org\content\docs.aspose.org\en\cells\java\getting-started\installation.md,link_path_corrupted,"no exact reverse-match for: ['././developer-guide/', './quickstart/']"
docs.aspose.org,cells,no,D:\onedrive\Documents\GitHub\aspose.org\content\docs.aspose.org\no\cells\java\getting-started\installation.md,D:\onedrive\Documents\GitHub\aspose.org\content\docs.aspose.org\en\cells\java\getting-started\installation.md,link_path_corrupted,"no exact reverse-match for: ['././developer-guide/', './quickstart/']"
docs.aspose.org,cells,pl,D:\onedrive\Documents\GitHub\aspose.org\content\docs.aspose.org\pl\cells\java\getting-started\installation.md,D:\onedrive\Documents\GitHub\aspose.org\content\docs.aspose.org\en\cells\java\getting-started\installation.md,link_path_corrupted,"no exact reverse-match for: ['././developer-guide/', './quickstart/']"
docs.aspose.org,cells,pt,D:\onedrive\Documents\GitHub\aspose.org\content\docs.aspose.org\pt\cells\java\getting-started\installation.md,D:\onedrive\Documents\GitHub\aspose.org\content\docs.aspose.org\en\cells\java\getting-started\installation.md,link_path_corrupted,"no exact reverse-match for: ['././developer-guide/', './quickstart/']"
docs.aspose.org,cells,ro,D:\onedrive\Documents\GitHub\aspose.org\content\docs.aspose.org\ro\cells\java\getting-started\installation.md,D:\onedrive\Documents\GitHub\aspose.org\content\docs.aspose.org\en\cells\java\getting-started\installation.md,link_path_corrupted,"no exact reverse-match for: ['././developer-guide/', './quickstart/']"
docs.aspose.org,cells,ru,D:\onedrive\Documents\GitHub\aspose.org\content\docs.aspose.org\ru\cells\java\getting-started\installation.md,D:\onedrive\Documents\GitHub\aspose.org\content\docs.aspose.org\en\cells\java\getting-started\installation.md,link_path_corrupted,"no exact reverse-match for: ['././developer-guide/', './quickstart/']"
docs.aspose.org,cells,sk,D:\onedrive\Documents\GitHub\aspose.org\content\docs.aspose.org\sk\cells\java\getting-started\installation.md,D:\onedrive\Documents\GitHub\aspose.org\content\docs.aspose.org\en\cells\java\getting-started\installation.md,link_path_corrupted,"no exact reverse-match for: ['././developer-guide/', './quickstart/']"
docs.aspose.org,cells,sr,D:\onedrive\Documents\GitHub\aspose.org\content\docs.aspose.org\sr\cells\java\getting-started\installation.md,D:\onedrive\Documents\GitHub\aspose.org\content\docs.aspose.org\en\cells\java\getting-started\installation.md,link_path_corrupted,"no exact reverse-match for: ['././developer-guide/', './quickstart/']"
docs.aspose.org,cells,sv,D:\onedrive\Documents\GitHub\aspose.org\content\docs.aspose.org\sv\cells\java\getting-started\installation.md,D:\onedrive\Documents\GitHub\aspose.org\content\docs.aspose.org\en\cells\java\getting-started\installation.md,link_path_corrupted,"no exact reverse-match for: ['././developer-guide/', './quickstart/']"
docs.aspose.org,cells,th,D:\onedrive\Documents\GitHub\aspose.org\content\docs.aspose.org\th\cells\java\getting-started\installation.md,D:\onedrive\Documents\GitHub\aspose.org\content\docs.aspose.org\en\cells\java\getting-started\installation.md,link_path_corrupted,"no exact reverse-match for: ['././developer-guide/', './quickstart/']"
docs.aspose.org,cells,tr,D:\onedrive\Documents\GitHub\aspose.org\content\docs.aspose.org\tr\cells\java\getting-started\installation.md,D:\onedrive\Documents\GitHub\aspose.org\content\docs.aspose.org\en\cells\java\getting-started\installation.md,link_path_corrupted,"no exact reverse-match for: ['././developer-guide/', './quickstart/']"
docs.aspose.org,cells,uk,D:\onedrive\Documents\GitHub\aspose.org\content\docs.aspose.org\uk\cells\java\getting-started\installation.md,D:\onedrive\Documents\GitHub\aspose.org\content\docs.aspose.org\en\cells\java\getting-started\installation.md,link_path_corrupted,"no exact reverse-match for: ['././developer-guide/', './quickstart/']"
docs.aspose.org,cells,vi,D:\onedrive\Documents\GitHub\aspose.org\content\docs.aspose.org\vi\cells\java\getting-started\installation.md,D:\onedrive\Documents\GitHub\aspose.org\content\docs.aspose.org\en\cells\java\getting-started\installation.md,link_path_corrupted,"no exact reverse-match for: ['././developer-guide/', './quickstart/']"
docs.aspose.org,cells,zh,D:\onedrive\Documents\GitHub\aspose.org\content\docs.aspose.org\zh\cells\java\getting-started\installation.md,D:\onedrive\Documents\GitHub\aspose.org\content\docs.aspose.org\en\cells\java\getting-started\installation.md,link_path_corrupted,"no exact reverse-match for: ['././developer-guide/', './quickstart/']"
docs.aspose.org,cells,ar,D:\onedrive\Documents\GitHub\aspose.org\content\docs.aspose.org\ar\cells\java\getting-started\quickstart.md,D:\onedrive\Documents\GitHub\aspose.org\content\docs.aspose.org\en\cells\java\getting-started\quickstart.md,link_path_corrupted,"no exact reverse-match for: ['./installation/', '././developer-guide/']"
docs.aspose.org,cells,bg,D:\onedrive\Documents\GitHub\aspose.org\content\docs.aspose.org\bg\cells\java\getting-started\quickstart.md,D:\onedrive\Documents\GitHub\aspose.org\content\docs.aspose.org\en\cells\java\getting-started\quickstart.md,link_path_corrupted,"no exact reverse-match for: ['./installation/', '././developer-guide/']"
docs.aspose.org,cells,ca,D:\onedrive\Documents\GitHub\aspose.org\content\docs.aspose.org\ca\cells\java\getting-started\quickstart.md,D:\onedrive\Documents\GitHub\aspose.org\content\docs.aspose.org\en\cells\java\getting-started\quickstart.md,link_path_corrupted,"no exact reverse-match for: ['./installation/', '././developer-guide/']"
docs.aspose.org,cells,cs,D:\onedrive\Documents\GitHub\aspose.org\content\docs.aspose.org\cs\cells\java\getting-started\quickstart.md,D:\onedrive\Documents\GitHub\aspose.org\content\docs.aspose.org\en\cells\java\getting-started\quickstart.md,link_path_corrupted,"no exact reverse-match for: ['./installation/', '././developer-guide/']"
docs.aspose.org,cells,da,D:\onedrive\Documents\GitHub\aspose.org\content\docs.aspose.org\da\cells\java\getting-started\quickstart.md,D:\onedrive\Documents\GitHub\aspose.org\content\docs.aspose.org\en\cells\java\getting-started\quickstart.md,link_path_corrupted,"no exact reverse-match for: ['./installation/', '././developer-guide/']"
docs.aspose.org,cells,de,D:\onedrive\Documents\GitHub\aspose.org\content\docs.aspose.org\de\cells\java\getting-started\quickstart.md,D:\onedrive\Documents\GitHub\aspose.org\content\docs.aspose.org\en\cells\java\getting-started\quickstart.md,link_path_corrupted,"no exact reverse-match for: ['./installation/', '././developer-guide/']"
docs.aspose.org,cells,el,D:\onedrive\Documents\GitHub\aspose.org\content\docs.aspose.org\el\cells\java\getting-started\quickstart.md,D:\onedrive\Documents\GitHub\aspose.org\content\docs.aspose.org\en\cells\java\getting-started\quickstart.md,link_path_corrupted,"no exact reverse-match for: ['./installation/', '././developer-guide/']"
docs.aspose.org,cells,es,D:\onedrive\Documents\GitHub\aspose.org\content\docs.aspose.org\es\cells\java\getting-started\quickstart.md,D:\onedrive\Documents\GitHub\aspose.org\content\docs.aspose.org\en\cells\java\getting-started\quickstart.md,link_path_corrupted,"no exact reverse-match for: ['./installation/', '././developer-guide/']"
docs.aspose.org,cells,fa,D:\onedrive\Documents\GitHub\aspose.org\content\docs.aspose.org\fa\cells\java\getting-started\quickstart.md,D:\onedrive\Documents\GitHub\aspose.org\content\docs.aspose.org\en\cells\java\getting-started\quickstart.md,link_path_corrupted,"no exact reverse-match for: ['./installation/', '././developer-guide/']"
docs.aspose.org,cells,fi,D:\onedrive\Documents\GitHub\aspose.org\content\docs.aspose.org\fi\cells\java\getting-started\quickstart.md,D:\onedrive\Documents\GitHub\aspose.org\content\docs.aspose.org\en\cells\java\getting-started\quickstart.md,link_path_corrupted,"no exact reverse-match for: ['./installation/', '././developer-guide/']"
docs.aspose.org,cells,fr,D:\onedrive\Documents\GitHub\aspose.org\content\docs.aspose.org\fr\cells\java\getting-started\quickstart.md,D:\onedrive\Documents\GitHub\aspose.org\content\docs.aspose.org\en\cells\java\getting-started\quickstart.md,link_path_corrupted,"no exact reverse-match for: ['./installation/', '././developer-guide/']"
docs.aspose.org,cells,he,D:\onedrive\Documents\GitHub\aspose.org\content\docs.aspose.org\he\cells\java\getting-started\quickstart.md,D:\onedrive\Documents\GitHub\aspose.org\content\docs.aspose.org\en\cells\java\getting-started\quickstart.md,link_path_corrupted,"no exact reverse-match for: ['./installation/', '././developer-guide/']"
docs.aspose.org,cells,hi,D:\onedrive\Documents\GitHub\aspose.org\content\docs.aspose.org\hi\cells\java\getting-started\quickstart.md,D:\onedrive\Documents\GitHub\aspose.org\content\docs.aspose.org\en\cells\java\getting-started\quickstart.md,link_path_corrupted,"no exact reverse-match for: ['./installation/', '././developer-guide/']"
docs.aspose.org,cells,hu,D:\onedrive\Documents\GitHub\aspose.org\content\docs.aspose.org\hu\cells\java\getting-started\quickstart.md,D:\onedrive\Documents\GitHub\aspose.org\content\docs.aspose.org\en\cells\java\getting-started\quickstart.md,link_path_corrupted,"no exact reverse-match for: ['./installation/', '././developer-guide/']"
docs.aspose.org,cells,id,D:\onedrive\Documents\GitHub\aspose.org\content\docs.aspose.org\id\cells\java\getting-started\quickstart.md,D:\onedrive\Documents\GitHub\aspose.org\content\docs.aspose.org\en\cells\java\getting-started\quickstart.md,link_path_corrupted,"no exact reverse-match for: ['./installation/', '././developer-guide/']"
docs.aspose.org,cells,it,D:\onedrive\Documents\GitHub\aspose.org\content\docs.aspose.org\it\cells\java\getting-started\quickstart.md,D:\onedrive\Documents\GitHub\aspose.org\content\docs.aspose.org\en\cells\java\getting-started\quickstart.md,link_path_corrupted,"no exact reverse-match for: ['./installation/', '././developer-guide/']"
docs.aspose.org,cells,ja,D:\onedrive\Documents\GitHub\aspose.org\content\docs.aspose.org\ja\cells\java\getting-started\quickstart.md,D:\onedrive\Documents\GitHub\aspose.org\content\docs.aspose.org\en\cells\java\getting-started\quickstart.md,link_path_corrupted,"no exact reverse-match for: ['./installation/', '././developer-guide/']"
docs.aspose.org,cells,ko,D:\onedrive\Documents\GitHub\aspose.org\content\docs.aspose.org\ko\cells\java\getting-started\quickstart.md,D:\onedrive\Documents\GitHub\aspose.org\content\docs.aspose.org\en\cells\java\getting-started\quickstart.md,link_path_corrupted,"no exact reverse-match for: ['./installation/', '././developer-guide/']"
docs.aspose.org,cells,lt,D:\onedrive\Documents\GitHub\aspose.org\content\docs.aspose.org\lt\cells\java\getting-started\quickstart.md,D:\onedrive\Documents\GitHub\aspose.org\content\docs.aspose.org\en\cells\java\getting-started\quickstart.md,link_path_corrupted,"no exact reverse-match for: ['./installation/', '././developer-guide/']"
docs.aspose.org,cells,lv,D:\onedrive\Documents\GitHub\aspose.org\content\docs.aspose.org\lv\cells\java\getting-started\quickstart.md,D:\onedrive\Documents\GitHub\aspose.org\content\docs.aspose.org\en\cells\java\getting-started\quickstart.md,link_path_corrupted,"no exact reverse-match for: ['./installation/', '././developer-guide/']"
docs.aspose.org,cells,ms,D:\onedrive\Documents\GitHub\aspose.org\content\docs.aspose.org\ms\cells\java\getting-started\quickstart.md,D:\onedrive\Documents\GitHub\aspose.org\content\docs.aspose.org\en\cells\java\getting-started\quickstart.md,link_path_corrupted,"no exact reverse-match for: ['./installation/', '././developer-guide/']"
docs.aspose.org,cells,nl,D:\onedrive\Documents\GitHub\aspose.org\content\docs.aspose.org\nl\cells\java\getting-started\quickstart.md,D:\onedrive\Documents\GitHub\aspose.org\content\docs.aspose.org\en\cells\java\getting-started\quickstart.md,link_path_corrupted,"no exact reverse-match for: ['./installation/', '././developer-guide/']"
docs.aspose.org,cells,no,D:\onedrive\Documents\GitHub\aspose.org\content\docs.aspose.org\no\cells\java\getting-started\quickstart.md,D:\onedrive\Documents\GitHub\aspose.org\content\docs.aspose.org\en\cells\java\getting-started\quickstart.md,link_path_corrupted,"no exact reverse-match for: ['./installation/', '././developer-guide/']"
docs.aspose.org,cells,pl,D:\onedrive\Documents\GitHub\aspose.org\content\docs.aspose.org\pl\cells\java\getting-started\quickstart.md,D:\onedrive\Documents\GitHub\aspose.org\content\docs.aspose.org\en\cells\java\getting-started\quickstart.md,link_path_corrupted,"no exact reverse-match for: ['./installation/', '././developer-guide/']"
docs.aspose.org,cells,pt,D:\onedrive\Documents\GitHub\aspose.org\content\docs.aspose.org\pt\cells\java\getting-started\quickstart.md,D:\onedrive\Documents\GitHub\aspose.org\content\docs.aspose.org\en\cells\java\getting-started\quickstart.md,link_path_corrupted,"no exact reverse-match for: ['./installation/', '././developer-guide/']"
docs.aspose.org,cells,ro,D:\onedrive\Documents\GitHub\aspose.org\content\docs.aspose.org\ro\cells\java\getting-started\quickstart.md,D:\onedrive\Documents\GitHub\aspose.org\content\docs.aspose.org\en\cells\java\getting-started\quickstart.md,link_path_corrupted,"no exact reverse-match for: ['./installation/', '././developer-guide/']"
docs.aspose.org,cells,ru,D:\onedrive\Documents\GitHub\aspose.org\content\docs.aspose.org\ru\cells\java\getting-started\quickstart.md,D:\onedrive\Documents\GitHub\aspose.org\content\docs.aspose.org\en\cells\java\getting-started\quickstart.md,link_path_corrupted,"no exact reverse-match for: ['./installation/', '././developer-guide/']"
docs.aspose.org,cells,sk,D:\onedrive\Documents\GitHub\aspose.org\content\docs.aspose.org\sk\cells\java\getting-started\quickstart.md,D:\onedrive\Documents\GitHub\aspose.org\content\docs.aspose.org\en\cells\java\getting-started\quickstart.md,link_path_corrupted,"no exact reverse-match for: ['./installation/', '././developer-guide/']"
docs.aspose.org,cells,sr,D:\onedrive\Documents\GitHub\aspose.org\content\docs.aspose.org\sr\cells\java\getting-started\quickstart.md,D:\onedrive\Documents\GitHub\aspose.org\content\docs.aspose.org\en\cells\java\getting-started\quickstart.md,link_path_corrupted,"no exact reverse-match for: ['./installation/', '././developer-guide/']"
docs.aspose.org,cells,sv,D:\onedrive\Documents\GitHub\aspose.org\content\docs.aspose.org\sv\cells\java\getting-started\quickstart.md,D:\onedrive\Documents\GitHub\aspose.org\content\docs.aspose.org\en\cells\java\getting-started\quickstart.md,link_path_corrupted,"no exact reverse-match for: ['./installation/', '././developer-guide/']"
docs.aspose.org,cells,th,D:\onedrive\Documents\GitHub\aspose.org\content\docs.aspose.org\th\cells\java\getting-started\quickstart.md,D:\onedrive\Documents\GitHub\aspose.org\content\docs.aspose.org\en\cells\java\getting-started\quickstart.md,link_path_corrupted,"no exact reverse-match for: ['./installation/', '././developer-guide/']"
docs.aspose.org,cells,tr,D:\onedrive\Documents\GitHub\aspose.org\content\docs.aspose.org\tr\cells\java\getting-started\quickstart.md,D:\onedrive\Documents\GitHub\aspose.org\content\docs.aspose.org\en\cells\java\getting-started\quickstart.md,link_path_corrupted,"no exact reverse-match for: ['./installation/', '././developer-guide/']"
docs.aspose.org,cells,uk,D:\onedrive\Documents\GitHub\aspose.org\content\docs.aspose.org\uk\cells\java\getting-started\quickstart.md,D:\onedrive\Documents\GitHub\aspose.org\content\docs.aspose.org\en\cells\java\getting-started\quickstart.md,link_path_corrupted,"no exact reverse-match for: ['./installation/', '././developer-guide/']"
docs.aspose.org,cells,vi,D:\onedrive\Documents\GitHub\aspose.org\content\docs.aspose.org\vi\cells\java\getting-started\quickstart.md,D:\onedrive\Documents\GitHub\aspose.org\content\docs.aspose.org\en\cells\java\getting-started\quickstart.md,link_path_corrupted,"no exact reverse-match for: ['./installation/', '././developer-guide/']"
docs.aspose.org,cells,zh,D:\onedrive\Documents\GitHub\aspose.org\content\docs.aspose.org\zh\cells\java\getting-started\quickstart.md,D:\onedrive\Documents\GitHub\aspose.org\content\docs.aspose.org\en\cells\java\getting-started\quickstart.md,link_path_corrupted,"no exact reverse-match for: ['./installation/', '././developer-guide/']"
docs.aspose.org,cells,ar,D:\onedrive\Documents\GitHub\aspose.org\content\docs.aspose.org\ar\cells\python\getting-started\_index.md,D:\onedrive\Documents\GitHub\aspose.org\content\docs.aspose.org\en\cells\python\getting-started\_index.md,link_path_corrupted,no exact reverse-match for: ['/cells/python/introducing-cells-foss-python/']
docs.aspose.org,slides,ar,D:\onedrive\Documents\GitHub\aspose.org\content\docs.aspose.org\ar\slides\java\getting-started\quickstart.md,D:\onedrive\Documents\GitHub\aspose.org\content\docs.aspose.org\en\slides\java\getting-started\quickstart.md,link_path_corrupted,"no exact reverse-match for: ['./installation/', '././developer-guide/text-formatting/', '././developer-guide/working-with-shapes/', '././developer-guide/visual-effects/']"
docs.aspose.org,slides,bg,D:\onedrive\Documents\GitHub\aspose.org\content\docs.aspose.org\bg\slides\java\getting-started\quickstart.md,D:\onedrive\Documents\GitHub\aspose.org\content\docs.aspose.org\en\slides\java\getting-started\quickstart.md,link_path_corrupted,"no exact reverse-match for: ['./installation/', '././developer-guide/text-formatting/', '././developer-guide/working-with-shapes/', '././developer-guide/visual-effects/']"
docs.aspose.org,slides,ca,D:\onedrive\Documents\GitHub\aspose.org\content\docs.aspose.org\ca\slides\java\getting-started\quickstart.md,D:\onedrive\Documents\GitHub\aspose.org\content\docs.aspose.org\en\slides\java\getting-started\quickstart.md,link_path_corrupted,"no exact reverse-match for: ['./installation/', '././developer-guide/text-formatting/', '././developer-guide/working-with-shapes/', '././developer-guide/visual-effects/']"
docs.aspose.org,slides,cs,D:\onedrive\Documents\GitHub\aspose.org\content\docs.aspose.org\cs\slides\java\getting-started\quickstart.md,D:\onedrive\Documents\GitHub\aspose.org\content\docs.aspose.org\en\slides\java\getting-started\quickstart.md,link_path_corrupted,"no exact reverse-match for: ['./installation/', '././developer-guide/text-formatting/', '././developer-guide/working-with-shapes/', '././developer-guide/visual-effects/']"
docs.aspose.org,slides,da,D:\onedrive\Documents\GitHub\aspose.org\content\docs.aspose.org\da\slides\java\getting-started\quickstart.md,D:\onedrive\Documents\GitHub\aspose.org\content\docs.aspose.org\en\slides\java\getting-started\quickstart.md,link_path_corrupted,"no exact reverse-match for: ['./installation/', '././developer-guide/text-formatting/', '././developer-guide/working-with-shapes/', '././developer-guide/visual-effects/']"
docs.aspose.org,slides,de,D:\onedrive\Documents\GitHub\aspose.org\content\docs.aspose.org\de\slides\java\getting-started\quickstart.md,D:\onedrive\Documents\GitHub\aspose.org\content\docs.aspose.org\en\slides\java\getting-started\quickstart.md,link_path_corrupted,"no exact reverse-match for: ['./installation/', '././developer-guide/text-formatting/', '././developer-guide/working-with-shapes/', '././developer-guide/visual-effects/']"
docs.aspose.org,slides,el,D:\onedrive\Documents\GitHub\aspose.org\content\docs.aspose.org\el\slides\java\getting-started\quickstart.md,D:\onedrive\Documents\GitHub\aspose.org\content\docs.aspose.org\en\slides\java\getting-started\quickstart.md,link_path_corrupted,"no exact reverse-match for: ['./installation/', '././developer-guide/text-formatting/', '././developer-guide/working-with-shapes/', '././developer-guide/visual-effects/']"
docs.aspose.org,slides,es,D:\onedrive\Documents\GitHub\aspose.org\content\docs.aspose.org\es\slides\java\getting-started\quickstart.md,D:\onedrive\Documents\GitHub\aspose.org\content\docs.aspose.org\en\slides\java\getting-started\quickstart.md,link_path_corrupted,"no exact reverse-match for: ['./installation/', '././developer-guide/text-formatting/', '././developer-guide/working-with-shapes/', '././developer-guide/visual-effects/']"
docs.aspose.org,slides,fa,D:\onedrive\Documents\GitHub\aspose.org\content\docs.aspose.org\fa\slides\java\getting-started\quickstart.md,D:\onedrive\Documents\GitHub\aspose.org\content\docs.aspose.org\en\slides\java\getting-started\quickstart.md,link_path_corrupted,"no exact reverse-match for: ['./installation/', '././developer-guide/text-formatting/', '././developer-guide/working-with-shapes/', '././developer-guide/visual-effects/']"
docs.aspose.org,slides,fr,D:\onedrive\Documents\GitHub\aspose.org\content\docs.aspose.org\fr\slides\java\getting-started\quickstart.md,D:\onedrive\Documents\GitHub\aspose.org\content\docs.aspose.org\en\slides\java\getting-started\quickstart.md,link_path_corrupted,"no exact reverse-match for: ['./installation/', '././developer-guide/text-formatting/', '././developer-guide/working-with-shapes/', '././developer-guide/visual-effects/']"
docs.aspose.org,slides,he,D:\onedrive\Documents\GitHub\aspose.org\content\docs.aspose.org\he\slides\java\getting-started\quickstart.md,D:\onedrive\Documents\GitHub\aspose.org\content\docs.aspose.org\en\slides\java\getting-started\quickstart.md,link_path_corrupted,"no exact reverse-match for: ['./installation/', '././developer-guide/text-formatting/', '././developer-guide/working-with-shapes/', '././developer-guide/visual-effects/']"
docs.aspose.org,slides,hi,D:\onedrive\Documents\GitHub\aspose.org\content\docs.aspose.org\hi\slides\java\getting-started\quickstart.md,D:\onedrive\Documents\GitHub\aspose.org\content\docs.aspose.org\en\slides\java\getting-started\quickstart.md,link_path_corrupted,"no exact reverse-match for: ['./installation/', '././developer-guide/text-formatting/', '././developer-guide/working-with-shapes/', '././developer-guide/visual-effects/']"
docs.aspose.org,slides,hu,D:\onedrive\Documents\GitHub\aspose.org\content\docs.aspose.org\hu\slides\java\getting-started\quickstart.md,D:\onedrive\Documents\GitHub\aspose.org\content\docs.aspose.org\en\slides\java\getting-started\quickstart.md,link_path_corrupted,"no exact reverse-match for: ['./installation/', '././developer-guide/text-formatting/', '././developer-guide/working-with-shapes/', '././developer-guide/visual-effects/']"
docs.aspose.org,slides,id,D:\onedrive\Documents\GitHub\aspose.org\content\docs.aspose.org\id\slides\java\getting-started\quickstart.md,D:\onedrive\Documents\GitHub\aspose.org\content\docs.aspose.org\en\slides\java\getting-started\quickstart.md,link_path_corrupted,"no exact reverse-match for: ['./installation/', '././developer-guide/text-formatting/', '././developer-guide/working-with-shapes/', '././developer-guide/visual-effects/']"
docs.aspose.org,slides,it,D:\onedrive\Documents\GitHub\aspose.org\content\docs.aspose.org\it\slides\java\getting-started\quickstart.md,D:\onedrive\Documents\GitHub\aspose.org\content\docs.aspose.org\en\slides\java\getting-started\quickstart.md,link_path_corrupted,"no exact reverse-match for: ['./installation/', '././developer-guide/text-formatting/', '././developer-guide/working-with-shapes/', '././developer-guide/visual-effects/']"
docs.aspose.org,slides,ja,D:\onedrive\Documents\GitHub\aspose.org\content\docs.aspose.org\ja\slides\java\getting-started\quickstart.md,D:\onedrive\Documents\GitHub\aspose.org\content\docs.aspose.org\en\slides\java\getting-started\quickstart.md,link_path_corrupted,"no exact reverse-match for: ['./installation/', '././developer-guide/text-formatting/', '././developer-guide/working-with-shapes/', '././developer-guide/visual-effects/']"
docs.aspose.org,slides,ko,D:\onedrive\Documents\GitHub\aspose.org\content\docs.aspose.org\ko\slides\java\getting-started\quickstart.md,D:\onedrive\Documents\GitHub\aspose.org\content\docs.aspose.org\en\slides\java\getting-started\quickstart.md,link_path_corrupted,"no exact reverse-match for: ['./installation/', '././developer-guide/text-formatting/', '././developer-guide/working-with-shapes/', '././developer-guide/visual-effects/']"
docs.aspose.org,slides,lt,D:\onedrive\Documents\GitHub\aspose.org\content\docs.aspose.org\lt\slides\java\getting-started\quickstart.md,D:\onedrive\Documents\GitHub\aspose.org\content\docs.aspose.org\en\slides\java\getting-started\quickstart.md,link_path_corrupted,"no exact reverse-match for: ['./installation/', '././developer-guide/text-formatting/', '././developer-guide/working-with-shapes/', '././developer-guide/visual-effects/']"
docs.aspose.org,slides,pt,D:\onedrive\Documents\GitHub\aspose.org\content\docs.aspose.org\pt\slides\java\getting-started\quickstart.md,D:\onedrive\Documents\GitHub\aspose.org\content\docs.aspose.org\en\slides\java\getting-started\quickstart.md,link_path_corrupted,"no exact reverse-match for: ['./installation/', '././developer-guide/text-formatting/', '././developer-guide/working-with-shapes/', '././developer-guide/visual-effects/']"
docs.aspose.org,slides,ro,D:\onedrive\Documents\GitHub\aspose.org\content\docs.aspose.org\ro\slides\java\getting-started\quickstart.md,D:\onedrive\Documents\GitHub\aspose.org\content\docs.aspose.org\en\slides\java\getting-started\quickstart.md,link_path_corrupted,"no exact reverse-match for: ['./installation/', '././developer-guide/text-formatting/', '././developer-guide/working-with-shapes/', '././developer-guide/visual-effects/']"
docs.aspose.org,slides,ru,D:\onedrive\Documents\GitHub\aspose.org\content\docs.aspose.org\ru\slides\java\getting-started\quickstart.md,D:\onedrive\Documents\GitHub\aspose.org\content\docs.aspose.org\en\slides\java\getting-started\quickstart.md,link_path_corrupted,"no exact reverse-match for: ['./installation/', '././developer-guide/text-formatting/', '././developer-guide/working-with-shapes/', '././developer-guide/visual-effects/']"
docs.aspose.org,slides,sk,D:\onedrive\Documents\GitHub\aspose.org\content\docs.aspose.org\sk\slides\java\getting-started\quickstart.md,D:\onedrive\Documents\GitHub\aspose.org\content\docs.aspose.org\en\slides\java\getting-started\quickstart.md,link_path_corrupted,"no exact reverse-match for: ['./installation/', '././developer-guide/text-formatting/', '././developer-guide/working-with-shapes/', '././developer-guide/visual-effects/']"
kb.aspose.org,3d,fa,D:\onedrive\Documents\GitHub\aspose.org\content\kb.aspose.org\fa\3d\typescript\faq.md,D:\onedrive\Documents\GitHub\aspose.org\content\kb.aspose.org\en\3d\typescript\faq.md,link_path_corrupted,no exact reverse-match for: ['/3d/typescript/how-to-build-mesh-programmatically-in-typescript/']
kb.aspose.org,3d,fi,D:\onedrive\Documents\GitHub\aspose.org\content\kb.aspose.org\fi\3d\typescript\faq.md,D:\onedrive\Documents\GitHub\aspose.org\content\kb.aspose.org\en\3d\typescript\faq.md,link_path_corrupted,no exact reverse-match for: ['/3d/typescript/how-to-build-mesh-programmatically-in-typescript/']
kb.aspose.org,3d,fr,D:\onedrive\Documents\GitHub\aspose.org\content\kb.aspose.org\fr\3d\typescript\faq.md,D:\onedrive\Documents\GitHub\aspose.org\content\kb.aspose.org\en\3d\typescript\faq.md,link_path_corrupted,no exact reverse-match for: ['/3d/typescript/how-to-build-mesh-programmatically-in-typescript/']
kb.aspose.org,3d,he,D:\onedrive\Documents\GitHub\aspose.org\content\kb.aspose.org\he\3d\typescript\faq.md,D:\onedrive\Documents\GitHub\aspose.org\content\kb.aspose.org\en\3d\typescript\faq.md,link_path_corrupted,no exact reverse-match for: ['/3d/typescript/how-to-build-mesh-programmatically-in-typescript/']
kb.aspose.org,3d,hu,D:\onedrive\Documents\GitHub\aspose.org\content\kb.aspose.org\hu\3d\typescript\faq.md,D:\onedrive\Documents\GitHub\aspose.org\content\kb.aspose.org\en\3d\typescript\faq.md,link_path_corrupted,no exact reverse-match for: ['/3d/typescript/how-to-build-mesh-programmatically-in-typescript/']
kb.aspose.org,3d,id,D:\onedrive\Documents\GitHub\aspose.org\content\kb.aspose.org\id\3d\typescript\faq.md,D:\onedrive\Documents\GitHub\aspose.org\content\kb.aspose.org\en\3d\typescript\faq.md,link_path_corrupted,no exact reverse-match for: ['/3d/typescript/how-to-build-mesh-programmatically-in-typescript/']
kb.aspose.org,3d,it,D:\onedrive\Documents\GitHub\aspose.org\content\kb.aspose.org\it\3d\typescript\faq.md,D:\onedrive\Documents\GitHub\aspose.org\content\kb.aspose.org\en\3d\typescript\faq.md,link_path_corrupted,no exact reverse-match for: ['/3d/typescript/how-to-build-mesh-programmatically-in-typescript/']
kb.aspose.org,3d,ja,D:\onedrive\Documents\GitHub\aspose.org\content\kb.aspose.org\ja\3d\typescript\faq.md,D:\onedrive\Documents\GitHub\aspose.org\content\kb.aspose.org\en\3d\typescript\faq.md,link_path_corrupted,no exact reverse-match for: ['/3d/typescript/how-to-build-mesh-programmatically-in-typescript/']
kb.aspose.org,3d,lv,D:\onedrive\Documents\GitHub\aspose.org\content\kb.aspose.org\lv\3d\typescript\faq.md,D:\onedrive\Documents\GitHub\aspose.org\content\kb.aspose.org\en\3d\typescript\faq.md,link_path_corrupted,no exact reverse-match for: ['/3d/typescript/how-to-build-mesh-programmatically-in-typescript/']
kb.aspose.org,3d,ms,D:\onedrive\Documents\GitHub\aspose.org\content\kb.aspose.org\ms\3d\typescript\faq.md,D:\onedrive\Documents\GitHub\aspose.org\content\kb.aspose.org\en\3d\typescript\faq.md,link_path_corrupted,no exact reverse-match for: ['/3d/typescript/how-to-build-mesh-programmatically-in-typescript/']
kb.aspose.org,3d,nl,D:\onedrive\Documents\GitHub\aspose.org\content\kb.aspose.org\nl\3d\typescript\faq.md,D:\onedrive\Documents\GitHub\aspose.org\content\kb.aspose.org\en\3d\typescript\faq.md,link_path_corrupted,no exact reverse-match for: ['/3d/typescript/how-to-build-mesh-programmatically-in-typescript/']
kb.aspose.org,3d,no,D:\onedrive\Documents\GitHub\aspose.org\content\kb.aspose.org\no\3d\typescript\faq.md,D:\onedrive\Documents\GitHub\aspose.org\content\kb.aspose.org\en\3d\typescript\faq.md,link_path_corrupted,no exact reverse-match for: ['/3d/typescript/how-to-build-mesh-programmatically-in-typescript/']
kb.aspose.org,3d,ro,D:\onedrive\Documents\GitHub\aspose.org\content\kb.aspose.org\ro\3d\typescript\faq.md,D:\onedrive\Documents\GitHub\aspose.org\content\kb.aspose.org\en\3d\typescript\faq.md,link_path_corrupted,no exact reverse-match for: ['/3d/typescript/how-to-build-mesh-programmatically-in-typescript/']
kb.aspose.org,3d,ru,D:\onedrive\Documents\GitHub\aspose.org\content\kb.aspose.org\ru\3d\typescript\faq.md,D:\onedrive\Documents\GitHub\aspose.org\content\kb.aspose.org\en\3d\typescript\faq.md,link_path_corrupted,no exact reverse-match for: ['/3d/typescript/how-to-build-mesh-programmatically-in-typescript/']
kb.aspose.org,3d,sk,D:\onedrive\Documents\GitHub\aspose.org\content\kb.aspose.org\sk\3d\typescript\faq.md,D:\onedrive\Documents\GitHub\aspose.org\content\kb.aspose.org\en\3d\typescript\faq.md,link_path_corrupted,no exact reverse-match for: ['/3d/typescript/how-to-build-mesh-programmatically-in-typescript/']
kb.aspose.org,3d,sr,D:\onedrive\Documents\GitHub\aspose.org\content\kb.aspose.org\sr\3d\typescript\faq.md,D:\onedrive\Documents\GitHub\aspose.org\content\kb.aspose.org\en\3d\typescript\faq.md,link_path_corrupted,no exact reverse-match for: ['/3d/typescript/how-to-build-mesh-programmatically-in-typescript/']
kb.aspose.org,3d,tr,D:\onedrive\Documents\GitHub\aspose.org\content\kb.aspose.org\tr\3d\typescript\faq.md,D:\onedrive\Documents\GitHub\aspose.org\content\kb.aspose.org\en\3d\typescript\faq.md,link_path_corrupted,no exact reverse-match for: ['/3d/typescript/how-to-build-mesh-programmatically-in-typescript/']
kb.aspose.org,3d,uk,D:\onedrive\Documents\GitHub\aspose.org\content\kb.aspose.org\uk\3d\typescript\faq.md,D:\onedrive\Documents\GitHub\aspose.org\content\kb.aspose.org\en\3d\typescript\faq.md,link_path_corrupted,no exact reverse-match for: ['/3d/typescript/how-to-build-mesh-programmatically-in-typescript/']
kb.aspose.org,3d,vi,D:\onedrive\Documents\GitHub\aspose.org\content\kb.aspose.org\vi\3d\typescript\faq.md,D:\onedrive\Documents\GitHub\aspose.org\content\kb.aspose.org\en\3d\typescript\faq.md,link_path_corrupted,no exact reverse-match for: ['/3d/typescript/how-to-build-mesh-programmatically-in-typescript/']
kb.aspose.org,3d,zh,D:\onedrive\Documents\GitHub\aspose.org\content\kb.aspose.org\zh\3d\typescript\faq.md,D:\onedrive\Documents\GitHub\aspose.org\content\kb.aspose.org\en\3d\typescript\faq.md,link_path_corrupted,no exact reverse-match for: ['/3d/typescript/how-to-build-mesh-programmatically-in-typescript/']
kb.aspose.org,3d,ar,D:\onedrive\Documents\GitHub\aspose.org\content\kb.aspose.org\ar\3d\typescript\how-to-export-gltf-in-typescript.md,D:\onedrive\Documents\GitHub\aspose.org\content\kb.aspose.org\en\3d\typescript\how-to-export-gltf-in-typescript.md,link_path_corrupted,"no exact reverse-match for: ['/3d/typescript/scene/', '/3d/typescript/gltfsaveoptions/', '/3d/typescript/gltfformat/']"
kb.aspose.org,3d,bg,D:\onedrive\Documents\GitHub\aspose.org\content\kb.aspose.org\bg\3d\typescript\how-to-export-gltf-in-typescript.md,D:\onedrive\Documents\GitHub\aspose.org\content\kb.aspose.org\en\3d\typescript\how-to-export-gltf-in-typescript.md,link_path_corrupted,"no exact reverse-match for: ['/3d/typescript/scene/', '/3d/typescript/gltfsaveoptions/', '/3d/typescript/gltfformat/']"
kb.aspose.org,3d,cs,D:\onedrive\Documents\GitHub\aspose.org\content\kb.aspose.org\cs\3d\typescript\how-to-export-gltf-in-typescript.md,D:\onedrive\Documents\GitHub\aspose.org\content\kb.aspose.org\en\3d\typescript\how-to-export-gltf-in-typescript.md,link_path_corrupted,"no exact reverse-match for: ['/3d/typescript/scene/', '/3d/typescript/gltfsaveoptions/', '/3d/typescript/gltfformat/']"
kb.aspose.org,3d,de,D:\onedrive\Documents\GitHub\aspose.org\content\kb.aspose.org\de\3d\typescript\how-to-export-gltf-in-typescript.md,D:\onedrive\Documents\GitHub\aspose.org\content\kb.aspose.org\en\3d\typescript\how-to-export-gltf-in-typescript.md,link_path_corrupted,"no exact reverse-match for: ['/3d/typescript/scene/', '/3d/typescript/gltfsaveoptions/', '/3d/typescript/gltfformat/']"
kb.aspose.org,3d,el,D:\onedrive\Documents\GitHub\aspose.org\content\kb.aspose.org\el\3d\typescript\how-to-export-gltf-in-typescript.md,D:\onedrive\Documents\GitHub\aspose.org\content\kb.aspose.org\en\3d\typescript\how-to-export-gltf-in-typescript.md,link_path_corrupted,"no exact reverse-match for: ['/3d/typescript/scene/', '/3d/typescript/gltfsaveoptions/', '/3d/typescript/gltfformat/']"
kb.aspose.org,3d,es,D:\onedrive\Documents\GitHub\aspose.org\content\kb.aspose.org\es\3d\typescript\how-to-export-gltf-in-typescript.md,D:\onedrive\Documents\GitHub\aspose.org\content\kb.aspose.org\en\3d\typescript\how-to-export-gltf-in-typescript.md,link_path_corrupted,"no exact reverse-match for: ['/3d/typescript/scene/', '/3d/typescript/gltfsaveoptions/', '/3d/typescript/gltfformat/']"
kb.aspose.org,3d,fa,D:\onedrive\Documents\GitHub\aspose.org\content\kb.aspose.org\fa\3d\typescript\how-to-export-gltf-in-typescript.md,D:\onedrive\Documents\GitHub\aspose.org\content\kb.aspose.org\en\3d\typescript\how-to-export-gltf-in-typescript.md,link_path_corrupted,"no exact reverse-match for: ['/3d/typescript/scene/', '/3d/typescript/gltfsaveoptions/', '/3d/typescript/gltfformat/']"
kb.aspose.org,3d,fi,D:\onedrive\Documents\GitHub\aspose.org\content\kb.aspose.org\fi\3d\typescript\how-to-export-gltf-in-typescript.md,D:\onedrive\Documents\GitHub\aspose.org\content\kb.aspose.org\en\3d\typescript\how-to-export-gltf-in-typescript.md,link_path_corrupted,"no exact reverse-match for: ['/3d/typescript/scene/', '/3d/typescript/gltfsaveoptions/', '/3d/typescript/gltfformat/']"
kb.aspose.org,3d,fr,D:\onedrive\Documents\GitHub\aspose.org\content\kb.aspose.org\fr\3d\typescript\how-to-export-gltf-in-typescript.md,D:\onedrive\Documents\GitHub\aspose.org\content\kb.aspose.org\en\3d\typescript\how-to-export-gltf-in-typescript.md,link_path_corrupted,"no exact reverse-match for: ['/3d/typescript/scene/', '/3d/typescript/gltfsaveoptions/', '/3d/typescript/gltfformat/']"
kb.aspose.org,3d,he,D:\onedrive\Documents\GitHub\aspose.org\content\kb.aspose.org\he\3d\typescript\how-to-export-gltf-in-typescript.md,D:\onedrive\Documents\GitHub\aspose.org\content\kb.aspose.org\en\3d\typescript\how-to-export-gltf-in-typescript.md,link_path_corrupted,"no exact reverse-match for: ['/3d/typescript/scene/', '/3d/typescript/gltfsaveoptions/', '/3d/typescript/gltfformat/']"
kb.aspose.org,3d,hi,D:\onedrive\Documents\GitHub\aspose.org\content\kb.aspose.org\hi\3d\typescript\how-to-export-gltf-in-typescript.md,D:\onedrive\Documents\GitHub\aspose.org\content\kb.aspose.org\en\3d\typescript\how-to-export-gltf-in-typescript.md,link_path_corrupted,"no exact reverse-match for: ['/3d/typescript/scene/', '/3d/typescript/gltfsaveoptions/', '/3d/typescript/gltfformat/']"
kb.aspose.org,3d,hr,D:\onedrive\Documents\GitHub\aspose.org\content\kb.aspose.org\hr\3d\typescript\how-to-export-gltf-in-typescript.md,D:\onedrive\Documents\GitHub\aspose.org\content\kb.aspose.org\en\3d\typescript\how-to-export-gltf-in-typescript.md,link_path_corrupted,"no exact reverse-match for: ['/3d/typescript/scene/', '/3d/typescript/gltfsaveoptions/', '/3d/typescript/gltfformat/']"
kb.aspose.org,3d,hu,D:\onedrive\Documents\GitHub\aspose.org\content\kb.aspose.org\hu\3d\typescript\how-to-export-gltf-in-typescript.md,D:\onedrive\Documents\GitHub\aspose.org\content\kb.aspose.org\en\3d\typescript\how-to-export-gltf-in-typescript.md,link_path_corrupted,"no exact reverse-match for: ['/3d/typescript/scene/', '/3d/typescript/gltfsaveoptions/', '/3d/typescript/gltfformat/']"
kb.aspose.org,3d,id,D:\onedrive\Documents\GitHub\aspose.org\content\kb.aspose.org\id\3d\typescript\how-to-export-gltf-in-typescript.md,D:\onedrive\Documents\GitHub\aspose.org\content\kb.aspose.org\en\3d\typescript\how-to-export-gltf-in-typescript.md,link_path_corrupted,"no exact reverse-match for: ['/3d/typescript/scene/', '/3d/typescript/gltfsaveoptions/', '/3d/typescript/gltfformat/']"
kb.aspose.org,3d,it,D:\onedrive\Documents\GitHub\aspose.org\content\kb.aspose.org\it\3d\typescript\how-to-export-gltf-in-typescript.md,D:\onedrive\Documents\GitHub\aspose.org\content\kb.aspose.org\en\3d\typescript\how-to-export-gltf-in-typescript.md,link_path_corrupted,"no exact reverse-match for: ['/3d/typescript/scene/', '/3d/typescript/gltfsaveoptions/', '/3d/typescript/gltfformat/']"
kb.aspose.org,3d,ja,D:\onedrive\Documents\GitHub\aspose.org\content\kb.aspose.org\ja\3d\typescript\how-to-export-gltf-in-typescript.md,D:\onedrive\Documents\GitHub\aspose.org\content\kb.aspose.org\en\3d\typescript\how-to-export-gltf-in-typescript.md,link_path_corrupted,"no exact reverse-match for: ['/3d/typescript/scene/', '/3d/typescript/gltfsaveoptions/', '/3d/typescript/gltfformat/']"
kb.aspose.org,3d,ko,D:\onedrive\Documents\GitHub\aspose.org\content\kb.aspose.org\ko\3d\typescript\how-to-export-gltf-in-typescript.md,D:\onedrive\Documents\GitHub\aspose.org\content\kb.aspose.org\en\3d\typescript\how-to-export-gltf-in-typescript.md,link_path_corrupted,"no exact reverse-match for: ['/3d/typescript/scene/', '/3d/typescript/gltfsaveoptions/', '/3d/typescript/gltfformat/']"
kb.aspose.org,3d,lt,D:\onedrive\Documents\GitHub\aspose.org\content\kb.aspose.org\lt\3d\typescript\how-to-export-gltf-in-typescript.md,D:\onedrive\Documents\GitHub\aspose.org\content\kb.aspose.org\en\3d\typescript\how-to-export-gltf-in-typescript.md,link_path_corrupted,"no exact reverse-match for: ['/3d/typescript/scene/', '/3d/typescript/gltfsaveoptions/', '/3d/typescript/gltfformat/']"
kb.aspose.org,3d,lv,D:\onedrive\Documents\GitHub\aspose.org\content\kb.aspose.org\lv\3d\typescript\how-to-export-gltf-in-typescript.md,D:\onedrive\Documents\GitHub\aspose.org\content\kb.aspose.org\en\3d\typescript\how-to-export-gltf-in-typescript.md,link_path_corrupted,"no exact reverse-match for: ['/3d/typescript/scene/', '/3d/typescript/gltfsaveoptions/', '/3d/typescript/gltfformat/']"
kb.aspose.org,3d,ms,D:\onedrive\Documents\GitHub\aspose.org\content\kb.aspose.org\ms\3d\typescript\how-to-export-gltf-in-typescript.md,D:\onedrive\Documents\GitHub\aspose.org\content\kb.aspose.org\en\3d\typescript\how-to-export-gltf-in-typescript.md,link_path_corrupted,"no exact reverse-match for: ['/3d/typescript/scene/', '/3d/typescript/gltfsaveoptions/', '/3d/typescript/gltfformat/']"
kb.aspose.org,3d,nl,D:\onedrive\Documents\GitHub\aspose.org\content\kb.aspose.org\nl\3d\typescript\how-to-export-gltf-in-typescript.md,D:\onedrive\Documents\GitHub\aspose.org\content\kb.aspose.org\en\3d\typescript\how-to-export-gltf-in-typescript.md,link_path_corrupted,"no exact reverse-match for: ['/3d/typescript/scene/', '/3d/typescript/gltfsaveoptions/', '/3d/typescript/gltfformat/']"
kb.aspose.org,3d,no,D:\onedrive\Documents\GitHub\aspose.org\content\kb.aspose.org\no\3d\typescript\how-to-export-gltf-in-typescript.md,D:\onedrive\Documents\GitHub\aspose.org\content\kb.aspose.org\en\3d\typescript\how-to-export-gltf-in-typescript.md,link_path_corrupted,"no exact reverse-match for: ['/3d/typescript/scene/', '/3d/typescript/gltfsaveoptions/', '/3d/typescript/gltfformat/']"
kb.aspose.org,3d,pl,D:\onedrive\Documents\GitHub\aspose.org\content\kb.aspose.org\pl\3d\typescript\how-to-export-gltf-in-typescript.md,D:\onedrive\Documents\GitHub\aspose.org\content\kb.aspose.org\en\3d\typescript\how-to-export-gltf-in-typescript.md,link_path_corrupted,"no exact reverse-match for: ['/3d/typescript/scene/', '/3d/typescript/gltfsaveoptions/', '/3d/typescript/gltfformat/']"
kb.aspose.org,3d,ro,D:\onedrive\Documents\GitHub\aspose.org\content\kb.aspose.org\ro\3d\typescript\how-to-export-gltf-in-typescript.md,D:\onedrive\Documents\GitHub\aspose.org\content\kb.aspose.org\en\3d\typescript\how-to-export-gltf-in-typescript.md,link_path_corrupted,"no exact reverse-match for: ['/3d/typescript/scene/', '/3d/typescript/gltfsaveoptions/', '/3d/typescript/gltfformat/']"
kb.aspose.org,3d,ru,D:\onedrive\Documents\GitHub\aspose.org\content\kb.aspose.org\ru\3d\typescript\how-to-export-gltf-in-typescript.md,D:\onedrive\Documents\GitHub\aspose.org\content\kb.aspose.org\en\3d\typescript\how-to-export-gltf-in-typescript.md,link_path_corrupted,"no exact reverse-match for: ['/3d/typescript/scene/', '/3d/typescript/gltfsaveoptions/', '/3d/typescript/gltfformat/']"
kb.aspose.org,3d,sk,D:\onedrive\Documents\GitHub\aspose.org\content\kb.aspose.org\sk\3d\typescript\how-to-export-gltf-in-typescript.md,D:\onedrive\Documents\GitHub\aspose.org\content\kb.aspose.org\en\3d\typescript\how-to-export-gltf-in-typescript.md,link_path_corrupted,"no exact reverse-match for: ['/3d/typescript/scene/', '/3d/typescript/gltfsaveoptions/', '/3d/typescript/gltfformat/']"
kb.aspose.org,3d,sr,D:\onedrive\Documents\GitHub\aspose.org\content\kb.aspose.org\sr\3d\typescript\how-to-export-gltf-in-typescript.md,D:\onedrive\Documents\GitHub\aspose.org\content\kb.aspose.org\en\3d\typescript\how-to-export-gltf-in-typescript.md,link_path_corrupted,"no exact reverse-match for: ['/3d/typescript/scene/', '/3d/typescript/gltfsaveoptions/', '/3d/typescript/gltfformat/']"
kb.aspose.org,3d,sv,D:\onedrive\Documents\GitHub\aspose.org\content\kb.aspose.org\sv\3d\typescript\how-to-export-gltf-in-typescript.md,D:\onedrive\Documents\GitHub\aspose.org\content\kb.aspose.org\en\3d\typescript\how-to-export-gltf-in-typescript.md,link_path_corrupted,"no exact reverse-match for: ['/3d/typescript/scene/', '/3d/typescript/gltfsaveoptions/', '/3d/typescript/gltfformat/']"
kb.aspose.org,3d,th,D:\onedrive\Documents\GitHub\aspose.org\content\kb.aspose.org\th\3d\typescript\how-to-export-gltf-in-typescript.md,D:\onedrive\Documents\GitHub\aspose.org\content\kb.aspose.org\en\3d\typescript\how-to-export-gltf-in-typescript.md,link_path_corrupted,"no exact reverse-match for: ['/3d/typescript/scene/', '/3d/typescript/gltfsaveoptions/', '/3d/typescript/gltfformat/']"
kb.aspose.org,3d,tr,D:\onedrive\Documents\GitHub\aspose.org\content\kb.aspose.org\tr\3d\typescript\how-to-export-gltf-in-typescript.md,D:\onedrive\Documents\GitHub\aspose.org\content\kb.aspose.org\en\3d\typescript\how-to-export-gltf-in-typescript.md,link_path_corrupted,"no exact reverse-match for: ['/3d/typescript/scene/', '/3d/typescript/gltfsaveoptions/', '/3d/typescript/gltfformat/']"
kb.aspose.org,3d,uk,D:\onedrive\Documents\GitHub\aspose.org\content\kb.aspose.org\uk\3d\typescript\how-to-export-gltf-in-typescript.md,D:\onedrive\Documents\GitHub\aspose.org\content\kb.aspose.org\en\3d\typescript\how-to-export-gltf-in-typescript.md,link_path_corrupted,"no exact reverse-match for: ['/3d/typescript/scene/', '/3d/typescript/gltfsaveoptions/', '/3d/typescript/gltfformat/']"
kb.aspose.org,3d,vi,D:\onedrive\Documents\GitHub\aspose.org\content\kb.aspose.org\vi\3d\typescript\how-to-export-gltf-in-typescript.md,D:\onedrive\Documents\GitHub\aspose.org\content\kb.aspose.org\en\3d\typescript\how-to-export-gltf-in-typescript.md,link_path_corrupted,"no exact reverse-match for: ['/3d/typescript/scene/', '/3d/typescript/gltfsaveoptions/', '/3d/typescript/gltfformat/']"
kb.aspose.org,3d,zh,D:\onedrive\Documents\GitHub\aspose.org\content\kb.aspose.org\zh\3d\typescript\how-to-export-gltf-in-typescript.md,D:\onedrive\Documents\GitHub\aspose.org\content\kb.aspose.org\en\3d\typescript\how-to-export-gltf-in-typescript.md,link_path_corrupted,"no exact reverse-match for: ['/3d/typescript/scene/', '/3d/typescript/gltfsaveoptions/', '/3d/typescript/gltfformat/']"
kb.aspose.org,3d,ar,D:\onedrive\Documents\GitHub\aspose.org\content\kb.aspose.org\ar\3d\typescript\how-to-load-3d-models-in-typescript.md,D:\onedrive\Documents\GitHub\aspose.org\content\kb.aspose.org\en\3d\typescript\how-to-load-3d-models-in-typescript.md,link_path_corrupted,"no exact reverse-match for: ['/3d/typescript/scene/', '/3d/typescript/objloadoptions/']"
kb.aspose.org,3d,bg,D:\onedrive\Documents\GitHub\aspose.org\content\kb.aspose.org\bg\3d\typescript\how-to-load-3d-models-in-typescript.md,D:\onedrive\Documents\GitHub\aspose.org\content\kb.aspose.org\en\3d\typescript\how-to-load-3d-models-in-typescript.md,link_path_corrupted,"no exact reverse-match for: ['/3d/typescript/scene/', '/3d/typescript/objloadoptions/']"
kb.aspose.org,3d,ca,D:\onedrive\Documents\GitHub\aspose.org\content\kb.aspose.org\ca\3d\typescript\how-to-load-3d-models-in-typescript.md,D:\onedrive\Documents\GitHub\aspose.org\content\kb.aspose.org\en\3d\typescript\how-to-load-3d-models-in-typescript.md,link_path_corrupted,"no exact reverse-match for: ['/3d/typescript/scene/', '/3d/typescript/objloadoptions/']"
kb.aspose.org,3d,cs,D:\onedrive\Documents\GitHub\aspose.org\content\kb.aspose.org\cs\3d\typescript\how-to-load-3d-models-in-typescript.md,D:\onedrive\Documents\GitHub\aspose.org\content\kb.aspose.org\en\3d\typescript\how-to-load-3d-models-in-typescript.md,link_path_corrupted,"no exact reverse-match for: ['/3d/typescript/scene/', '/3d/typescript/objloadoptions/']"
kb.aspose.org,3d,da,D:\onedrive\Documents\GitHub\aspose.org\content\kb.aspose.org\da\3d\typescript\how-to-load-3d-models-in-typescript.md,D:\onedrive\Documents\GitHub\aspose.org\content\kb.aspose.org\en\3d\typescript\how-to-load-3d-models-in-typescript.md,link_path_corrupted,"no exact reverse-match for: ['/3d/typescript/scene/', '/3d/typescript/objloadoptions/']"
kb.aspose.org,3d,de,D:\onedrive\Documents\GitHub\aspose.org\content\kb.aspose.org\de\3d\typescript\how-to-load-3d-models-in-typescript.md,D:\onedrive\Documents\GitHub\aspose.org\content\kb.aspose.org\en\3d\typescript\how-to-load-3d-models-in-typescript.md,link_path_corrupted,"no exact reverse-match for: ['/3d/typescript/scene/', '/3d/typescript/objloadoptions/']"
kb.aspose.org,3d,el,D:\onedrive\Documents\GitHub\aspose.org\content\kb.aspose.org\el\3d\typescript\how-to-load-3d-models-in-typescript.md,D:\onedrive\Documents\GitHub\aspose.org\content\kb.aspose.org\en\3d\typescript\how-to-load-3d-models-in-typescript.md,link_path_corrupted,"no exact reverse-match for: ['/3d/typescript/scene/', '/3d/typescript/objloadoptions/']"
kb.aspose.org,3d,es,D:\onedrive\Documents\GitHub\aspose.org\content\kb.aspose.org\es\3d\typescript\how-to-load-3d-models-in-typescript.md,D:\onedrive\Documents\GitHub\aspose.org\content\kb.aspose.org\en\3d\typescript\how-to-load-3d-models-in-typescript.md,link_path_corrupted,"no exact reverse-match for: ['/3d/typescript/scene/', '/3d/typescript/objloadoptions/']"
kb.aspose.org,3d,fa,D:\onedrive\Documents\GitHub\aspose.org\content\kb.aspose.org\fa\3d\typescript\how-to-load-3d-models-in-typescript.md,D:\onedrive\Documents\GitHub\aspose.org\content\kb.aspose.org\en\3d\typescript\how-to-load-3d-models-in-typescript.md,link_path_corrupted,"no exact reverse-match for: ['/3d/typescript/scene/', '/3d/typescript/objloadoptions/']"
kb.aspose.org,3d,fi,D:\onedrive\Documents\GitHub\aspose.org\content\kb.aspose.org\fi\3d\typescript\how-to-load-3d-models-in-typescript.md,D:\onedrive\Documents\GitHub\aspose.org\content\kb.aspose.org\en\3d\typescript\how-to-load-3d-models-in-typescript.md,link_path_corrupted,"no exact reverse-match for: ['/3d/typescript/scene/', '/3d/typescript/objloadoptions/']"
kb.aspose.org,3d,fr,D:\onedrive\Documents\GitHub\aspose.org\content\kb.aspose.org\fr\3d\typescript\how-to-load-3d-models-in-typescript.md,D:\onedrive\Documents\GitHub\aspose.org\content\kb.aspose.org\en\3d\typescript\how-to-load-3d-models-in-typescript.md,link_path_corrupted,"no exact reverse-match for: ['/3d/typescript/scene/', '/3d/typescript/objloadoptions/']"
kb.aspose.org,3d,he,D:\onedrive\Documents\GitHub\aspose.org\content\kb.aspose.org\he\3d\typescript\how-to-load-3d-models-in-typescript.md,D:\onedrive\Documents\GitHub\aspose.org\content\kb.aspose.org\en\3d\typescript\how-to-load-3d-models-in-typescript.md,link_path_corrupted,"no exact reverse-match for: ['/3d/typescript/scene/', '/3d/typescript/objloadoptions/']"
kb.aspose.org,3d,hi,D:\onedrive\Documents\GitHub\aspose.org\content\kb.aspose.org\hi\3d\typescript\how-to-load-3d-models-in-typescript.md,D:\onedrive\Documents\GitHub\aspose.org\content\kb.aspose.org\en\3d\typescript\how-to-load-3d-models-in-typescript.md,link_path_corrupted,"no exact reverse-match for: ['/3d/typescript/scene/', '/3d/typescript/objloadoptions/']"
kb.aspose.org,3d,hr,D:\onedrive\Documents\GitHub\aspose.org\content\kb.aspose.org\hr\3d\typescript\how-to-load-3d-models-in-typescript.md,D:\onedrive\Documents\GitHub\aspose.org\content\kb.aspose.org\en\3d\typescript\how-to-load-3d-models-in-typescript.md,link_path_corrupted,"no exact reverse-match for: ['/3d/typescript/scene/', '/3d/typescript/objloadoptions/']"
kb.aspose.org,3d,hu,D:\onedrive\Documents\GitHub\aspose.org\content\kb.aspose.org\hu\3d\typescript\how-to-load-3d-models-in-typescript.md,D:\onedrive\Documents\GitHub\aspose.org\content\kb.aspose.org\en\3d\typescript\how-to-load-3d-models-in-typescript.md,link_path_corrupted,"no exact reverse-match for: ['/3d/typescript/scene/', '/3d/typescript/objloadoptions/']"
kb.aspose.org,3d,id,D:\onedrive\Documents\GitHub\aspose.org\content\kb.aspose.org\id\3d\typescript\how-to-load-3d-models-in-typescript.md,D:\onedrive\Documents\GitHub\aspose.org\content\kb.aspose.org\en\3d\typescript\how-to-load-3d-models-in-typescript.md,link_path_corrupted,"no exact reverse-match for: ['/3d/typescript/scene/', '/3d/typescript/objloadoptions/']"
kb.aspose.org,3d,it,D:\onedrive\Documents\GitHub\aspose.org\content\kb.aspose.org\it\3d\typescript\how-to-load-3d-models-in-typescript.md,D:\onedrive\Documents\GitHub\aspose.org\content\kb.aspose.org\en\3d\typescript\how-to-load-3d-models-in-typescript.md,link_path_corrupted,"no exact reverse-match for: ['/3d/typescript/scene/', '/3d/typescript/objloadoptions/']"
kb.aspose.org,3d,ja,D:\onedrive\Documents\GitHub\aspose.org\content\kb.aspose.org\ja\3d\typescript\how-to-load-3d-models-in-typescript.md,D:\onedrive\Documents\GitHub\aspose.org\content\kb.aspose.org\en\3d\typescript\how-to-load-3d-models-in-typescript.md,link_path_corrupted,"no exact reverse-match for: ['/3d/typescript/scene/', '/3d/typescript/objloadoptions/']"
kb.aspose.org,3d,ko,D:\onedrive\Documents\GitHub\aspose.org\content\kb.aspose.org\ko\3d\typescript\how-to-load-3d-models-in-typescript.md,D:\onedrive\Documents\GitHub\aspose.org\content\kb.aspose.org\en\3d\typescript\how-to-load-3d-models-in-typescript.md,link_path_corrupted,"no exact reverse-match for: ['/3d/typescript/scene/', '/3d/typescript/objloadoptions/']"
kb.aspose.org,3d,lt,D:\onedrive\Documents\GitHub\aspose.org\content\kb.aspose.org\lt\3d\typescript\how-to-load-3d-models-in-typescript.md,D:\onedrive\Documents\GitHub\aspose.org\content\kb.aspose.org\en\3d\typescript\how-to-load-3d-models-in-typescript.md,link_path_corrupted,"no exact reverse-match for: ['/3d/typescript/scene/', '/3d/typescript/objloadoptions/']"
kb.aspose.org,3d,lv,D:\onedrive\Documents\GitHub\aspose.org\content\kb.aspose.org\lv\3d\typescript\how-to-load-3d-models-in-typescript.md,D:\onedrive\Documents\GitHub\aspose.org\content\kb.aspose.org\en\3d\typescript\how-to-load-3d-models-in-typescript.md,link_path_corrupted,"no exact reverse-match for: ['/3d/typescript/scene/', '/3d/typescript/objloadoptions/']"
kb.aspose.org,3d,ms,D:\onedrive\Documents\GitHub\aspose.org\content\kb.aspose.org\ms\3d\typescript\how-to-load-3d-models-in-typescript.md,D:\onedrive\Documents\GitHub\aspose.org\content\kb.aspose.org\en\3d\typescript\how-to-load-3d-models-in-typescript.md,link_path_corrupted,"no exact reverse-match for: ['/3d/typescript/scene/', '/3d/typescript/objloadoptions/']"
kb.aspose.org,3d,nl,D:\onedrive\Documents\GitHub\aspose.org\content\kb.aspose.org\nl\3d\typescript\how-to-load-3d-models-in-typescript.md,D:\onedrive\Documents\GitHub\aspose.org\content\kb.aspose.org\en\3d\typescript\how-to-load-3d-models-in-typescript.md,link_path_corrupted,"no exact reverse-match for: ['/3d/typescript/scene/', '/3d/typescript/objloadoptions/']"
kb.aspose.org,3d,no,D:\onedrive\Documents\GitHub\aspose.org\content\kb.aspose.org\no\3d\typescript\how-to-load-3d-models-in-typescript.md,D:\onedrive\Documents\GitHub\aspose.org\content\kb.aspose.org\en\3d\typescript\how-to-load-3d-models-in-typescript.md,link_path_corrupted,"no exact reverse-match for: ['/3d/typescript/scene/', '/3d/typescript/objloadoptions/']"
kb.aspose.org,3d,pl,D:\onedrive\Documents\GitHub\aspose.org\content\kb.aspose.org\pl\3d\typescript\how-to-load-3d-models-in-typescript.md,D:\onedrive\Documents\GitHub\aspose.org\content\kb.aspose.org\en\3d\typescript\how-to-load-3d-models-in-typescript.md,link_path_corrupted,"no exact reverse-match for: ['/3d/typescript/scene/', '/3d/typescript/objloadoptions/']"
kb.aspose.org,3d,pt,D:\onedrive\Documents\GitHub\aspose.org\content\kb.aspose.org\pt\3d\typescript\how-to-load-3d-models-in-typescript.md,D:\onedrive\Documents\GitHub\aspose.org\content\kb.aspose.org\en\3d\typescript\how-to-load-3d-models-in-typescript.md,link_path_corrupted,"no exact reverse-match for: ['/3d/typescript/scene/', '/3d/typescript/objloadoptions/']"
kb.aspose.org,3d,ro,D:\onedrive\Documents\GitHub\aspose.org\content\kb.aspose.org\ro\3d\typescript\how-to-load-3d-models-in-typescript.md,D:\onedrive\Documents\GitHub\aspose.org\content\kb.aspose.org\en\3d\typescript\how-to-load-3d-models-in-typescript.md,link_path_corrupted,"no exact reverse-match for: ['/3d/typescript/scene/', '/3d/typescript/objloadoptions/']"
kb.aspose.org,3d,ru,D:\onedrive\Documents\GitHub\aspose.org\content\kb.aspose.org\ru\3d\typescript\how-to-load-3d-models-in-typescript.md,D:\onedrive\Documents\GitHub\aspose.org\content\kb.aspose.org\en\3d\typescript\how-to-load-3d-models-in-typescript.md,link_path_corrupted,"no exact reverse-match for: ['/3d/typescript/scene/', '/3d/typescript/objloadoptions/']"
kb.aspose.org,3d,sk,D:\onedrive\Documents\GitHub\aspose.org\content\kb.aspose.org\sk\3d\typescript\how-to-load-3d-models-in-typescript.md,D:\onedrive\Documents\GitHub\aspose.org\content\kb.aspose.org\en\3d\typescript\how-to-load-3d-models-in-typescript.md,link_path_corrupted,"no exact reverse-match for: ['/3d/typescript/scene/', '/3d/typescript/objloadoptions/']"
kb.aspose.org,3d,sr,D:\onedrive\Documents\GitHub\aspose.org\content\kb.aspose.org\sr\3d\typescript\how-to-load-3d-models-in-typescript.md,D:\onedrive\Documents\GitHub\aspose.org\content\kb.aspose.org\en\3d\typescript\how-to-load-3d-models-in-typescript.md,link_path_corrupted,"no exact reverse-match for: ['/3d/typescript/scene/', '/3d/typescript/objloadoptions/']"
kb.aspose.org,3d,sv,D:\onedrive\Documents\GitHub\aspose.org\content\kb.aspose.org\sv\3d\typescript\how-to-load-3d-models-in-typescript.md,D:\onedrive\Documents\GitHub\aspose.org\content\kb.aspose.org\en\3d\typescript\how-to-load-3d-models-in-typescript.md,link_path_corrupted,"no exact reverse-match for: ['/3d/typescript/scene/', '/3d/typescript/objloadoptions/']"
kb.aspose.org,3d,th,D:\onedrive\Documents\GitHub\aspose.org\content\kb.aspose.org\th\3d\typescript\how-to-load-3d-models-in-typescript.md,D:\onedrive\Documents\GitHub\aspose.org\content\kb.aspose.org\en\3d\typescript\how-to-load-3d-models-in-typescript.md,link_path_corrupted,"no exact reverse-match for: ['/3d/typescript/scene/', '/3d/typescript/objloadoptions/']"
kb.aspose.org,3d,tr,D:\onedrive\Documents\GitHub\aspose.org\content\kb.aspose.org\tr\3d\typescript\how-to-load-3d-models-in-typescript.md,D:\onedrive\Documents\GitHub\aspose.org\content\kb.aspose.org\en\3d\typescript\how-to-load-3d-models-in-typescript.md,link_path_corrupted,"no exact reverse-match for: ['/3d/typescript/scene/', '/3d/typescript/objloadoptions/']"
kb.aspose.org,3d,uk,D:\onedrive\Documents\GitHub\aspose.org\content\kb.aspose.org\uk\3d\typescript\how-to-load-3d-models-in-typescript.md,D:\onedrive\Documents\GitHub\aspose.org\content\kb.aspose.org\en\3d\typescript\how-to-load-3d-models-in-typescript.md,link_path_corrupted,"no exact reverse-match for: ['/3d/typescript/scene/', '/3d/typescript/objloadoptions/']"
kb.aspose.org,3d,vi,D:\onedrive\Documents\GitHub\aspose.org\content\kb.aspose.org\vi\3d\typescript\how-to-load-3d-models-in-typescript.md,D:\onedrive\Documents\GitHub\aspose.org\content\kb.aspose.org\en\3d\typescript\how-to-load-3d-models-in-typescript.md,link_path_corrupted,"no exact reverse-match for: ['/3d/typescript/scene/', '/3d/typescript/objloadoptions/']"
kb.aspose.org,3d,zh,D:\onedrive\Documents\GitHub\aspose.org\content\kb.aspose.org\zh\3d\typescript\how-to-load-3d-models-in-typescript.md,D:\onedrive\Documents\GitHub\aspose.org\content\kb.aspose.org\en\3d\typescript\how-to-load-3d-models-in-typescript.md,link_path_corrupted,"no exact reverse-match for: ['/3d/typescript/scene/', '/3d/typescript/objloadoptions/']"
kb.aspose.org,3d,fa,D:\onedrive\Documents\GitHub\aspose.org\content\kb.aspose.org\fa\3d\typescript\how-to-traverse-scene-graph-in-typescript.md,D:\onedrive\Documents\GitHub\aspose.org\content\kb.aspose.org\en\3d\typescript\how-to-traverse-scene-graph-in-typescript.md,link_path_corrupted,no exact reverse-match for: ['/3d/typescript/how-to-build-mesh-programmatically-in-typescript/']
kb.aspose.org,3d,fi,D:\onedrive\Documents\GitHub\aspose.org\content\kb.aspose.org\fi\3d\typescript\how-to-traverse-scene-graph-in-typescript.md,D:\onedrive\Documents\GitHub\aspose.org\content\kb.aspose.org\en\3d\typescript\how-to-traverse-scene-graph-in-typescript.md,link_path_corrupted,no exact reverse-match for: ['/3d/typescript/how-to-build-mesh-programmatically-in-typescript/']
kb.aspose.org,3d,fr,D:\onedrive\Documents\GitHub\aspose.org\content\kb.aspose.org\fr\3d\typescript\how-to-traverse-scene-graph-in-typescript.md,D:\onedrive\Documents\GitHub\aspose.org\content\kb.aspose.org\en\3d\typescript\how-to-traverse-scene-graph-in-typescript.md,link_path_corrupted,no exact reverse-match for: ['/3d/typescript/how-to-build-mesh-programmatically-in-typescript/']
kb.aspose.org,3d,he,D:\onedrive\Documents\GitHub\aspose.org\content\kb.aspose.org\he\3d\typescript\how-to-traverse-scene-graph-in-typescript.md,D:\onedrive\Documents\GitHub\aspose.org\content\kb.aspose.org\en\3d\typescript\how-to-traverse-scene-graph-in-typescript.md,link_path_corrupted,no exact reverse-match for: ['/3d/typescript/how-to-build-mesh-programmatically-in-typescript/']
kb.aspose.org,3d,hu,D:\onedrive\Documents\GitHub\aspose.org\content\kb.aspose.org\hu\3d\typescript\how-to-traverse-scene-graph-in-typescript.md,D:\onedrive\Documents\GitHub\aspose.org\content\kb.aspose.org\en\3d\typescript\how-to-traverse-scene-graph-in-typescript.md,link_path_corrupted,no exact reverse-match for: ['/3d/typescript/how-to-build-mesh-programmatically-in-typescript/']
kb.aspose.org,3d,id,D:\onedrive\Documents\GitHub\aspose.org\content\kb.aspose.org\id\3d\typescript\how-to-traverse-scene-graph-in-typescript.md,D:\onedrive\Documents\GitHub\aspose.org\content\kb.aspose.org\en\3d\typescript\how-to-traverse-scene-graph-in-typescript.md,link_path_corrupted,no exact reverse-match for: ['/3d/typescript/how-to-build-mesh-programmatically-in-typescript/']
kb.aspose.org,3d,it,D:\onedrive\Documents\GitHub\aspose.org\content\kb.aspose.org\it\3d\typescript\how-to-traverse-scene-graph-in-typescript.md,D:\onedrive\Documents\GitHub\aspose.org\content\kb.aspose.org\en\3d\typescript\how-to-traverse-scene-graph-in-typescript.md,link_path_corrupted,no exact reverse-match for: ['/3d/typescript/how-to-build-mesh-programmatically-in-typescript/']
kb.aspose.org,3d,ja,D:\onedrive\Documents\GitHub\aspose.org\content\kb.aspose.org\ja\3d\typescript\how-to-traverse-scene-graph-in-typescript.md,D:\onedrive\Documents\GitHub\aspose.org\content\kb.aspose.org\en\3d\typescript\how-to-traverse-scene-graph-in-typescript.md,link_path_corrupted,no exact reverse-match for: ['/3d/typescript/how-to-build-mesh-programmatically-in-typescript/']
kb.aspose.org,3d,lv,D:\onedrive\Documents\GitHub\aspose.org\content\kb.aspose.org\lv\3d\typescript\how-to-traverse-scene-graph-in-typescript.md,D:\onedrive\Documents\GitHub\aspose.org\content\kb.aspose.org\en\3d\typescript\how-to-traverse-scene-graph-in-typescript.md,link_path_corrupted,no exact reverse-match for: ['/3d/typescript/how-to-build-mesh-programmatically-in-typescript/']
kb.aspose.org,3d,ms,D:\onedrive\Documents\GitHub\aspose.org\content\kb.aspose.org\ms\3d\typescript\how-to-traverse-scene-graph-in-typescript.md,D:\onedrive\Documents\GitHub\aspose.org\content\kb.aspose.org\en\3d\typescript\how-to-traverse-scene-graph-in-typescript.md,link_path_corrupted,no exact reverse-match for: ['/3d/typescript/how-to-build-mesh-programmatically-in-typescript/']
kb.aspose.org,3d,nl,D:\onedrive\Documents\GitHub\aspose.org\content\kb.aspose.org\nl\3d\typescript\how-to-traverse-scene-graph-in-typescript.md,D:\onedrive\Documents\GitHub\aspose.org\content\kb.aspose.org\en\3d\typescript\how-to-traverse-scene-graph-in-typescript.md,link_path_corrupted,no exact reverse-match for: ['/3d/typescript/how-to-build-mesh-programmatically-in-typescript/']
kb.aspose.org,3d,no,D:\onedrive\Documents\GitHub\aspose.org\content\kb.aspose.org\no\3d\typescript\how-to-traverse-scene-graph-in-typescript.md,D:\onedrive\Documents\GitHub\aspose.org\content\kb.aspose.org\en\3d\typescript\how-to-traverse-scene-graph-in-typescript.md,link_path_corrupted,no exact reverse-match for: ['/3d/typescript/how-to-build-mesh-programmatically-in-typescript/']
kb.aspose.org,3d,ro,D:\onedrive\Documents\GitHub\aspose.org\content\kb.aspose.org\ro\3d\typescript\how-to-traverse-scene-graph-in-typescript.md,D:\onedrive\Documents\GitHub\aspose.org\content\kb.aspose.org\en\3d\typescript\how-to-traverse-scene-graph-in-typescript.md,link_path_corrupted,no exact reverse-match for: ['/3d/typescript/how-to-build-mesh-programmatically-in-typescript/']
kb.aspose.org,3d,ru,D:\onedrive\Documents\GitHub\aspose.org\content\kb.aspose.org\ru\3d\typescript\how-to-traverse-scene-graph-in-typescript.md,D:\onedrive\Documents\GitHub\aspose.org\content\kb.aspose.org\en\3d\typescript\how-to-traverse-scene-graph-in-typescript.md,link_path_corrupted,no exact reverse-match for: ['/3d/typescript/how-to-build-mesh-programmatically-in-typescript/']
kb.aspose.org,3d,sk,D:\onedrive\Documents\GitHub\aspose.org\content\kb.aspose.org\sk\3d\typescript\how-to-traverse-scene-graph-in-typescript.md,D:\onedrive\Documents\GitHub\aspose.org\content\kb.aspose.org\en\3d\typescript\how-to-traverse-scene-graph-in-typescript.md,link_path_corrupted,no exact reverse-match for: ['/3d/typescript/how-to-build-mesh-programmatically-in-typescript/']
kb.aspose.org,3d,sr,D:\onedrive\Documents\GitHub\aspose.org\content\kb.aspose.org\sr\3d\typescript\how-to-traverse-scene-graph-in-typescript.md,D:\onedrive\Documents\GitHub\aspose.org\content\kb.aspose.org\en\3d\typescript\how-to-traverse-scene-graph-in-typescript.md,link_path_corrupted,no exact reverse-match for: ['/3d/typescript/how-to-build-mesh-programmatically-in-typescript/']
kb.aspose.org,3d,th,D:\onedrive\Documents\GitHub\aspose.org\content\kb.aspose.org\th\3d\typescript\how-to-traverse-scene-graph-in-typescript.md,D:\onedrive\Documents\GitHub\aspose.org\content\kb.aspose.org\en\3d\typescript\how-to-traverse-scene-graph-in-typescript.md,link_path_corrupted,no exact reverse-match for: ['/3d/typescript/how-to-build-mesh-programmatically-in-typescript/']
kb.aspose.org,3d,tr,D:\onedrive\Documents\GitHub\aspose.org\content\kb.aspose.org\tr\3d\typescript\how-to-traverse-scene-graph-in-typescript.md,D:\onedrive\Documents\GitHub\aspose.org\content\kb.aspose.org\en\3d\typescript\how-to-traverse-scene-graph-in-typescript.md,link_path_corrupted,no exact reverse-match for: ['/3d/typescript/how-to-build-mesh-programmatically-in-typescript/']
kb.aspose.org,3d,uk,D:\onedrive\Documents\GitHub\aspose.org\content\kb.aspose.org\uk\3d\typescript\how-to-traverse-scene-graph-in-typescript.md,D:\onedrive\Documents\GitHub\aspose.org\content\kb.aspose.org\en\3d\typescript\how-to-traverse-scene-graph-in-typescript.md,link_path_corrupted,no exact reverse-match for: ['/3d/typescript/how-to-build-mesh-programmatically-in-typescript/']
kb.aspose.org,3d,vi,D:\onedrive\Documents\GitHub\aspose.org\content\kb.aspose.org\vi\3d\typescript\how-to-traverse-scene-graph-in-typescript.md,D:\onedrive\Documents\GitHub\aspose.org\content\kb.aspose.org\en\3d\typescript\how-to-traverse-scene-graph-in-typescript.md,link_path_corrupted,no exact reverse-match for: ['/3d/typescript/how-to-build-mesh-programmatically-in-typescript/']
kb.aspose.org,3d,zh,D:\onedrive\Documents\GitHub\aspose.org\content\kb.aspose.org\zh\3d\typescript\how-to-traverse-scene-graph-in-typescript.md,D:\onedrive\Documents\GitHub\aspose.org\content\kb.aspose.org\en\3d\typescript\how-to-traverse-scene-graph-in-typescript.md,link_path_corrupted,no exact reverse-match for: ['/3d/typescript/how-to-build-mesh-programmatically-in-typescript/']
reference.aspose.org,3d,es,D:\onedrive\Documents\GitHub\aspose.org\content\reference.aspose.org\es\3d\java\animation\_index.md,D:\onedrive\Documents\GitHub\aspose.org\content\reference.aspose.org\en\3d\java\animation\_index.md,link_path_corrupted,no exact reverse-match for: ['/3d/java/transform/']
reference.aspose.org,3d,fi,D:\onedrive\Documents\GitHub\aspose.org\content\reference.aspose.org\fi\3d\java\animation\_index.md,D:\onedrive\Documents\GitHub\aspose.org\content\reference.aspose.org\en\3d\java\animation\_index.md,link_path_corrupted,no exact reverse-match for: ['/3d/java/transform/']
reference.aspose.org,3d,fr,D:\onedrive\Documents\GitHub\aspose.org\content\reference.aspose.org\fr\3d\java\animation\_index.md,D:\onedrive\Documents\GitHub\aspose.org\content\reference.aspose.org\en\3d\java\animation\_index.md,link_path_corrupted,no exact reverse-match for: ['/3d/java/transform/']
reference.aspose.org,3d,he,D:\onedrive\Documents\GitHub\aspose.org\content\reference.aspose.org\he\3d\java\animation\_index.md,D:\onedrive\Documents\GitHub\aspose.org\content\reference.aspose.org\en\3d\java\animation\_index.md,link_path_corrupted,no exact reverse-match for: ['/3d/java/transform/']
reference.aspose.org,3d,hi,D:\onedrive\Documents\GitHub\aspose.org\content\reference.aspose.org\hi\3d\java\animation\_index.md,D:\onedrive\Documents\GitHub\aspose.org\content\reference.aspose.org\en\3d\java\animation\_index.md,link_path_corrupted,no exact reverse-match for: ['/3d/java/transform/']
reference.aspose.org,3d,it,D:\onedrive\Documents\GitHub\aspose.org\content\reference.aspose.org\it\3d\java\animation\_index.md,D:\onedrive\Documents\GitHub\aspose.org\content\reference.aspose.org\en\3d\java\animation\_index.md,link_path_corrupted,no exact reverse-match for: ['/3d/java/transform/']
reference.aspose.org,3d,ja,D:\onedrive\Documents\GitHub\aspose.org\content\reference.aspose.org\ja\3d\java\animation\_index.md,D:\onedrive\Documents\GitHub\aspose.org\content\reference.aspose.org\en\3d\java\animation\_index.md,link_path_corrupted,no exact reverse-match for: ['/3d/java/transform/']
reference.aspose.org,3d,ko,D:\onedrive\Documents\GitHub\aspose.org\content\reference.aspose.org\ko\3d\java\animation\_index.md,D:\onedrive\Documents\GitHub\aspose.org\content\reference.aspose.org\en\3d\java\animation\_index.md,link_path_corrupted,no exact reverse-match for: ['/3d/java/transform/']
reference.aspose.org,3d,lt,D:\onedrive\Documents\GitHub\aspose.org\content\reference.aspose.org\lt\3d\java\animation\_index.md,D:\onedrive\Documents\GitHub\aspose.org\content\reference.aspose.org\en\3d\java\animation\_index.md,link_path_corrupted,no exact reverse-match for: ['/3d/java/transform/']
reference.aspose.org,3d,lv,D:\onedrive\Documents\GitHub\aspose.org\content\reference.aspose.org\lv\3d\java\animation\_index.md,D:\onedrive\Documents\GitHub\aspose.org\content\reference.aspose.org\en\3d\java\animation\_index.md,link_path_corrupted,no exact reverse-match for: ['/3d/java/transform/']
reference.aspose.org,3d,ms,D:\onedrive\Documents\GitHub\aspose.org\content\reference.aspose.org\ms\3d\java\animation\_index.md,D:\onedrive\Documents\GitHub\aspose.org\content\reference.aspose.org\en\3d\java\animation\_index.md,link_path_corrupted,no exact reverse-match for: ['/3d/java/transform/']
reference.aspose.org,3d,nl,D:\onedrive\Documents\GitHub\aspose.org\content\reference.aspose.org\nl\3d\java\animation\_index.md,D:\onedrive\Documents\GitHub\aspose.org\content\reference.aspose.org\en\3d\java\animation\_index.md,link_path_corrupted,no exact reverse-match for: ['/3d/java/transform/']
reference.aspose.org,3d,no,D:\onedrive\Documents\GitHub\aspose.org\content\reference.aspose.org\no\3d\java\animation\_index.md,D:\onedrive\Documents\GitHub\aspose.org\content\reference.aspose.org\en\3d\java\animation\_index.md,link_path_corrupted,no exact reverse-match for: ['/3d/java/transform/']
reference.aspose.org,3d,pl,D:\onedrive\Documents\GitHub\aspose.org\content\reference.aspose.org\pl\3d\java\animation\_index.md,D:\onedrive\Documents\GitHub\aspose.org\content\reference.aspose.org\en\3d\java\animation\_index.md,link_path_corrupted,no exact reverse-match for: ['/3d/java/transform/']
reference.aspose.org,3d,sr,D:\onedrive\Documents\GitHub\aspose.org\content\reference.aspose.org\sr\3d\java\animation\_index.md,D:\onedrive\Documents\GitHub\aspose.org\content\reference.aspose.org\en\3d\java\animation\_index.md,link_path_corrupted,no exact reverse-match for: ['/3d/java/transform/']
reference.aspose.org,3d,sv,D:\onedrive\Documents\GitHub\aspose.org\content\reference.aspose.org\sv\3d\java\animation\_index.md,D:\onedrive\Documents\GitHub\aspose.org\content\reference.aspose.org\en\3d\java\animation\_index.md,link_path_corrupted,no exact reverse-match for: ['/3d/java/transform/']
reference.aspose.org,3d,th,D:\onedrive\Documents\GitHub\aspose.org\content\reference.aspose.org\th\3d\java\animation\_index.md,D:\onedrive\Documents\GitHub\aspose.org\content\reference.aspose.org\en\3d\java\animation\_index.md,link_path_corrupted,no exact reverse-match for: ['/3d/java/transform/']
reference.aspose.org,3d,tr,D:\onedrive\Documents\GitHub\aspose.org\content\reference.aspose.org\tr\3d\java\animation\_index.md,D:\onedrive\Documents\GitHub\aspose.org\content\reference.aspose.org\en\3d\java\animation\_index.md,link_path_corrupted,no exact reverse-match for: ['/3d/java/transform/']
reference.aspose.org,3d,uk,D:\onedrive\Documents\GitHub\aspose.org\content\reference.aspose.org\uk\3d\java\animation\_index.md,D:\onedrive\Documents\GitHub\aspose.org\content\reference.aspose.org\en\3d\java\animation\_index.md,link_path_corrupted,no exact reverse-match for: ['/3d/java/transform/']
reference.aspose.org,3d,vi,D:\onedrive\Documents\GitHub\aspose.org\content\reference.aspose.org\vi\3d\java\animation\_index.md,D:\onedrive\Documents\GitHub\aspose.org\content\reference.aspose.org\en\3d\java\animation\_index.md,link_path_corrupted,no exact reverse-match for: ['/3d/java/transform/']
reference.aspose.org,3d,zh,D:\onedrive\Documents\GitHub\aspose.org\content\reference.aspose.org\zh\3d\java\animation\_index.md,D:\onedrive\Documents\GitHub\aspose.org\content\reference.aspose.org\en\3d\java\animation\_index.md,link_path_corrupted,no exact reverse-match for: ['/3d/java/transform/']
reference.aspose.org,3d,es,D:\onedrive\Documents\GitHub\aspose.org\content\reference.aspose.org\es\3d\java\base-classes\_index.md,D:\onedrive\Documents\GitHub\aspose.org\content\reference.aspose.org\en\3d\java\base-classes\_index.md,link_path_corrupted,no exact reverse-match for: ['/3d/java/property/']
reference.aspose.org,3d,fa,D:\onedrive\Documents\GitHub\aspose.org\content\reference.aspose.org\fa\3d\java\base-classes\_index.md,D:\onedrive\Documents\GitHub\aspose.org\content\reference.aspose.org\en\3d\java\base-classes\_index.md,link_path_corrupted,no exact reverse-match for: ['/3d/java/property/']
reference.aspose.org,3d,fi,D:\onedrive\Documents\GitHub\aspose.org\content\reference.aspose.org\fi\3d\java\base-classes\_index.md,D:\onedrive\Documents\GitHub\aspose.org\content\reference.aspose.org\en\3d\java\base-classes\_index.md,link_path_corrupted,no exact reverse-match for: ['/3d/java/property/']
reference.aspose.org,3d,fr,D:\onedrive\Documents\GitHub\aspose.org\content\reference.aspose.org\fr\3d\java\base-classes\_index.md,D:\onedrive\Documents\GitHub\aspose.org\content\reference.aspose.org\en\3d\java\base-classes\_index.md,link_path_corrupted,no exact reverse-match for: ['/3d/java/property/']
reference.aspose.org,3d,he,D:\onedrive\Documents\GitHub\aspose.org\content\reference.aspose.org\he\3d\java\base-classes\_index.md,D:\onedrive\Documents\GitHub\aspose.org\content\reference.aspose.org\en\3d\java\base-classes\_index.md,link_path_corrupted,no exact reverse-match for: ['/3d/java/property/']
reference.aspose.org,3d,hi,D:\onedrive\Documents\GitHub\aspose.org\content\reference.aspose.org\hi\3d\java\base-classes\_index.md,D:\onedrive\Documents\GitHub\aspose.org\content\reference.aspose.org\en\3d\java\base-classes\_index.md,link_path_corrupted,no exact reverse-match for: ['/3d/java/property/']
reference.aspose.org,3d,it,D:\onedrive\Documents\GitHub\aspose.org\content\reference.aspose.org\it\3d\java\base-classes\_index.md,D:\onedrive\Documents\GitHub\aspose.org\content\reference.aspose.org\en\3d\java\base-classes\_index.md,link_path_corrupted,no exact reverse-match for: ['/3d/java/property/']
reference.aspose.org,3d,ko,D:\onedrive\Documents\GitHub\aspose.org\content\reference.aspose.org\ko\3d\java\base-classes\_index.md,D:\onedrive\Documents\GitHub\aspose.org\content\reference.aspose.org\en\3d\java\base-classes\_index.md,link_path_corrupted,no exact reverse-match for: ['/3d/java/property/']
reference.aspose.org,3d,lt,D:\onedrive\Documents\GitHub\aspose.org\content\reference.aspose.org\lt\3d\java\base-classes\_index.md,D:\onedrive\Documents\GitHub\aspose.org\content\reference.aspose.org\en\3d\java\base-classes\_index.md,link_path_corrupted,no exact reverse-match for: ['/3d/java/property/']
reference.aspose.org,3d,lv,D:\onedrive\Documents\GitHub\aspose.org\content\reference.aspose.org\lv\3d\java\base-classes\_index.md,D:\onedrive\Documents\GitHub\aspose.org\content\reference.aspose.org\en\3d\java\base-classes\_index.md,link_path_corrupted,no exact reverse-match for: ['/3d/java/property/']
reference.aspose.org,3d,ms,D:\onedrive\Documents\GitHub\aspose.org\content\reference.aspose.org\ms\3d\java\base-classes\_index.md,D:\onedrive\Documents\GitHub\aspose.org\content\reference.aspose.org\en\3d\java\base-classes\_index.md,link_path_corrupted,no exact reverse-match for: ['/3d/java/property/']
reference.aspose.org,3d,nl,D:\onedrive\Documents\GitHub\aspose.org\content\reference.aspose.org\nl\3d\java\base-classes\_index.md,D:\onedrive\Documents\GitHub\aspose.org\content\reference.aspose.org\en\3d\java\base-classes\_index.md,link_path_corrupted,no exact reverse-match for: ['/3d/java/property/']
reference.aspose.org,3d,no,D:\onedrive\Documents\GitHub\aspose.org\content\reference.aspose.org\no\3d\java\base-classes\_index.md,D:\onedrive\Documents\GitHub\aspose.org\content\reference.aspose.org\en\3d\java\base-classes\_index.md,link_path_corrupted,no exact reverse-match for: ['/3d/java/property/']
reference.aspose.org,3d,pl,D:\onedrive\Documents\GitHub\aspose.org\content\reference.aspose.org\pl\3d\java\base-classes\_index.md,D:\onedrive\Documents\GitHub\aspose.org\content\reference.aspose.org\en\3d\java\base-classes\_index.md,link_path_corrupted,no exact reverse-match for: ['/3d/java/property/']
reference.aspose.org,3d,sr,D:\onedrive\Documents\GitHub\aspose.org\content\reference.aspose.org\sr\3d\java\base-classes\_index.md,D:\onedrive\Documents\GitHub\aspose.org\content\reference.aspose.org\en\3d\java\base-classes\_index.md,link_path_corrupted,no exact reverse-match for: ['/3d/java/property/']
reference.aspose.org,3d,sv,D:\onedrive\Documents\GitHub\aspose.org\content\reference.aspose.org\sv\3d\java\base-classes\_index.md,D:\onedrive\Documents\GitHub\aspose.org\content\reference.aspose.org\en\3d\java\base-classes\_index.md,link_path_corrupted,no exact reverse-match for: ['/3d/java/property/']
reference.aspose.org,3d,th,D:\onedrive\Documents\GitHub\aspose.org\content\reference.aspose.org\th\3d\java\base-classes\_index.md,D:\onedrive\Documents\GitHub\aspose.org\content\reference.aspose.org\en\3d\java\base-classes\_index.md,link_path_corrupted,no exact reverse-match for: ['/3d/java/property/']
reference.aspose.org,3d,tr,D:\onedrive\Documents\GitHub\aspose.org\content\reference.aspose.org\tr\3d\java\base-classes\_index.md,D:\onedrive\Documents\GitHub\aspose.org\content\reference.aspose.org\en\3d\java\base-classes\_index.md,link_path_corrupted,no exact reverse-match for: ['/3d/java/property/']
reference.aspose.org,3d,uk,D:\onedrive\Documents\GitHub\aspose.org\content\reference.aspose.org\uk\3d\java\base-classes\_index.md,D:\onedrive\Documents\GitHub\aspose.org\content\reference.aspose.org\en\3d\java\base-classes\_index.md,link_path_corrupted,no exact reverse-match for: ['/3d/java/property/']
reference.aspose.org,3d,vi,D:\onedrive\Documents\GitHub\aspose.org\content\reference.aspose.org\vi\3d\java\base-classes\_index.md,D:\onedrive\Documents\GitHub\aspose.org\content\reference.aspose.org\en\3d\java\base-classes\_index.md,link_path_corrupted,no exact reverse-match for: ['/3d/java/property/']
reference.aspose.org,3d,zh,D:\onedrive\Documents\GitHub\aspose.org\content\reference.aspose.org\zh\3d\java\base-classes\_index.md,D:\onedrive\Documents\GitHub\aspose.org\content\reference.aspose.org\en\3d\java\base-classes\_index.md,link_path_corrupted,no exact reverse-match for: ['/3d/java/property/']
reference.aspose.org,3d,es,D:\onedrive\Documents\GitHub\aspose.org\content\reference.aspose.org\es\3d\java\enums\_index.md,D:\onedrive\Documents\GitHub\aspose.org\content\reference.aspose.org\en\3d\java\enums\_index.md,link_path_corrupted,"no exact reverse-match for: ['/3d/java/asset-info/', '/3d/java/vertex-element/#mappingmode-enumeration', '/3d/java/mesh/', '/3d/java/vertex-element/#referencemode-enumeration', '/3d/java/vertex-element/#vertexelementtype-enumeration']"
reference.aspose.org,3d,fi,D:\onedrive\Documents\GitHub\aspose.org\content\reference.aspose.org\fi\3d\java\enums\_index.md,D:\onedrive\Documents\GitHub\aspose.org\content\reference.aspose.org\en\3d\java\enums\_index.md,link_path_corrupted,"no exact reverse-match for: ['/3d/java/asset-info/', '/3d/java/vertex-element/#mappingmode-enumeration', '/3d/java/mesh/', '/3d/java/vertex-element/#referencemode-enumeration', '/3d/java/vertex-element/#vertexelementtype-enumeration']"
reference.aspose.org,3d,fr,D:\onedrive\Documents\GitHub\aspose.org\content\reference.aspose.org\fr\3d\java\enums\_index.md,D:\onedrive\Documents\GitHub\aspose.org\content\reference.aspose.org\en\3d\java\enums\_index.md,link_path_corrupted,"no exact reverse-match for: ['/3d/java/asset-info/', '/3d/java/vertex-element/#mappingmode-enumeration', '/3d/java/mesh/', '/3d/java/vertex-element/#referencemode-enumeration', '/3d/java/vertex-element/#vertexelementtype-enumeration']"
reference.aspose.org,3d,he,D:\onedrive\Documents\GitHub\aspose.org\content\reference.aspose.org\he\3d\java\enums\_index.md,D:\onedrive\Documents\GitHub\aspose.org\content\reference.aspose.org\en\3d\java\enums\_index.md,link_path_corrupted,"no exact reverse-match for: ['/3d/java/asset-info/', '/3d/java/vertex-element/#mappingmode-enumeration', '/3d/java/mesh/', '/3d/java/vertex-element/#referencemode-enumeration', '/3d/java/vertex-element/#vertexelementtype-enumeration']"
reference.aspose.org,3d,hi,D:\onedrive\Documents\GitHub\aspose.org\content\reference.aspose.org\hi\3d\java\enums\_index.md,D:\onedrive\Documents\GitHub\aspose.org\content\reference.aspose.org\en\3d\java\enums\_index.md,link_path_corrupted,"no exact reverse-match for: ['/3d/java/asset-info/', '/3d/java/vertex-element/#mappingmode-enumeration', '/3d/java/mesh/', '/3d/java/vertex-element/#referencemode-enumeration', '/3d/java/vertex-element/#vertexelementtype-enumeration']"
reference.aspose.org,3d,it,D:\onedrive\Documents\GitHub\aspose.org\content\reference.aspose.org\it\3d\java\enums\_index.md,D:\onedrive\Documents\GitHub\aspose.org\content\reference.aspose.org\en\3d\java\enums\_index.md,link_path_corrupted,"no exact reverse-match for: ['/3d/java/asset-info/', '/3d/java/vertex-element/#mappingmode-enumeration', '/3d/java/mesh/', '/3d/java/vertex-element/#referencemode-enumeration', '/3d/java/vertex-element/#vertexelementtype-enumeration']"
reference.aspose.org,3d,ja,D:\onedrive\Documents\GitHub\aspose.org\content\reference.aspose.org\ja\3d\java\enums\_index.md,D:\onedrive\Documents\GitHub\aspose.org\content\reference.aspose.org\en\3d\java\enums\_index.md,link_path_corrupted,"no exact reverse-match for: ['/3d/java/asset-info/', '/3d/java/vertex-element/#mappingmode-enumeration', '/3d/java/mesh/', '/3d/java/vertex-element/#referencemode-enumeration', '/3d/java/vertex-element/#vertexelementtype-enumeration']"
reference.aspose.org,3d,ko,D:\onedrive\Documents\GitHub\aspose.org\content\reference.aspose.org\ko\3d\java\enums\_index.md,D:\onedrive\Documents\GitHub\aspose.org\content\reference.aspose.org\en\3d\java\enums\_index.md,link_path_corrupted,"no exact reverse-match for: ['/3d/java/asset-info/', '/3d/java/vertex-element/#mappingmode-enumeration', '/3d/java/mesh/', '/3d/java/vertex-element/#referencemode-enumeration', '/3d/java/vertex-element/#vertexelementtype-enumeration']"
reference.aspose.org,3d,lt,D:\onedrive\Documents\GitHub\aspose.org\content\reference.aspose.org\lt\3d\java\enums\_index.md,D:\onedrive\Documents\GitHub\aspose.org\content\reference.aspose.org\en\3d\java\enums\_index.md,link_path_corrupted,"no exact reverse-match for: ['/3d/java/asset-info/', '/3d/java/vertex-element/#mappingmode-enumeration', '/3d/java/mesh/', '/3d/java/vertex-element/#referencemode-enumeration', '/3d/java/vertex-element/#vertexelementtype-enumeration']"
reference.aspose.org,3d,lv,D:\onedrive\Documents\GitHub\aspose.org\content\reference.aspose.org\lv\3d\java\enums\_index.md,D:\onedrive\Documents\GitHub\aspose.org\content\reference.aspose.org\en\3d\java\enums\_index.md,link_path_corrupted,"no exact reverse-match for: ['/3d/java/asset-info/', '/3d/java/vertex-element/#mappingmode-enumeration', '/3d/java/mesh/', '/3d/java/vertex-element/#referencemode-enumeration', '/3d/java/vertex-element/#vertexelementtype-enumeration']"
reference.aspose.org,3d,ms,D:\onedrive\Documents\GitHub\aspose.org\content\reference.aspose.org\ms\3d\java\enums\_index.md,D:\onedrive\Documents\GitHub\aspose.org\content\reference.aspose.org\en\3d\java\enums\_index.md,link_path_corrupted,"no exact reverse-match for: ['/3d/java/asset-info/', '/3d/java/vertex-element/#mappingmode-enumeration', '/3d/java/mesh/', '/3d/java/vertex-element/#referencemode-enumeration', '/3d/java/vertex-element/#vertexelementtype-enumeration']"
reference.aspose.org,3d,nl,D:\onedrive\Documents\GitHub\aspose.org\content\reference.aspose.org\nl\3d\java\enums\_index.md,D:\onedrive\Documents\GitHub\aspose.org\content\reference.aspose.org\en\3d\java\enums\_index.md,link_path_corrupted,"no exact reverse-match for: ['/3d/java/asset-info/', '/3d/java/vertex-element/#mappingmode-enumeration', '/3d/java/mesh/', '/3d/java/vertex-element/#referencemode-enumeration', '/3d/java/vertex-element/#vertexelementtype-enumeration']"
reference.aspose.org,3d,no,D:\onedrive\Documents\GitHub\aspose.org\content\reference.aspose.org\no\3d\java\enums\_index.md,D:\onedrive\Documents\GitHub\aspose.org\content\reference.aspose.org\en\3d\java\enums\_index.md,link_path_corrupted,"no exact reverse-match for: ['/3d/java/asset-info/', '/3d/java/vertex-element/#mappingmode-enumeration', '/3d/java/mesh/', '/3d/java/vertex-element/#referencemode-enumeration', '/3d/java/vertex-element/#vertexelementtype-enumeration']"
reference.aspose.org,3d,pl,D:\onedrive\Documents\GitHub\aspose.org\content\reference.aspose.org\pl\3d\java\enums\_index.md,D:\onedrive\Documents\GitHub\aspose.org\content\reference.aspose.org\en\3d\java\enums\_index.md,link_path_corrupted,"no exact reverse-match for: ['/3d/java/asset-info/', '/3d/java/vertex-element/#mappingmode-enumeration', '/3d/java/mesh/', '/3d/java/vertex-element/#referencemode-enumeration', '/3d/java/vertex-element/#vertexelementtype-enumeration']"
reference.aspose.org,3d,sr,D:\onedrive\Documents\GitHub\aspose.org\content\reference.aspose.org\sr\3d\java\enums\_index.md,D:\onedrive\Documents\GitHub\aspose.org\content\reference.aspose.org\en\3d\java\enums\_index.md,link_path_corrupted,"no exact reverse-match for: ['/3d/java/asset-info/', '/3d/java/vertex-element/#mappingmode-enumeration', '/3d/java/mesh/', '/3d/java/vertex-element/#referencemode-enumeration', '/3d/java/vertex-element/#vertexelementtype-enumeration']"
reference.aspose.org,3d,sv,D:\onedrive\Documents\GitHub\aspose.org\content\reference.aspose.org\sv\3d\java\enums\_index.md,D:\onedrive\Documents\GitHub\aspose.org\content\reference.aspose.org\en\3d\java\enums\_index.md,link_path_corrupted,"no exact reverse-match for: ['/3d/java/asset-info/', '/3d/java/vertex-element/#mappingmode-enumeration', '/3d/java/mesh/', '/3d/java/vertex-element/#referencemode-enumeration', '/3d/java/vertex-element/#vertexelementtype-enumeration']"
reference.aspose.org,3d,th,D:\onedrive\Documents\GitHub\aspose.org\content\reference.aspose.org\th\3d\java\enums\_index.md,D:\onedrive\Documents\GitHub\aspose.org\content\reference.aspose.org\en\3d\java\enums\_index.md,link_path_corrupted,"no exact reverse-match for: ['/3d/java/asset-info/', '/3d/java/vertex-element/#mappingmode-enumeration', '/3d/java/mesh/', '/3d/java/vertex-element/#referencemode-enumeration', '/3d/java/vertex-element/#vertexelementtype-enumeration']"
reference.aspose.org,3d,tr,D:\onedrive\Documents\GitHub\aspose.org\content\reference.aspose.org\tr\3d\java\enums\_index.md,D:\onedrive\Documents\GitHub\aspose.org\content\reference.aspose.org\en\3d\java\enums\_index.md,link_path_corrupted,"no exact reverse-match for: ['/3d/java/asset-info/', '/3d/java/vertex-element/#mappingmode-enumeration', '/3d/java/mesh/', '/3d/java/vertex-element/#referencemode-enumeration', '/3d/java/vertex-element/#vertexelementtype-enumeration']"
reference.aspose.org,3d,uk,D:\onedrive\Documents\GitHub\aspose.org\content\reference.aspose.org\uk\3d\java\enums\_index.md,D:\onedrive\Documents\GitHub\aspose.org\content\reference.aspose.org\en\3d\java\enums\_index.md,link_path_corrupted,"no exact reverse-match for: ['/3d/java/asset-info/', '/3d/java/vertex-element/#mappingmode-enumeration', '/3d/java/mesh/', '/3d/java/vertex-element/#referencemode-enumeration', '/3d/java/vertex-element/#vertexelementtype-enumeration']"
reference.aspose.org,3d,vi,D:\onedrive\Documents\GitHub\aspose.org\content\reference.aspose.org\vi\3d\java\enums\_index.md,D:\onedrive\Documents\GitHub\aspose.org\content\reference.aspose.org\en\3d\java\enums\_index.md,link_path_corrupted,"no exact reverse-match for: ['/3d/java/asset-info/', '/3d/java/vertex-element/#mappingmode-enumeration', '/3d/java/mesh/', '/3d/java/vertex-element/#referencemode-enumeration', '/3d/java/vertex-element/#vertexelementtype-enumeration']"
reference.aspose.org,3d,zh,D:\onedrive\Documents\GitHub\aspose.org\content\reference.aspose.org\zh\3d\java\enums\_index.md,D:\onedrive\Documents\GitHub\aspose.org\content\reference.aspose.org\en\3d\java\enums\_index.md,link_path_corrupted,"no exact reverse-match for: ['/3d/java/asset-info/', '/3d/java/vertex-element/#mappingmode-enumeration', '/3d/java/mesh/', '/3d/java/vertex-element/#referencemode-enumeration', '/3d/java/vertex-element/#vertexelementtype-enumeration']"
reference.aspose.org,3d,es,D:\onedrive\Documents\GitHub\aspose.org\content\reference.aspose.org\es\3d\java\global-transform\_index.md,D:\onedrive\Documents\GitHub\aspose.org\content\reference.aspose.org\en\3d\java\global-transform\_index.md,link_path_corrupted,"no exact reverse-match for: ['/3d/java/vector3/', '/3d/java/quaternion/']"
reference.aspose.org,3d,fi,D:\onedrive\Documents\GitHub\aspose.org\content\reference.aspose.org\fi\3d\java\global-transform\_index.md,D:\onedrive\Documents\GitHub\aspose.org\content\reference.aspose.org\en\3d\java\global-transform\_index.md,link_path_corrupted,"no exact reverse-match for: ['/3d/java/vector3/', '/3d/java/quaternion/']"
reference.aspose.org,3d,fr,D:\onedrive\Documents\GitHub\aspose.org\content\reference.aspose.org\fr\3d\java\global-transform\_index.md,D:\onedrive\Documents\GitHub\aspose.org\content\reference.aspose.org\en\3d\java\global-transform\_index.md,link_path_corrupted,"no exact reverse-match for: ['/3d/java/vector3/', '/3d/java/quaternion/']"
reference.aspose.org,3d,he,D:\onedrive\Documents\GitHub\aspose.org\content\reference.aspose.org\he\3d\java\global-transform\_index.md,D:\onedrive\Documents\GitHub\aspose.org\content\reference.aspose.org\en\3d\java\global-transform\_index.md,link_path_corrupted,"no exact reverse-match for: ['/3d/java/vector3/', '/3d/java/quaternion/']"
reference.aspose.org,3d,hi,D:\onedrive\Documents\GitHub\aspose.org\content\reference.aspose.org\hi\3d\java\global-transform\_index.md,D:\onedrive\Documents\GitHub\aspose.org\content\reference.aspose.org\en\3d\java\global-transform\_index.md,link_path_corrupted,"no exact reverse-match for: ['/3d/java/vector3/', '/3d/java/quaternion/']"
reference.aspose.org,3d,it,D:\onedrive\Documents\GitHub\aspose.org\content\reference.aspose.org\it\3d\java\global-transform\_index.md,D:\onedrive\Documents\GitHub\aspose.org\content\reference.aspose.org\en\3d\java\global-transform\_index.md,link_path_corrupted,"no exact reverse-match for: ['/3d/java/vector3/', '/3d/java/quaternion/']"
reference.aspose.org,3d,ko,D:\onedrive\Documents\GitHub\aspose.org\content\reference.aspose.org\ko\3d\java\global-transform\_index.md,D:\onedrive\Documents\GitHub\aspose.org\content\reference.aspose.org\en\3d\java\global-transform\_index.md,link_path_corrupted,"no exact reverse-match for: ['/3d/java/vector3/', '/3d/java/quaternion/']"
reference.aspose.org,3d,lt,D:\onedrive\Documents\GitHub\aspose.org\content\reference.aspose.org\lt\3d\java\global-transform\_index.md,D:\onedrive\Documents\GitHub\aspose.org\content\reference.aspose.org\en\3d\java\global-transform\_index.md,link_path_corrupted,"no exact reverse-match for: ['/3d/java/vector3/', '/3d/java/quaternion/']"
reference.aspose.org,3d,lv,D:\onedrive\Documents\GitHub\aspose.org\content\reference.aspose.org\lv\3d\java\global-transform\_index.md,D:\onedrive\Documents\GitHub\aspose.org\content\reference.aspose.org\en\3d\java\global-transform\_index.md,link_path_corrupted,"no exact reverse-match for: ['/3d/java/vector3/', '/3d/java/quaternion/']"
reference.aspose.org,3d,ms,D:\onedrive\Documents\GitHub\aspose.org\content\reference.aspose.org\ms\3d\java\global-transform\_index.md,D:\onedrive\Documents\GitHub\aspose.org\content\reference.aspose.org\en\3d\java\global-transform\_index.md,link_path_corrupted,"no exact reverse-match for: ['/3d/java/vector3/', '/3d/java/quaternion/']"
reference.aspose.org,3d,nl,D:\onedrive\Documents\GitHub\aspose.org\content\reference.aspose.org\nl\3d\java\global-transform\_index.md,D:\onedrive\Documents\GitHub\aspose.org\content\reference.aspose.org\en\3d\java\global-transform\_index.md,link_path_corrupted,"no exact reverse-match for: ['/3d/java/vector3/', '/3d/java/quaternion/']"
reference.aspose.org,3d,no,D:\onedrive\Documents\GitHub\aspose.org\content\reference.aspose.org\no\3d\java\global-transform\_index.md,D:\onedrive\Documents\GitHub\aspose.org\content\reference.aspose.org\en\3d\java\global-transform\_index.md,link_path_corrupted,"no exact reverse-match for: ['/3d/java/vector3/', '/3d/java/quaternion/']"
reference.aspose.org,3d,pl,D:\onedrive\Documents\GitHub\aspose.org\content\reference.aspose.org\pl\3d\java\global-transform\_index.md,D:\onedrive\Documents\GitHub\aspose.org\content\reference.aspose.org\en\3d\java\global-transform\_index.md,link_path_corrupted,"no exact reverse-match for: ['/3d/java/vector3/', '/3d/java/quaternion/']"
reference.aspose.org,3d,sr,D:\onedrive\Documents\GitHub\aspose.org\content\reference.aspose.org\sr\3d\java\global-transform\_index.md,D:\onedrive\Documents\GitHub\aspose.org\content\reference.aspose.org\en\3d\java\global-transform\_index.md,link_path_corrupted,"no exact reverse-match for: ['/3d/java/vector3/', '/3d/java/quaternion/']"
reference.aspose.org,3d,sv,D:\onedrive\Documents\GitHub\aspose.org\content\reference.aspose.org\sv\3d\java\global-transform\_index.md,D:\onedrive\Documents\GitHub\aspose.org\content\reference.aspose.org\en\3d\java\global-transform\_index.md,link_path_corrupted,"no exact reverse-match for: ['/3d/java/vector3/', '/3d/java/quaternion/']"
reference.aspose.org,3d,th,D:\onedrive\Documents\GitHub\aspose.org\content\reference.aspose.org\th\3d\java\global-transform\_index.md,D:\onedrive\Documents\GitHub\aspose.org\content\reference.aspose.org\en\3d\java\global-transform\_index.md,link_path_corrupted,"no exact reverse-match for: ['/3d/java/vector3/', '/3d/java/quaternion/']"
reference.aspose.org,3d,tr,D:\onedrive\Documents\GitHub\aspose.org\content\reference.aspose.org\tr\3d\java\global-transform\_index.md,D:\onedrive\Documents\GitHub\aspose.org\content\reference.aspose.org\en\3d\java\global-transform\_index.md,link_path_corrupted,"no exact reverse-match for: ['/3d/java/vector3/', '/3d/java/quaternion/']"
reference.aspose.org,3d,uk,D:\onedrive\Documents\GitHub\aspose.org\content\reference.aspose.org\uk\3d\java\global-transform\_index.md,D:\onedrive\Documents\GitHub\aspose.org\content\reference.aspose.org\en\3d\java\global-transform\_index.md,link_path_corrupted,"no exact reverse-match for: ['/3d/java/vector3/', '/3d/java/quaternion/']"
reference.aspose.org,3d,vi,D:\onedrive\Documents\GitHub\aspose.org\content\reference.aspose.org\vi\3d\java\global-transform\_index.md,D:\onedrive\Documents\GitHub\aspose.org\content\reference.aspose.org\en\3d\java\global-transform\_index.md,link_path_corrupted,"no exact reverse-match for: ['/3d/java/vector3/', '/3d/java/quaternion/']"
reference.aspose.org,3d,zh,D:\onedrive\Documents\GitHub\aspose.org\content\reference.aspose.org\zh\3d\java\global-transform\_index.md,D:\onedrive\Documents\GitHub\aspose.org\content\reference.aspose.org\en\3d\java\global-transform\_index.md,link_path_corrupted,"no exact reverse-match for: ['/3d/java/vector3/', '/3d/java/quaternion/']"
reference.aspose.org,3d,es,D:\onedrive\Documents\GitHub\aspose.org\content\reference.aspose.org\es\3d\java\vertex-element\_index.md,D:\onedrive\Documents\GitHub\aspose.org\content\reference.aspose.org\en\3d\java\vertex-element\_index.md,link_path_corrupted,no exact reverse-match for: ['/3d/java/node/']
reference.aspose.org,3d,fa,D:\onedrive\Documents\GitHub\aspose.org\content\reference.aspose.org\fa\3d\java\vertex-element\_index.md,D:\onedrive\Documents\GitHub\aspose.org\content\reference.aspose.org\en\3d\java\vertex-element\_index.md,link_path_corrupted,no exact reverse-match for: ['/3d/java/node/']
reference.aspose.org,3d,fi,D:\onedrive\Documents\GitHub\aspose.org\content\reference.aspose.org\fi\3d\java\vertex-element\_index.md,D:\onedrive\Documents\GitHub\aspose.org\content\reference.aspose.org\en\3d\java\vertex-element\_index.md,link_path_corrupted,no exact reverse-match for: ['/3d/java/node/']
reference.aspose.org,3d,he,D:\onedrive\Documents\GitHub\aspose.org\content\reference.aspose.org\he\3d\java\vertex-element\_index.md,D:\onedrive\Documents\GitHub\aspose.org\content\reference.aspose.org\en\3d\java\vertex-element\_index.md,link_path_corrupted,no exact reverse-match for: ['/3d/java/node/']
reference.aspose.org,3d,hi,D:\onedrive\Documents\GitHub\aspose.org\content\reference.aspose.org\hi\3d\java\vertex-element\_index.md,D:\onedrive\Documents\GitHub\aspose.org\content\reference.aspose.org\en\3d\java\vertex-element\_index.md,link_path_corrupted,no exact reverse-match for: ['/3d/java/node/']
reference.aspose.org,3d,it,D:\onedrive\Documents\GitHub\aspose.org\content\reference.aspose.org\it\3d\java\vertex-element\_index.md,D:\onedrive\Documents\GitHub\aspose.org\content\reference.aspose.org\en\3d\java\vertex-element\_index.md,link_path_corrupted,no exact reverse-match for: ['/3d/java/node/']
reference.aspose.org,3d,ko,D:\onedrive\Documents\GitHub\aspose.org\content\reference.aspose.org\ko\3d\java\vertex-element\_index.md,D:\onedrive\Documents\GitHub\aspose.org\content\reference.aspose.org\en\3d\java\vertex-element\_index.md,link_path_corrupted,no exact reverse-match for: ['/3d/java/node/']
reference.aspose.org,3d,lt,D:\onedrive\Documents\GitHub\aspose.org\content\reference.aspose.org\lt\3d\java\vertex-element\_index.md,D:\onedrive\Documents\GitHub\aspose.org\content\reference.aspose.org\en\3d\java\vertex-element\_index.md,link_path_corrupted,no exact reverse-match for: ['/3d/java/node/']
reference.aspose.org,3d,lv,D:\onedrive\Documents\GitHub\aspose.org\content\reference.aspose.org\lv\3d\java\vertex-element\_index.md,D:\onedrive\Documents\GitHub\aspose.org\content\reference.aspose.org\en\3d\java\vertex-element\_index.md,link_path_corrupted,no exact reverse-match for: ['/3d/java/node/']
reference.aspose.org,3d,ms,D:\onedrive\Documents\GitHub\aspose.org\content\reference.aspose.org\ms\3d\java\vertex-element\_index.md,D:\onedrive\Documents\GitHub\aspose.org\content\reference.aspose.org\en\3d\java\vertex-element\_index.md,link_path_corrupted,no exact reverse-match for: ['/3d/java/node/']
reference.aspose.org,3d,nl,D:\onedrive\Documents\GitHub\aspose.org\content\reference.aspose.org\nl\3d\java\vertex-element\_index.md,D:\onedrive\Documents\GitHub\aspose.org\content\reference.aspose.org\en\3d\java\vertex-element\_index.md,link_path_corrupted,no exact reverse-match for: ['/3d/java/node/']
reference.aspose.org,3d,no,D:\onedrive\Documents\GitHub\aspose.org\content\reference.aspose.org\no\3d\java\vertex-element\_index.md,D:\onedrive\Documents\GitHub\aspose.org\content\reference.aspose.org\en\3d\java\vertex-element\_index.md,link_path_corrupted,no exact reverse-match for: ['/3d/java/node/']
reference.aspose.org,3d,pl,D:\onedrive\Documents\GitHub\aspose.org\content\reference.aspose.org\pl\3d\java\vertex-element\_index.md,D:\onedrive\Documents\GitHub\aspose.org\content\reference.aspose.org\en\3d\java\vertex-element\_index.md,link_path_corrupted,no exact reverse-match for: ['/3d/java/node/']
reference.aspose.org,3d,sr,D:\onedrive\Documents\GitHub\aspose.org\content\reference.aspose.org\sr\3d\java\vertex-element\_index.md,D:\onedrive\Documents\GitHub\aspose.org\content\reference.aspose.org\en\3d\java\vertex-element\_index.md,link_path_corrupted,no exact reverse-match for: ['/3d/java/node/']
reference.aspose.org,3d,sv,D:\onedrive\Documents\GitHub\aspose.org\content\reference.aspose.org\sv\3d\java\vertex-element\_index.md,D:\onedrive\Documents\GitHub\aspose.org\content\reference.aspose.org\en\3d\java\vertex-element\_index.md,link_path_corrupted,no exact reverse-match for: ['/3d/java/node/']
reference.aspose.org,3d,th,D:\onedrive\Documents\GitHub\aspose.org\content\reference.aspose.org\th\3d\java\vertex-element\_index.md,D:\onedrive\Documents\GitHub\aspose.org\content\reference.aspose.org\en\3d\java\vertex-element\_index.md,link_path_corrupted,no exact reverse-match for: ['/3d/java/node/']
reference.aspose.org,3d,tr,D:\onedrive\Documents\GitHub\aspose.org\content\reference.aspose.org\tr\3d\java\vertex-element\_index.md,D:\onedrive\Documents\GitHub\aspose.org\content\reference.aspose.org\en\3d\java\vertex-element\_index.md,link_path_corrupted,no exact reverse-match for: ['/3d/java/node/']
reference.aspose.org,3d,uk,D:\onedrive\Documents\GitHub\aspose.org\content\reference.aspose.org\uk\3d\java\vertex-element\_index.md,D:\onedrive\Documents\GitHub\aspose.org\content\reference.aspose.org\en\3d\java\vertex-element\_index.md,link_path_corrupted,no exact reverse-match for: ['/3d/java/node/']
reference.aspose.org,3d,vi,D:\onedrive\Documents\GitHub\aspose.org\content\reference.aspose.org\vi\3d\java\vertex-element\_index.md,D:\onedrive\Documents\GitHub\aspose.org\content\reference.aspose.org\en\3d\java\vertex-element\_index.md,link_path_corrupted,no exact reverse-match for: ['/3d/java/node/']
reference.aspose.org,3d,zh,D:\onedrive\Documents\GitHub\aspose.org\content\reference.aspose.org\zh\3d\java\vertex-element\_index.md,D:\onedrive\Documents\GitHub\aspose.org\content\reference.aspose.org\en\3d\java\vertex-element\_index.md,link_path_corrupted,no exact reverse-match for: ['/3d/java/node/']
reference.aspose.org,3d,ar,D:\onedrive\Documents\GitHub\aspose.org\content\reference.aspose.org\ar\3d\typescript\_index.md,D:\onedrive\Documents\GitHub\aspose.org\content\reference.aspose.org\en\3d\typescript\_index.md,link_path_corrupted,"no exact reverse-match for: ['/3d/typescript/vertex-element-ts/#vertexelementvertexcolor', '/3d/typescript/vertex-element-ts/', '/3d/typescript/a3dobject-base/', '/3d/typescript/vertex-element-ts/#vertexelementuv', '/3d/typescript/vertex-element-ts/#vertexelementnormal', '/3d/typescript/property-assetinfo/#propertycollection', '/3d/typescript/format-options/', '/3d/typescript/property-assetinfo/', '/3d/typescript/property-assetinfo/#property', '/3d/typescript/property-assetinfo/#assetinfo']"
reference.aspose.org,3d,bg,D:\onedrive\Documents\GitHub\aspose.org\content\reference.aspose.org\bg\3d\typescript\_index.md,D:\onedrive\Documents\GitHub\aspose.org\content\reference.aspose.org\en\3d\typescript\_index.md,link_path_corrupted,"no exact reverse-match for: ['/3d/typescript/vertex-element-ts/#vertexelementvertexcolor', '/3d/typescript/vertex-element-ts/', '/3d/typescript/a3dobject-base/', '/3d/typescript/vertex-element-ts/#vertexelementuv', '/3d/typescript/vertex-element-ts/#vertexelementnormal', '/3d/typescript/property-assetinfo/#propertycollection', '/3d/typescript/format-options/', '/3d/typescript/property-assetinfo/', '/3d/typescript/property-assetinfo/#property', '/3d/typescript/property-assetinfo/#assetinfo']"
reference.aspose.org,3d,ca,D:\onedrive\Documents\GitHub\aspose.org\content\reference.aspose.org\ca\3d\typescript\_index.md,D:\onedrive\Documents\GitHub\aspose.org\content\reference.aspose.org\en\3d\typescript\_index.md,link_path_corrupted,"no exact reverse-match for: ['/3d/typescript/vertex-element-ts/#vertexelementvertexcolor', '/3d/typescript/vertex-element-ts/', '/3d/typescript/a3dobject-base/', '/3d/typescript/vertex-element-ts/#vertexelementuv', '/3d/typescript/vertex-element-ts/#vertexelementnormal', '/3d/typescript/property-assetinfo/#propertycollection', '/3d/typescript/format-options/', '/3d/typescript/property-assetinfo/', '/3d/typescript/property-assetinfo/#property', '/3d/typescript/property-assetinfo/#assetinfo']"
reference.aspose.org,3d,cs,D:\onedrive\Documents\GitHub\aspose.org\content\reference.aspose.org\cs\3d\typescript\_index.md,D:\onedrive\Documents\GitHub\aspose.org\content\reference.aspose.org\en\3d\typescript\_index.md,link_path_corrupted,"no exact reverse-match for: ['/3d/typescript/vertex-element-ts/#vertexelementvertexcolor', '/3d/typescript/vertex-element-ts/', '/3d/typescript/a3dobject-base/', '/3d/typescript/vertex-element-ts/#vertexelementuv', '/3d/typescript/vertex-element-ts/#vertexelementnormal', '/3d/typescript/property-assetinfo/#propertycollection', '/3d/typescript/format-options/', '/3d/typescript/property-assetinfo/', '/3d/typescript/property-assetinfo/#property', '/3d/typescript/property-assetinfo/#assetinfo']"
reference.aspose.org,3d,da,D:\onedrive\Documents\GitHub\aspose.org\content\reference.aspose.org\da\3d\typescript\_index.md,D:\onedrive\Documents\GitHub\aspose.org\content\reference.aspose.org\en\3d\typescript\_index.md,link_path_corrupted,"no exact reverse-match for: ['/3d/typescript/vertex-element-ts/#vertexelementvertexcolor', '/3d/typescript/vertex-element-ts/', '/3d/typescript/a3dobject-base/', '/3d/typescript/vertex-element-ts/#vertexelementuv', '/3d/typescript/vertex-element-ts/#vertexelementnormal', '/3d/typescript/property-assetinfo/#propertycollection', '/3d/typescript/format-options/', '/3d/typescript/property-assetinfo/', '/3d/typescript/property-assetinfo/#property', '/3d/typescript/property-assetinfo/#assetinfo']"
reference.aspose.org,3d,de,D:\onedrive\Documents\GitHub\aspose.org\content\reference.aspose.org\de\3d\typescript\_index.md,D:\onedrive\Documents\GitHub\aspose.org\content\reference.aspose.org\en\3d\typescript\_index.md,link_path_corrupted,"no exact reverse-match for: ['/3d/typescript/vertex-element-ts/#vertexelementvertexcolor', '/3d/typescript/vertex-element-ts/', '/3d/typescript/a3dobject-base/', '/3d/typescript/vertex-element-ts/#vertexelementuv', '/3d/typescript/vertex-element-ts/#vertexelementnormal', '/3d/typescript/property-assetinfo/#propertycollection', '/3d/typescript/format-options/', '/3d/typescript/property-assetinfo/', '/3d/typescript/property-assetinfo/#property', '/3d/typescript/property-assetinfo/#assetinfo']"
reference.aspose.org,3d,el,D:\onedrive\Documents\GitHub\aspose.org\content\reference.aspose.org\el\3d\typescript\_index.md,D:\onedrive\Documents\GitHub\aspose.org\content\reference.aspose.org\en\3d\typescript\_index.md,link_path_corrupted,"no exact reverse-match for: ['/3d/typescript/vertex-element-ts/#vertexelementvertexcolor', '/3d/typescript/vertex-element-ts/', '/3d/typescript/a3dobject-base/', '/3d/typescript/vertex-element-ts/#vertexelementuv', '/3d/typescript/vertex-element-ts/#vertexelementnormal', '/3d/typescript/property-assetinfo/#propertycollection', '/3d/typescript/format-options/', '/3d/typescript/property-assetinfo/', '/3d/typescript/property-assetinfo/#property', '/3d/typescript/property-assetinfo/#assetinfo']"
reference.aspose.org,3d,es,D:\onedrive\Documents\GitHub\aspose.org\content\reference.aspose.org\es\3d\typescript\_index.md,D:\onedrive\Documents\GitHub\aspose.org\content\reference.aspose.org\en\3d\typescript\_index.md,link_path_corrupted,"no exact reverse-match for: ['/3d/typescript/vertex-element-ts/#vertexelementvertexcolor', '/3d/typescript/vertex-element-ts/', '/3d/typescript/a3dobject-base/', '/3d/typescript/vertex-element-ts/#vertexelementuv', '/3d/typescript/vertex-element-ts/#vertexelementnormal', '/3d/typescript/property-assetinfo/#propertycollection', '/3d/typescript/format-options/', '/3d/typescript/property-assetinfo/', '/3d/typescript/property-assetinfo/#assetinfo']"
reference.aspose.org,3d,fa,D:\onedrive\Documents\GitHub\aspose.org\content\reference.aspose.org\fa\3d\typescript\_index.md,D:\onedrive\Documents\GitHub\aspose.org\content\reference.aspose.org\en\3d\typescript\_index.md,link_path_corrupted,"no exact reverse-match for: ['/3d/typescript/vertex-element-ts/#vertexelementvertexcolor', '/3d/typescript/vertex-element-ts/', '/3d/typescript/a3dobject-base/', '/3d/typescript/vertex-element-ts/#vertexelementuv', '/3d/typescript/vertex-element-ts/#vertexelementnormal', '/3d/typescript/property-assetinfo/#propertycollection', '/3d/typescript/format-options/', '/3d/typescript/property-assetinfo/', '/3d/typescript/property-assetinfo/#property', '/3d/typescript/property-assetinfo/#assetinfo']"
reference.aspose.org,3d,fi,D:\onedrive\Documents\GitHub\aspose.org\content\reference.aspose.org\fi\3d\typescript\_index.md,D:\onedrive\Documents\GitHub\aspose.org\content\reference.aspose.org\en\3d\typescript\_index.md,link_path_corrupted,"no exact reverse-match for: ['/3d/typescript/vertex-element-ts/#vertexelementvertexcolor', '/3d/typescript/vertex-element-ts/', '/3d/typescript/a3dobject-base/', '/3d/typescript/vertex-element-ts/#vertexelementuv', '/3d/typescript/vertex-element-ts/#vertexelementnormal', '/3d/typescript/property-assetinfo/#propertycollection', '/3d/typescript/format-options/', '/3d/typescript/property-assetinfo/', '/3d/typescript/property-assetinfo/#property', '/3d/typescript/property-assetinfo/#assetinfo']"
reference.aspose.org,3d,fr,D:\onedrive\Documents\GitHub\aspose.org\content\reference.aspose.org\fr\3d\typescript\_index.md,D:\onedrive\Documents\GitHub\aspose.org\content\reference.aspose.org\en\3d\typescript\_index.md,link_path_corrupted,"no exact reverse-match for: ['/3d/typescript/vertex-element-ts/#vertexelementvertexcolor', '/3d/typescript/vertex-element-ts/', '/3d/typescript/a3dobject-base/', '/3d/typescript/vertex-element-ts/#vertexelementuv', '/3d/typescript/vertex-element-ts/#vertexelementnormal', '/3d/typescript/property-assetinfo/#propertycollection', '/3d/typescript/format-options/', '/3d/typescript/property-assetinfo/', '/3d/typescript/property-assetinfo/#assetinfo']"
reference.aspose.org,3d,he,D:\onedrive\Documents\GitHub\aspose.org\content\reference.aspose.org\he\3d\typescript\_index.md,D:\onedrive\Documents\GitHub\aspose.org\content\reference.aspose.org\en\3d\typescript\_index.md,link_path_corrupted,"no exact reverse-match for: ['/3d/typescript/vertex-element-ts/#vertexelementvertexcolor', '/3d/typescript/vertex-element-ts/', '/3d/typescript/a3dobject-base/', '/3d/typescript/vertex-element-ts/#vertexelementuv', '/3d/typescript/vertex-element-ts/#vertexelementnormal', '/3d/typescript/property-assetinfo/#propertycollection', '/3d/typescript/format-options/', '/3d/typescript/property-assetinfo/', '/3d/typescript/property-assetinfo/#property', '/3d/typescript/property-assetinfo/#assetinfo']"
reference.aspose.org,3d,hi,D:\onedrive\Documents\GitHub\aspose.org\content\reference.aspose.org\hi\3d\typescript\_index.md,D:\onedrive\Documents\GitHub\aspose.org\content\reference.aspose.org\en\3d\typescript\_index.md,link_path_corrupted,"no exact reverse-match for: ['/3d/typescript/vertex-element-ts/#vertexelementvertexcolor', '/3d/typescript/vertex-element-ts/', '/3d/typescript/a3dobject-base/', '/3d/typescript/vertex-element-ts/#vertexelementuv', '/3d/typescript/vertex-element-ts/#vertexelementnormal', '/3d/typescript/property-assetinfo/#propertycollection', '/3d/typescript/format-options/', '/3d/typescript/property-assetinfo/', '/3d/typescript/property-assetinfo/#property', '/3d/typescript/property-assetinfo/#assetinfo']"
reference.aspose.org,3d,hr,D:\onedrive\Documents\GitHub\aspose.org\content\reference.aspose.org\hr\3d\typescript\_index.md,D:\onedrive\Documents\GitHub\aspose.org\content\reference.aspose.org\en\3d\typescript\_index.md,link_path_corrupted,"no exact reverse-match for: ['/3d/typescript/vertex-element-ts/#vertexelementvertexcolor', '/3d/typescript/vertex-element-ts/', '/3d/typescript/a3dobject-base/', '/3d/typescript/vertex-element-ts/#vertexelementuv', '/3d/typescript/vertex-element-ts/#vertexelementnormal', '/3d/typescript/property-assetinfo/#propertycollection', '/3d/typescript/format-options/', '/3d/typescript/property-assetinfo/', '/3d/typescript/property-assetinfo/#assetinfo']"
reference.aspose.org,3d,hu,D:\onedrive\Documents\GitHub\aspose.org\content\reference.aspose.org\hu\3d\typescript\_index.md,D:\onedrive\Documents\GitHub\aspose.org\content\reference.aspose.org\en\3d\typescript\_index.md,link_path_corrupted,"no exact reverse-match for: ['/3d/typescript/vertex-element-ts/#vertexelementvertexcolor', '/3d/typescript/vertex-element-ts/', '/3d/typescript/a3dobject-base/', '/3d/typescript/vertex-element-ts/#vertexelementuv', '/3d/typescript/vertex-element-ts/#vertexelementnormal', '/3d/typescript/property-assetinfo/#propertycollection', '/3d/typescript/format-options/', '/3d/typescript/property-assetinfo/', '/3d/typescript/property-assetinfo/#property', '/3d/typescript/property-assetinfo/#assetinfo']"
reference.aspose.org,3d,id,D:\onedrive\Documents\GitHub\aspose.org\content\reference.aspose.org\id\3d\typescript\_index.md,D:\onedrive\Documents\GitHub\aspose.org\content\reference.aspose.org\en\3d\typescript\_index.md,link_path_corrupted,"no exact reverse-match for: ['/3d/typescript/vertex-element-ts/#vertexelementvertexcolor', '/3d/typescript/vertex-element-ts/', '/3d/typescript/a3dobject-base/', '/3d/typescript/vertex-element-ts/#vertexelementuv', '/3d/typescript/vertex-element-ts/#vertexelementnormal', '/3d/typescript/property-assetinfo/#propertycollection', '/3d/typescript/format-options/', '/3d/typescript/property-assetinfo/', '/3d/typescript/property-assetinfo/#property', '/3d/typescript/property-assetinfo/#assetinfo']"
reference.aspose.org,3d,it,D:\onedrive\Documents\GitHub\aspose.org\content\reference.aspose.org\it\3d\typescript\_index.md,D:\onedrive\Documents\GitHub\aspose.org\content\reference.aspose.org\en\3d\typescript\_index.md,link_path_corrupted,"no exact reverse-match for: ['/3d/typescript/vertex-element-ts/#vertexelementvertexcolor', '/3d/typescript/vertex-element-ts/', '/3d/typescript/a3dobject-base/', '/3d/typescript/vertex-element-ts/#vertexelementuv', '/3d/typescript/vertex-element-ts/#vertexelementnormal', '/3d/typescript/property-assetinfo/#propertycollection', '/3d/typescript/format-options/', '/3d/typescript/property-assetinfo/', '/3d/typescript/property-assetinfo/#property', '/3d/typescript/property-assetinfo/#assetinfo']"
reference.aspose.org,3d,ja,D:\onedrive\Documents\GitHub\aspose.org\content\reference.aspose.org\ja\3d\typescript\_index.md,D:\onedrive\Documents\GitHub\aspose.org\content\reference.aspose.org\en\3d\typescript\_index.md,link_path_corrupted,"no exact reverse-match for: ['/3d/typescript/vertex-element-ts/#vertexelementvertexcolor', '/3d/typescript/vertex-element-ts/', '/3d/typescript/a3dobject-base/', '/3d/typescript/vertex-element-ts/#vertexelementuv', '/3d/typescript/vertex-element-ts/#vertexelementnormal', '/3d/typescript/property-assetinfo/#propertycollection', '/3d/typescript/format-options/', '/3d/typescript/property-assetinfo/', '/3d/typescript/property-assetinfo/#property', '/3d/typescript/property-assetinfo/#assetinfo']"
reference.aspose.org,3d,ko,D:\onedrive\Documents\GitHub\aspose.org\content\reference.aspose.org\ko\3d\typescript\_index.md,D:\onedrive\Documents\GitHub\aspose.org\content\reference.aspose.org\en\3d\typescript\_index.md,link_path_corrupted,"no exact reverse-match for: ['/3d/typescript/vertex-element-ts/#vertexelementvertexcolor', '/3d/typescript/vertex-element-ts/', '/3d/typescript/a3dobject-base/', '/3d/typescript/vertex-element-ts/#vertexelementuv', '/3d/typescript/vertex-element-ts/#vertexelementnormal', '/3d/typescript/property-assetinfo/#propertycollection', '/3d/typescript/format-options/', '/3d/typescript/property-assetinfo/', '/3d/typescript/property-assetinfo/#property', '/3d/typescript/property-assetinfo/#assetinfo']"
reference.aspose.org,3d,lt,D:\onedrive\Documents\GitHub\aspose.org\content\reference.aspose.org\lt\3d\typescript\_index.md,D:\onedrive\Documents\GitHub\aspose.org\content\reference.aspose.org\en\3d\typescript\_index.md,link_path_corrupted,"no exact reverse-match for: ['/3d/typescript/vertex-element-ts/#vertexelementvertexcolor', '/3d/typescript/vertex-element-ts/', '/3d/typescript/a3dobject-base/', '/3d/typescript/vertex-element-ts/#vertexelementuv', '/3d/typescript/vertex-element-ts/#vertexelementnormal', '/3d/typescript/property-assetinfo/#propertycollection', '/3d/typescript/format-options/', '/3d/typescript/property-assetinfo/', '/3d/typescript/property-assetinfo/#property', '/3d/typescript/property-assetinfo/#assetinfo']"
reference.aspose.org,3d,lv,D:\onedrive\Documents\GitHub\aspose.org\content\reference.aspose.org\lv\3d\typescript\_index.md,D:\onedrive\Documents\GitHub\aspose.org\content\reference.aspose.org\en\3d\typescript\_index.md,link_path_corrupted,"no exact reverse-match for: ['/3d/typescript/vertex-element-ts/#vertexelementvertexcolor', '/3d/typescript/vertex-element-ts/', '/3d/typescript/a3dobject-base/', '/3d/typescript/vertex-element-ts/#vertexelementuv', '/3d/typescript/vertex-element-ts/#vertexelementnormal', '/3d/typescript/property-assetinfo/#propertycollection', '/3d/typescript/format-options/', '/3d/typescript/property-assetinfo/', '/3d/typescript/property-assetinfo/#property', '/3d/typescript/property-assetinfo/#assetinfo']"
reference.aspose.org,3d,ms,D:\onedrive\Documents\GitHub\aspose.org\content\reference.aspose.org\ms\3d\typescript\_index.md,D:\onedrive\Documents\GitHub\aspose.org\content\reference.aspose.org\en\3d\typescript\_index.md,link_path_corrupted,"no exact reverse-match for: ['/3d/typescript/vertex-element-ts/#vertexelementvertexcolor', '/3d/typescript/vertex-element-ts/', '/3d/typescript/a3dobject-base/', '/3d/typescript/vertex-element-ts/#vertexelementuv', '/3d/typescript/vertex-element-ts/#vertexelementnormal', '/3d/typescript/property-assetinfo/#propertycollection', '/3d/typescript/format-options/', '/3d/typescript/property-assetinfo/', '/3d/typescript/property-assetinfo/#property', '/3d/typescript/property-assetinfo/#assetinfo']"
reference.aspose.org,3d,nl,D:\onedrive\Documents\GitHub\aspose.org\content\reference.aspose.org\nl\3d\typescript\_index.md,D:\onedrive\Documents\GitHub\aspose.org\content\reference.aspose.org\en\3d\typescript\_index.md,link_path_corrupted,"no exact reverse-match for: ['/3d/typescript/vertex-element-ts/#vertexelementvertexcolor', '/3d/typescript/vertex-element-ts/', '/3d/typescript/a3dobject-base/', '/3d/typescript/vertex-element-ts/#vertexelementuv', '/3d/typescript/vertex-element-ts/#vertexelementnormal', '/3d/typescript/property-assetinfo/#propertycollection', '/3d/typescript/format-options/', '/3d/typescript/property-assetinfo/', '/3d/typescript/property-assetinfo/#property', '/3d/typescript/property-assetinfo/#assetinfo']"
reference.aspose.org,3d,no,D:\onedrive\Documents\GitHub\aspose.org\content\reference.aspose.org\no\3d\typescript\_index.md,D:\onedrive\Documents\GitHub\aspose.org\content\reference.aspose.org\en\3d\typescript\_index.md,link_path_corrupted,"no exact reverse-match for: ['/3d/typescript/vertex-element-ts/#vertexelementvertexcolor', '/3d/typescript/vertex-element-ts/', '/3d/typescript/a3dobject-base/', '/3d/typescript/vertex-element-ts/#vertexelementuv', '/3d/typescript/vertex-element-ts/#vertexelementnormal', '/3d/typescript/property-assetinfo/#propertycollection', '/3d/typescript/format-options/', '/3d/typescript/property-assetinfo/', '/3d/typescript/property-assetinfo/#property', '/3d/typescript/property-assetinfo/#assetinfo']"
reference.aspose.org,3d,pl,D:\onedrive\Documents\GitHub\aspose.org\content\reference.aspose.org\pl\3d\typescript\_index.md,D:\onedrive\Documents\GitHub\aspose.org\content\reference.aspose.org\en\3d\typescript\_index.md,link_path_corrupted,"no exact reverse-match for: ['/3d/typescript/vertex-element-ts/#vertexelementvertexcolor', '/3d/typescript/vertex-element-ts/', '/3d/typescript/a3dobject-base/', '/3d/typescript/vertex-element-ts/#vertexelementuv', '/3d/typescript/vertex-element-ts/#vertexelementnormal', '/3d/typescript/property-assetinfo/#propertycollection', '/3d/typescript/format-options/', '/3d/typescript/property-assetinfo/', '/3d/typescript/property-assetinfo/#property', '/3d/typescript/property-assetinfo/#assetinfo']"
reference.aspose.org,3d,pt,D:\onedrive\Documents\GitHub\aspose.org\content\reference.aspose.org\pt\3d\typescript\_index.md,D:\onedrive\Documents\GitHub\aspose.org\content\reference.aspose.org\en\3d\typescript\_index.md,link_path_corrupted,"no exact reverse-match for: ['/3d/typescript/vertex-element-ts/#vertexelementvertexcolor', '/3d/typescript/vertex-element-ts/', '/3d/typescript/a3dobject-base/', '/3d/typescript/vertex-element-ts/#vertexelementuv', '/3d/typescript/vertex-element-ts/#vertexelementnormal', '/3d/typescript/property-assetinfo/#propertycollection', '/3d/typescript/format-options/', '/3d/typescript/property-assetinfo/', '/3d/typescript/property-assetinfo/#property', '/3d/typescript/property-assetinfo/#assetinfo']"
reference.aspose.org,3d,ro,D:\onedrive\Documents\GitHub\aspose.org\content\reference.aspose.org\ro\3d\typescript\_index.md,D:\onedrive\Documents\GitHub\aspose.org\content\reference.aspose.org\en\3d\typescript\_index.md,link_path_corrupted,"no exact reverse-match for: ['/3d/typescript/vertex-element-ts/#vertexelementvertexcolor', '/3d/typescript/vertex-element-ts/', '/3d/typescript/a3dobject-base/', '/3d/typescript/vertex-element-ts/#vertexelementuv', '/3d/typescript/vertex-element-ts/#vertexelementnormal', '/3d/typescript/property-assetinfo/#propertycollection', '/3d/typescript/format-options/', '/3d/typescript/property-assetinfo/', '/3d/typescript/property-assetinfo/#property', '/3d/typescript/property-assetinfo/#assetinfo']"
reference.aspose.org,3d,ru,D:\onedrive\Documents\GitHub\aspose.org\content\reference.aspose.org\ru\3d\typescript\_index.md,D:\onedrive\Documents\GitHub\aspose.org\content\reference.aspose.org\en\3d\typescript\_index.md,link_path_corrupted,"no exact reverse-match for: ['/3d/typescript/vertex-element-ts/#vertexelementvertexcolor', '/3d/typescript/vertex-element-ts/', '/3d/typescript/a3dobject-base/', '/3d/typescript/vertex-element-ts/#vertexelementuv', '/3d/typescript/vertex-element-ts/#vertexelementnormal', '/3d/typescript/property-assetinfo/#propertycollection', '/3d/typescript/format-options/', '/3d/typescript/property-assetinfo/', '/3d/typescript/property-assetinfo/#property', '/3d/typescript/property-assetinfo/#assetinfo']"
reference.aspose.org,3d,sk,D:\onedrive\Documents\GitHub\aspose.org\content\reference.aspose.org\sk\3d\typescript\_index.md,D:\onedrive\Documents\GitHub\aspose.org\content\reference.aspose.org\en\3d\typescript\_index.md,link_path_corrupted,"no exact reverse-match for: ['/3d/typescript/vertex-element-ts/#vertexelementvertexcolor', '/3d/typescript/vertex-element-ts/', '/3d/typescript/a3dobject-base/', '/3d/typescript/vertex-element-ts/#vertexelementuv', '/3d/typescript/vertex-element-ts/#vertexelementnormal', '/3d/typescript/property-assetinfo/#propertycollection', '/3d/typescript/format-options/', '/3d/typescript/property-assetinfo/', '/3d/typescript/property-assetinfo/#property', '/3d/typescript/property-assetinfo/#assetinfo']"
reference.aspose.org,3d,sr,D:\onedrive\Documents\GitHub\aspose.org\content\reference.aspose.org\sr\3d\typescript\_index.md,D:\onedrive\Documents\GitHub\aspose.org\content\reference.aspose.org\en\3d\typescript\_index.md,link_path_corrupted,"no exact reverse-match for: ['/3d/typescript/vertex-element-ts/#vertexelementvertexcolor', '/3d/typescript/vertex-element-ts/', '/3d/typescript/a3dobject-base/', '/3d/typescript/vertex-element-ts/#vertexelementuv', '/3d/typescript/vertex-element-ts/#vertexelementnormal', '/3d/typescript/property-assetinfo/#propertycollection', '/3d/typescript/format-options/', '/3d/typescript/property-assetinfo/', '/3d/typescript/property-assetinfo/#assetinfo']"
reference.aspose.org,3d,sv,D:\onedrive\Documents\GitHub\aspose.org\content\reference.aspose.org\sv\3d\typescript\_index.md,D:\onedrive\Documents\GitHub\aspose.org\content\reference.aspose.org\en\3d\typescript\_index.md,link_path_corrupted,"no exact reverse-match for: ['/3d/typescript/vertex-element-ts/#vertexelementvertexcolor', '/3d/typescript/vertex-element-ts/', '/3d/typescript/a3dobject-base/', '/3d/typescript/vertex-element-ts/#vertexelementuv', '/3d/typescript/vertex-element-ts/#vertexelementnormal', '/3d/typescript/property-assetinfo/#propertycollection', '/3d/typescript/format-options/', '/3d/typescript/property-assetinfo/', '/3d/typescript/property-assetinfo/#property', '/3d/typescript/property-assetinfo/#assetinfo']"
reference.aspose.org,3d,th,D:\onedrive\Documents\GitHub\aspose.org\content\reference.aspose.org\th\3d\typescript\_index.md,D:\onedrive\Documents\GitHub\aspose.org\content\reference.aspose.org\en\3d\typescript\_index.md,link_path_corrupted,"no exact reverse-match for: ['/3d/typescript/vertex-element-ts/#vertexelementvertexcolor', '/3d/typescript/vertex-element-ts/', '/3d/typescript/a3dobject-base/', '/3d/typescript/vertex-element-ts/#vertexelementuv', '/3d/typescript/vertex-element-ts/#vertexelementnormal', '/3d/typescript/property-assetinfo/#propertycollection', '/3d/typescript/format-options/', '/3d/typescript/property-assetinfo/', '/3d/typescript/property-assetinfo/#property', '/3d/typescript/property-assetinfo/#assetinfo']"
reference.aspose.org,3d,tr,D:\onedrive\Documents\GitHub\aspose.org\content\reference.aspose.org\tr\3d\typescript\_index.md,D:\onedrive\Documents\GitHub\aspose.org\content\reference.aspose.org\en\3d\typescript\_index.md,link_path_corrupted,"no exact reverse-match for: ['/3d/typescript/vertex-element-ts/#vertexelementvertexcolor', '/3d/typescript/vertex-element-ts/', '/3d/typescript/a3dobject-base/', '/3d/typescript/vertex-element-ts/#vertexelementuv', '/3d/typescript/vertex-element-ts/#vertexelementnormal', '/3d/typescript/property-assetinfo/#propertycollection', '/3d/typescript/format-options/', '/3d/typescript/property-assetinfo/', '/3d/typescript/property-assetinfo/#property', '/3d/typescript/property-assetinfo/#assetinfo']"
reference.aspose.org,3d,uk,D:\onedrive\Documents\GitHub\aspose.org\content\reference.aspose.org\uk\3d\typescript\_index.md,D:\onedrive\Documents\GitHub\aspose.org\content\reference.aspose.org\en\3d\typescript\_index.md,link_path_corrupted,"no exact reverse-match for: ['/3d/typescript/vertex-element-ts/#vertexelementvertexcolor', '/3d/typescript/vertex-element-ts/', '/3d/typescript/a3dobject-base/', '/3d/typescript/vertex-element-ts/#vertexelementuv', '/3d/typescript/vertex-element-ts/#vertexelementnormal', '/3d/typescript/property-assetinfo/#propertycollection', '/3d/typescript/format-options/', '/3d/typescript/property-assetinfo/', '/3d/typescript/property-assetinfo/#property', '/3d/typescript/property-assetinfo/#assetinfo']"
reference.aspose.org,3d,vi,D:\onedrive\Documents\GitHub\aspose.org\content\reference.aspose.org\vi\3d\typescript\_index.md,D:\onedrive\Documents\GitHub\aspose.org\content\reference.aspose.org\en\3d\typescript\_index.md,link_path_corrupted,"no exact reverse-match for: ['/3d/typescript/vertex-element-ts/#vertexelementvertexcolor', '/3d/typescript/vertex-element-ts/', '/3d/typescript/a3dobject-base/', '/3d/typescript/vertex-element-ts/#vertexelementuv', '/3d/typescript/vertex-element-ts/#vertexelementnormal', '/3d/typescript/property-assetinfo/#propertycollection', '/3d/typescript/format-options/', '/3d/typescript/property-assetinfo/', '/3d/typescript/property-assetinfo/#property', '/3d/typescript/property-assetinfo/#assetinfo']"
reference.aspose.org,3d,es,D:\onedrive\Documents\GitHub\aspose.org\content\reference.aspose.org\es\3d\typescript\enums-ts\_index.md,D:\onedrive\Documents\GitHub\aspose.org\content\reference.aspose.org\en\3d\typescript\enums-ts\_index.md,link_path_corrupted,"no exact reverse-match for: ['/3d/typescript/vertex-element-ts/', '/3d/typescript/camera/', '/3d/typescript/mesh/', '/3d/typescript/light/']"
reference.aspose.org,3d,fa,D:\onedrive\Documents\GitHub\aspose.org\content\reference.aspose.org\fa\3d\typescript\enums-ts\_index.md,D:\onedrive\Documents\GitHub\aspose.org\content\reference.aspose.org\en\3d\typescript\enums-ts\_index.md,link_path_corrupted,"no exact reverse-match for: ['/3d/typescript/vertex-element-ts/', '/3d/typescript/camera/', '/3d/typescript/mesh/', '/3d/typescript/light/']"
reference.aspose.org,3d,fi,D:\onedrive\Documents\GitHub\aspose.org\content\reference.aspose.org\fi\3d\typescript\enums-ts\_index.md,D:\onedrive\Documents\GitHub\aspose.org\content\reference.aspose.org\en\3d\typescript\enums-ts\_index.md,link_path_corrupted,"no exact reverse-match for: ['/3d/typescript/vertex-element-ts/', '/3d/typescript/camera/', '/3d/typescript/mesh/', '/3d/typescript/light/']"
reference.aspose.org,3d,fr,D:\onedrive\Documents\GitHub\aspose.org\content\reference.aspose.org\fr\3d\typescript\enums-ts\_index.md,D:\onedrive\Documents\GitHub\aspose.org\content\reference.aspose.org\en\3d\typescript\enums-ts\_index.md,link_path_corrupted,"no exact reverse-match for: ['/3d/typescript/vertex-element-ts/', '/3d/typescript/camera/', '/3d/typescript/mesh/', '/3d/typescript/light/']"
reference.aspose.org,3d,he,D:\onedrive\Documents\GitHub\aspose.org\content\reference.aspose.org\he\3d\typescript\enums-ts\_index.md,D:\onedrive\Documents\GitHub\aspose.org\content\reference.aspose.org\en\3d\typescript\enums-ts\_index.md,link_path_corrupted,"no exact reverse-match for: ['/3d/typescript/vertex-element-ts/', '/3d/typescript/camera/', '/3d/typescript/mesh/', '/3d/typescript/light/']"
reference.aspose.org,3d,hi,D:\onedrive\Documents\GitHub\aspose.org\content\reference.aspose.org\hi\3d\typescript\enums-ts\_index.md,D:\onedrive\Documents\GitHub\aspose.org\content\reference.aspose.org\en\3d\typescript\enums-ts\_index.md,link_path_corrupted,"no exact reverse-match for: ['/3d/typescript/vertex-element-ts/', '/3d/typescript/camera/', '/3d/typescript/mesh/', '/3d/typescript/light/']"
reference.aspose.org,3d,it,D:\onedrive\Documents\GitHub\aspose.org\content\reference.aspose.org\it\3d\typescript\enums-ts\_index.md,D:\onedrive\Documents\GitHub\aspose.org\content\reference.aspose.org\en\3d\typescript\enums-ts\_index.md,link_path_corrupted,"no exact reverse-match for: ['/3d/typescript/vertex-element-ts/', '/3d/typescript/camera/', '/3d/typescript/mesh/', '/3d/typescript/light/']"
reference.aspose.org,3d,ja,D:\onedrive\Documents\GitHub\aspose.org\content\reference.aspose.org\ja\3d\typescript\enums-ts\_index.md,D:\onedrive\Documents\GitHub\aspose.org\content\reference.aspose.org\en\3d\typescript\enums-ts\_index.md,link_path_corrupted,"no exact reverse-match for: ['/3d/typescript/vertex-element-ts/', '/3d/typescript/camera/', '/3d/typescript/mesh/', '/3d/typescript/light/']"
reference.aspose.org,3d,ko,D:\onedrive\Documents\GitHub\aspose.org\content\reference.aspose.org\ko\3d\typescript\enums-ts\_index.md,D:\onedrive\Documents\GitHub\aspose.org\content\reference.aspose.org\en\3d\typescript\enums-ts\_index.md,link_path_corrupted,"no exact reverse-match for: ['/3d/typescript/vertex-element-ts/', '/3d/typescript/camera/', '/3d/typescript/mesh/', '/3d/typescript/light/']"
reference.aspose.org,3d,lt,D:\onedrive\Documents\GitHub\aspose.org\content\reference.aspose.org\lt\3d\typescript\enums-ts\_index.md,D:\onedrive\Documents\GitHub\aspose.org\content\reference.aspose.org\en\3d\typescript\enums-ts\_index.md,link_path_corrupted,"no exact reverse-match for: ['/3d/typescript/vertex-element-ts/', '/3d/typescript/camera/', '/3d/typescript/mesh/', '/3d/typescript/light/']"
reference.aspose.org,3d,lv,D:\onedrive\Documents\GitHub\aspose.org\content\reference.aspose.org\lv\3d\typescript\enums-ts\_index.md,D:\onedrive\Documents\GitHub\aspose.org\content\reference.aspose.org\en\3d\typescript\enums-ts\_index.md,link_path_corrupted,"no exact reverse-match for: ['/3d/typescript/vertex-element-ts/', '/3d/typescript/camera/', '/3d/typescript/mesh/', '/3d/typescript/light/']"
reference.aspose.org,3d,ms,D:\onedrive\Documents\GitHub\aspose.org\content\reference.aspose.org\ms\3d\typescript\enums-ts\_index.md,D:\onedrive\Documents\GitHub\aspose.org\content\reference.aspose.org\en\3d\typescript\enums-ts\_index.md,link_path_corrupted,"no exact reverse-match for: ['/3d/typescript/vertex-element-ts/', '/3d/typescript/camera/', '/3d/typescript/mesh/', '/3d/typescript/light/']"
reference.aspose.org,3d,nl,D:\onedrive\Documents\GitHub\aspose.org\content\reference.aspose.org\nl\3d\typescript\enums-ts\_index.md,D:\onedrive\Documents\GitHub\aspose.org\content\reference.aspose.org\en\3d\typescript\enums-ts\_index.md,link_path_corrupted,"no exact reverse-match for: ['/3d/typescript/vertex-element-ts/', '/3d/typescript/camera/', '/3d/typescript/mesh/', '/3d/typescript/light/']"
reference.aspose.org,3d,no,D:\onedrive\Documents\GitHub\aspose.org\content\reference.aspose.org\no\3d\typescript\enums-ts\_index.md,D:\onedrive\Documents\GitHub\aspose.org\content\reference.aspose.org\en\3d\typescript\enums-ts\_index.md,link_path_corrupted,"no exact reverse-match for: ['/3d/typescript/vertex-element-ts/', '/3d/typescript/camera/', '/3d/typescript/mesh/', '/3d/typescript/light/']"
reference.aspose.org,3d,pl,D:\onedrive\Documents\GitHub\aspose.org\content\reference.aspose.org\pl\3d\typescript\enums-ts\_index.md,D:\onedrive\Documents\GitHub\aspose.org\content\reference.aspose.org\en\3d\typescript\enums-ts\_index.md,link_path_corrupted,"no exact reverse-match for: ['/3d/typescript/vertex-element-ts/', '/3d/typescript/camera/', '/3d/typescript/mesh/', '/3d/typescript/light/']"
reference.aspose.org,3d,sr,D:\onedrive\Documents\GitHub\aspose.org\content\reference.aspose.org\sr\3d\typescript\enums-ts\_index.md,D:\onedrive\Documents\GitHub\aspose.org\content\reference.aspose.org\en\3d\typescript\enums-ts\_index.md,link_path_corrupted,"no exact reverse-match for: ['/3d/typescript/vertex-element-ts/', '/3d/typescript/camera/', '/3d/typescript/mesh/', '/3d/typescript/light/']"
reference.aspose.org,3d,sv,D:\onedrive\Documents\GitHub\aspose.org\content\reference.aspose.org\sv\3d\typescript\enums-ts\_index.md,D:\onedrive\Documents\GitHub\aspose.org\content\reference.aspose.org\en\3d\typescript\enums-ts\_index.md,link_path_corrupted,"no exact reverse-match for: ['/3d/typescript/vertex-element-ts/', '/3d/typescript/camera/', '/3d/typescript/mesh/', '/3d/typescript/light/']"
reference.aspose.org,3d,th,D:\onedrive\Documents\GitHub\aspose.org\content\reference.aspose.org\th\3d\typescript\enums-ts\_index.md,D:\onedrive\Documents\GitHub\aspose.org\content\reference.aspose.org\en\3d\typescript\enums-ts\_index.md,link_path_corrupted,"no exact reverse-match for: ['/3d/typescript/vertex-element-ts/', '/3d/typescript/camera/', '/3d/typescript/mesh/', '/3d/typescript/light/']"
reference.aspose.org,3d,tr,D:\onedrive\Documents\GitHub\aspose.org\content\reference.aspose.org\tr\3d\typescript\enums-ts\_index.md,D:\onedrive\Documents\GitHub\aspose.org\content\reference.aspose.org\en\3d\typescript\enums-ts\_index.md,link_path_corrupted,"no exact reverse-match for: ['/3d/typescript/vertex-element-ts/', '/3d/typescript/camera/', '/3d/typescript/mesh/', '/3d/typescript/light/']"
reference.aspose.org,3d,uk,D:\onedrive\Documents\GitHub\aspose.org\content\reference.aspose.org\uk\3d\typescript\enums-ts\_index.md,D:\onedrive\Documents\GitHub\aspose.org\content\reference.aspose.org\en\3d\typescript\enums-ts\_index.md,link_path_corrupted,"no exact reverse-match for: ['/3d/typescript/vertex-element-ts/', '/3d/typescript/camera/', '/3d/typescript/mesh/', '/3d/typescript/light/']"
reference.aspose.org,3d,vi,D:\onedrive\Documents\GitHub\aspose.org\content\reference.aspose.org\vi\3d\typescript\enums-ts\_index.md,D:\onedrive\Documents\GitHub\aspose.org\content\reference.aspose.org\en\3d\typescript\enums-ts\_index.md,link_path_corrupted,"no exact reverse-match for: ['/3d/typescript/vertex-element-ts/', '/3d/typescript/camera/', '/3d/typescript/mesh/', '/3d/typescript/light/']"
reference.aspose.org,3d,zh,D:\onedrive\Documents\GitHub\aspose.org\content\reference.aspose.org\zh\3d\typescript\enums-ts\_index.md,D:\onedrive\Documents\GitHub\aspose.org\content\reference.aspose.org\en\3d\typescript\enums-ts\_index.md,link_path_corrupted,"no exact reverse-match for: ['/3d/typescript/vertex-element-ts/', '/3d/typescript/camera/', '/3d/typescript/mesh/', '/3d/typescript/light/']"
reference.aspose.org,3d,es,D:\onedrive\Documents\GitHub\aspose.org\content\reference.aspose.org\es\3d\typescript\vector2-vector4\_index.md,D:\onedrive\Documents\GitHub\aspose.org\content\reference.aspose.org\en\3d\typescript\vector2-vector4\_index.md,link_path_corrupted,"no exact reverse-match for: ['/3d/typescript/vertex-element-ts/', '/3d/typescript/mesh/']"
reference.aspose.org,3d,fa,D:\onedrive\Documents\GitHub\aspose.org\content\reference.aspose.org\fa\3d\typescript\vector2-vector4\_index.md,D:\onedrive\Documents\GitHub\aspose.org\content\reference.aspose.org\en\3d\typescript\vector2-vector4\_index.md,link_path_corrupted,"no exact reverse-match for: ['/3d/typescript/vertex-element-ts/', '/3d/typescript/mesh/']"
reference.aspose.org,3d,fi,D:\onedrive\Documents\GitHub\aspose.org\content\reference.aspose.org\fi\3d\typescript\vector2-vector4\_index.md,D:\onedrive\Documents\GitHub\aspose.org\content\reference.aspose.org\en\3d\typescript\vector2-vector4\_index.md,link_path_corrupted,"no exact reverse-match for: ['/3d/typescript/vertex-element-ts/', '/3d/typescript/mesh/']"
reference.aspose.org,3d,fr,D:\onedrive\Documents\GitHub\aspose.org\content\reference.aspose.org\fr\3d\typescript\vector2-vector4\_index.md,D:\onedrive\Documents\GitHub\aspose.org\content\reference.aspose.org\en\3d\typescript\vector2-vector4\_index.md,link_path_corrupted,"no exact reverse-match for: ['/3d/typescript/vertex-element-ts/', '/3d/typescript/mesh/']"
reference.aspose.org,3d,he,D:\onedrive\Documents\GitHub\aspose.org\content\reference.aspose.org\he\3d\typescript\vector2-vector4\_index.md,D:\onedrive\Documents\GitHub\aspose.org\content\reference.aspose.org\en\3d\typescript\vector2-vector4\_index.md,link_path_corrupted,"no exact reverse-match for: ['/3d/typescript/vertex-element-ts/', '/3d/typescript/mesh/']"
reference.aspose.org,3d,hi,D:\onedrive\Documents\GitHub\aspose.org\content\reference.aspose.org\hi\3d\typescript\vector2-vector4\_index.md,D:\onedrive\Documents\GitHub\aspose.org\content\reference.aspose.org\en\3d\typescript\vector2-vector4\_index.md,link_path_corrupted,"no exact reverse-match for: ['/3d/typescript/vertex-element-ts/', '/3d/typescript/mesh/']"
reference.aspose.org,3d,it,D:\onedrive\Documents\GitHub\aspose.org\content\reference.aspose.org\it\3d\typescript\vector2-vector4\_index.md,D:\onedrive\Documents\GitHub\aspose.org\content\reference.aspose.org\en\3d\typescript\vector2-vector4\_index.md,link_path_corrupted,"no exact reverse-match for: ['/3d/typescript/vertex-element-ts/', '/3d/typescript/mesh/']"
reference.aspose.org,3d,ko,D:\onedrive\Documents\GitHub\aspose.org\content\reference.aspose.org\ko\3d\typescript\vector2-vector4\_index.md,D:\onedrive\Documents\GitHub\aspose.org\content\reference.aspose.org\en\3d\typescript\vector2-vector4\_index.md,link_path_corrupted,"no exact reverse-match for: ['/3d/typescript/vertex-element-ts/', '/3d/typescript/mesh/']"
reference.aspose.org,3d,lt,D:\onedrive\Documents\GitHub\aspose.org\content\reference.aspose.org\lt\3d\typescript\vector2-vector4\_index.md,D:\onedrive\Documents\GitHub\aspose.org\content\reference.aspose.org\en\3d\typescript\vector2-vector4\_index.md,link_path_corrupted,"no exact reverse-match for: ['/3d/typescript/vertex-element-ts/', '/3d/typescript/mesh/']"
reference.aspose.org,3d,lv,D:\onedrive\Documents\GitHub\aspose.org\content\reference.aspose.org\lv\3d\typescript\vector2-vector4\_index.md,D:\onedrive\Documents\GitHub\aspose.org\content\reference.aspose.org\en\3d\typescript\vector2-vector4\_index.md,link_path_corrupted,"no exact reverse-match for: ['/3d/typescript/vertex-element-ts/', '/3d/typescript/mesh/']"
reference.aspose.org,3d,ms,D:\onedrive\Documents\GitHub\aspose.org\content\reference.aspose.org\ms\3d\typescript\vector2-vector4\_index.md,D:\onedrive\Documents\GitHub\aspose.org\content\reference.aspose.org\en\3d\typescript\vector2-vector4\_index.md,link_path_corrupted,"no exact reverse-match for: ['/3d/typescript/vertex-element-ts/', '/3d/typescript/mesh/']"
reference.aspose.org,3d,nl,D:\onedrive\Documents\GitHub\aspose.org\content\reference.aspose.org\nl\3d\typescript\vector2-vector4\_index.md,D:\onedrive\Documents\GitHub\aspose.org\content\reference.aspose.org\en\3d\typescript\vector2-vector4\_index.md,link_path_corrupted,"no exact reverse-match for: ['/3d/typescript/vertex-element-ts/', '/3d/typescript/mesh/']"
reference.aspose.org,3d,no,D:\onedrive\Documents\GitHub\aspose.org\content\reference.aspose.org\no\3d\typescript\vector2-vector4\_index.md,D:\onedrive\Documents\GitHub\aspose.org\content\reference.aspose.org\en\3d\typescript\vector2-vector4\_index.md,link_path_corrupted,"no exact reverse-match for: ['/3d/typescript/vertex-element-ts/', '/3d/typescript/mesh/']"
reference.aspose.org,3d,pl,D:\onedrive\Documents\GitHub\aspose.org\content\reference.aspose.org\pl\3d\typescript\vector2-vector4\_index.md,D:\onedrive\Documents\GitHub\aspose.org\content\reference.aspose.org\en\3d\typescript\vector2-vector4\_index.md,link_path_corrupted,"no exact reverse-match for: ['/3d/typescript/vertex-element-ts/', '/3d/typescript/mesh/']"
reference.aspose.org,3d,sr,D:\onedrive\Documents\GitHub\aspose.org\content\reference.aspose.org\sr\3d\typescript\vector2-vector4\_index.md,D:\onedrive\Documents\GitHub\aspose.org\content\reference.aspose.org\en\3d\typescript\vector2-vector4\_index.md,link_path_corrupted,"no exact reverse-match for: ['/3d/typescript/vertex-element-ts/', '/3d/typescript/mesh/']"
reference.aspose.org,3d,sv,D:\onedrive\Documents\GitHub\aspose.org\content\reference.aspose.org\sv\3d\typescript\vector2-vector4\_index.md,D:\onedrive\Documents\GitHub\aspose.org\content\reference.aspose.org\en\3d\typescript\vector2-vector4\_index.md,link_path_corrupted,"no exact reverse-match for: ['/3d/typescript/vertex-element-ts/', '/3d/typescript/mesh/']"
reference.aspose.org,3d,th,D:\onedrive\Documents\GitHub\aspose.org\content\reference.aspose.org\th\3d\typescript\vector2-vector4\_index.md,D:\onedrive\Documents\GitHub\aspose.org\content\reference.aspose.org\en\3d\typescript\vector2-vector4\_index.md,link_path_corrupted,"no exact reverse-match for: ['/3d/typescript/vertex-element-ts/', '/3d/typescript/mesh/']"
reference.aspose.org,3d,tr,D:\onedrive\Documents\GitHub\aspose.org\content\reference.aspose.org\tr\3d\typescript\vector2-vector4\_index.md,D:\onedrive\Documents\GitHub\aspose.org\content\reference.aspose.org\en\3d\typescript\vector2-vector4\_index.md,link_path_corrupted,"no exact reverse-match for: ['/3d/typescript/vertex-element-ts/', '/3d/typescript/mesh/']"
reference.aspose.org,3d,uk,D:\onedrive\Documents\GitHub\aspose.org\content\reference.aspose.org\uk\3d\typescript\vector2-vector4\_index.md,D:\onedrive\Documents\GitHub\aspose.org\content\reference.aspose.org\en\3d\typescript\vector2-vector4\_index.md,link_path_corrupted,"no exact reverse-match for: ['/3d/typescript/vertex-element-ts/', '/3d/typescript/mesh/']"
reference.aspose.org,3d,vi,D:\onedrive\Documents\GitHub\aspose.org\content\reference.aspose.org\vi\3d\typescript\vector2-vector4\_index.md,D:\onedrive\Documents\GitHub\aspose.org\content\reference.aspose.org\en\3d\typescript\vector2-vector4\_index.md,link_path_corrupted,"no exact reverse-match for: ['/3d/typescript/vertex-element-ts/', '/3d/typescript/mesh/']"
reference.aspose.org,3d,zh,D:\onedrive\Documents\GitHub\aspose.org\content\reference.aspose.org\zh\3d\typescript\vector2-vector4\_index.md,D:\onedrive\Documents\GitHub\aspose.org\content\reference.aspose.org\en\3d\typescript\vector2-vector4\_index.md,link_path_corrupted,"no exact reverse-match for: ['/3d/typescript/vertex-element-ts/', '/3d/typescript/mesh/']"
blog.aspose.org,3d,ar,D:\onedrive\Documents\GitHub\aspose.org\content\blog.aspose.org\3d\typescript\introducing-aspose-3d-foss-for-typescript\index.ar.md,D:\onedrive\Documents\GitHub\aspose.org\content\blog.aspose.org\3d\typescript\introducing-aspose-3d-foss-for-typescript\index.md,link_path_corrupted,"no exact reverse-match for: ['/kb/3d/typescript/how-to-export-gltf-in-typescript/', '/kb/3d/typescript/how-to-load-3d-models-in-typescript/']"
blog.aspose.org,3d,bg,D:\onedrive\Documents\GitHub\aspose.org\content\blog.aspose.org\3d\typescript\introducing-aspose-3d-foss-for-typescript\index.bg.md,D:\onedrive\Documents\GitHub\aspose.org\content\blog.aspose.org\3d\typescript\introducing-aspose-3d-foss-for-typescript\index.md,link_path_corrupted,"no exact reverse-match for: ['/kb/3d/typescript/how-to-export-gltf-in-typescript/', '/kb/3d/typescript/how-to-load-3d-models-in-typescript/']"
blog.aspose.org,3d,ca,D:\onedrive\Documents\GitHub\aspose.org\content\blog.aspose.org\3d\typescript\introducing-aspose-3d-foss-for-typescript\index.ca.md,D:\onedrive\Documents\GitHub\aspose.org\content\blog.aspose.org\3d\typescript\introducing-aspose-3d-foss-for-typescript\index.md,link_path_corrupted,"no exact reverse-match for: ['/kb/3d/typescript/how-to-export-gltf-in-typescript/', '/kb/3d/typescript/how-to-load-3d-models-in-typescript/']"
blog.aspose.org,3d,cs,D:\onedrive\Documents\GitHub\aspose.org\content\blog.aspose.org\3d\typescript\introducing-aspose-3d-foss-for-typescript\index.cs.md,D:\onedrive\Documents\GitHub\aspose.org\content\blog.aspose.org\3d\typescript\introducing-aspose-3d-foss-for-typescript\index.md,link_path_corrupted,"no exact reverse-match for: ['/kb/3d/typescript/how-to-export-gltf-in-typescript/', '/kb/3d/typescript/how-to-load-3d-models-in-typescript/']"
blog.aspose.org,3d,da,D:\onedrive\Documents\GitHub\aspose.org\content\blog.aspose.org\3d\typescript\introducing-aspose-3d-foss-for-typescript\index.da.md,D:\onedrive\Documents\GitHub\aspose.org\content\blog.aspose.org\3d\typescript\introducing-aspose-3d-foss-for-typescript\index.md,link_path_corrupted,"no exact reverse-match for: ['/kb/3d/typescript/how-to-export-gltf-in-typescript/', '/kb/3d/typescript/how-to-load-3d-models-in-typescript/']"
blog.aspose.org,3d,de,D:\onedrive\Documents\GitHub\aspose.org\content\blog.aspose.org\3d\typescript\introducing-aspose-3d-foss-for-typescript\index.de.md,D:\onedrive\Documents\GitHub\aspose.org\content\blog.aspose.org\3d\typescript\introducing-aspose-3d-foss-for-typescript\index.md,link_path_corrupted,"no exact reverse-match for: ['/kb/3d/typescript/how-to-export-gltf-in-typescript/', '/kb/3d/typescript/how-to-load-3d-models-in-typescript/']"
blog.aspose.org,3d,el,D:\onedrive\Documents\GitHub\aspose.org\content\blog.aspose.org\3d\typescript\introducing-aspose-3d-foss-for-typescript\index.el.md,D:\onedrive\Documents\GitHub\aspose.org\content\blog.aspose.org\3d\typescript\introducing-aspose-3d-foss-for-typescript\index.md,link_path_corrupted,"no exact reverse-match for: ['/kb/3d/typescript/how-to-export-gltf-in-typescript/', '/kb/3d/typescript/how-to-load-3d-models-in-typescript/']"
blog.aspose.org,3d,es,D:\onedrive\Documents\GitHub\aspose.org\content\blog.aspose.org\3d\typescript\introducing-aspose-3d-foss-for-typescript\index.es.md,D:\onedrive\Documents\GitHub\aspose.org\content\blog.aspose.org\3d\typescript\introducing-aspose-3d-foss-for-typescript\index.md,link_path_corrupted,"no exact reverse-match for: ['/kb/3d/typescript/how-to-export-gltf-in-typescript/', '/kb/3d/typescript/how-to-load-3d-models-in-typescript/']"
blog.aspose.org,3d,fa,D:\onedrive\Documents\GitHub\aspose.org\content\blog.aspose.org\3d\typescript\introducing-aspose-3d-foss-for-typescript\index.fa.md,D:\onedrive\Documents\GitHub\aspose.org\content\blog.aspose.org\3d\typescript\introducing-aspose-3d-foss-for-typescript\index.md,link_path_corrupted,"no exact reverse-match for: ['/kb/3d/typescript/how-to-export-gltf-in-typescript/', '/kb/3d/typescript/how-to-load-3d-models-in-typescript/']"
blog.aspose.org,3d,fi,D:\onedrive\Documents\GitHub\aspose.org\content\blog.aspose.org\3d\typescript\introducing-aspose-3d-foss-for-typescript\index.fi.md,D:\onedrive\Documents\GitHub\aspose.org\content\blog.aspose.org\3d\typescript\introducing-aspose-3d-foss-for-typescript\index.md,link_path_corrupted,"no exact reverse-match for: ['/kb/3d/typescript/how-to-export-gltf-in-typescript/', '/kb/3d/typescript/how-to-load-3d-models-in-typescript/']"
blog.aspose.org,3d,fr,D:\onedrive\Documents\GitHub\aspose.org\content\blog.aspose.org\3d\typescript\introducing-aspose-3d-foss-for-typescript\index.fr.md,D:\onedrive\Documents\GitHub\aspose.org\content\blog.aspose.org\3d\typescript\introducing-aspose-3d-foss-for-typescript\index.md,link_path_corrupted,"no exact reverse-match for: ['/kb/3d/typescript/how-to-export-gltf-in-typescript/', '/kb/3d/typescript/how-to-load-3d-models-in-typescript/']"
blog.aspose.org,3d,he,D:\onedrive\Documents\GitHub\aspose.org\content\blog.aspose.org\3d\typescript\introducing-aspose-3d-foss-for-typescript\index.he.md,D:\onedrive\Documents\GitHub\aspose.org\content\blog.aspose.org\3d\typescript\introducing-aspose-3d-foss-for-typescript\index.md,link_path_corrupted,"no exact reverse-match for: ['/kb/3d/typescript/how-to-export-gltf-in-typescript/', '/kb/3d/typescript/how-to-load-3d-models-in-typescript/']"
blog.aspose.org,3d,hi,D:\onedrive\Documents\GitHub\aspose.org\content\blog.aspose.org\3d\typescript\introducing-aspose-3d-foss-for-typescript\index.hi.md,D:\onedrive\Documents\GitHub\aspose.org\content\blog.aspose.org\3d\typescript\introducing-aspose-3d-foss-for-typescript\index.md,link_path_corrupted,"no exact reverse-match for: ['/kb/3d/typescript/how-to-export-gltf-in-typescript/', '/kb/3d/typescript/how-to-load-3d-models-in-typescript/']"
blog.aspose.org,3d,hr,D:\onedrive\Documents\GitHub\aspose.org\content\blog.aspose.org\3d\typescript\introducing-aspose-3d-foss-for-typescript\index.hr.md,D:\onedrive\Documents\GitHub\aspose.org\content\blog.aspose.org\3d\typescript\introducing-aspose-3d-foss-for-typescript\index.md,link_path_corrupted,"no exact reverse-match for: ['/kb/3d/typescript/how-to-export-gltf-in-typescript/', '/kb/3d/typescript/how-to-load-3d-models-in-typescript/']"
blog.aspose.org,3d,hu,D:\onedrive\Documents\GitHub\aspose.org\content\blog.aspose.org\3d\typescript\introducing-aspose-3d-foss-for-typescript\index.hu.md,D:\onedrive\Documents\GitHub\aspose.org\content\blog.aspose.org\3d\typescript\introducing-aspose-3d-foss-for-typescript\index.md,link_path_corrupted,"no exact reverse-match for: ['/kb/3d/typescript/how-to-export-gltf-in-typescript/', '/kb/3d/typescript/how-to-load-3d-models-in-typescript/']"
blog.aspose.org,3d,id,D:\onedrive\Documents\GitHub\aspose.org\content\blog.aspose.org\3d\typescript\introducing-aspose-3d-foss-for-typescript\index.id.md,D:\onedrive\Documents\GitHub\aspose.org\content\blog.aspose.org\3d\typescript\introducing-aspose-3d-foss-for-typescript\index.md,link_path_corrupted,"no exact reverse-match for: ['/kb/3d/typescript/how-to-export-gltf-in-typescript/', '/kb/3d/typescript/how-to-load-3d-models-in-typescript/']"
blog.aspose.org,3d,it,D:\onedrive\Documents\GitHub\aspose.org\content\blog.aspose.org\3d\typescript\introducing-aspose-3d-foss-for-typescript\index.it.md,D:\onedrive\Documents\GitHub\aspose.org\content\blog.aspose.org\3d\typescript\introducing-aspose-3d-foss-for-typescript\index.md,link_path_corrupted,"no exact reverse-match for: ['/kb/3d/typescript/how-to-export-gltf-in-typescript/', '/kb/3d/typescript/how-to-load-3d-models-in-typescript/']"
blog.aspose.org,3d,ja,D:\onedrive\Documents\GitHub\aspose.org\content\blog.aspose.org\3d\typescript\introducing-aspose-3d-foss-for-typescript\index.ja.md,D:\onedrive\Documents\GitHub\aspose.org\content\blog.aspose.org\3d\typescript\introducing-aspose-3d-foss-for-typescript\index.md,link_path_corrupted,"no exact reverse-match for: ['/kb/3d/typescript/how-to-export-gltf-in-typescript/', '/kb/3d/typescript/how-to-load-3d-models-in-typescript/']"
blog.aspose.org,3d,ko,D:\onedrive\Documents\GitHub\aspose.org\content\blog.aspose.org\3d\typescript\introducing-aspose-3d-foss-for-typescript\index.ko.md,D:\onedrive\Documents\GitHub\aspose.org\content\blog.aspose.org\3d\typescript\introducing-aspose-3d-foss-for-typescript\index.md,link_path_corrupted,"no exact reverse-match for: ['/kb/3d/typescript/how-to-export-gltf-in-typescript/', '/kb/3d/typescript/how-to-load-3d-models-in-typescript/']"
blog.aspose.org,3d,lt,D:\onedrive\Documents\GitHub\aspose.org\content\blog.aspose.org\3d\typescript\introducing-aspose-3d-foss-for-typescript\index.lt.md,D:\onedrive\Documents\GitHub\aspose.org\content\blog.aspose.org\3d\typescript\introducing-aspose-3d-foss-for-typescript\index.md,link_path_corrupted,"no exact reverse-match for: ['/kb/3d/typescript/how-to-export-gltf-in-typescript/', '/kb/3d/typescript/how-to-load-3d-models-in-typescript/']"
blog.aspose.org,3d,lv,D:\onedrive\Documents\GitHub\aspose.org\content\blog.aspose.org\3d\typescript\introducing-aspose-3d-foss-for-typescript\index.lv.md,D:\onedrive\Documents\GitHub\aspose.org\content\blog.aspose.org\3d\typescript\introducing-aspose-3d-foss-for-typescript\index.md,link_path_corrupted,"no exact reverse-match for: ['/kb/3d/typescript/how-to-export-gltf-in-typescript/', '/kb/3d/typescript/how-to-load-3d-models-in-typescript/']"
blog.aspose.org,3d,ms,D:\onedrive\Documents\GitHub\aspose.org\content\blog.aspose.org\3d\typescript\introducing-aspose-3d-foss-for-typescript\index.ms.md,D:\onedrive\Documents\GitHub\aspose.org\content\blog.aspose.org\3d\typescript\introducing-aspose-3d-foss-for-typescript\index.md,link_path_corrupted,"no exact reverse-match for: ['/kb/3d/typescript/how-to-export-gltf-in-typescript/', '/kb/3d/typescript/how-to-load-3d-models-in-typescript/']"
blog.aspose.org,3d,nl,D:\onedrive\Documents\GitHub\aspose.org\content\blog.aspose.org\3d\typescript\introducing-aspose-3d-foss-for-typescript\index.nl.md,D:\onedrive\Documents\GitHub\aspose.org\content\blog.aspose.org\3d\typescript\introducing-aspose-3d-foss-for-typescript\index.md,link_path_corrupted,"no exact reverse-match for: ['/kb/3d/typescript/how-to-export-gltf-in-typescript/', '/kb/3d/typescript/how-to-load-3d-models-in-typescript/']"
blog.aspose.org,3d,no,D:\onedrive\Documents\GitHub\aspose.org\content\blog.aspose.org\3d\typescript\introducing-aspose-3d-foss-for-typescript\index.no.md,D:\onedrive\Documents\GitHub\aspose.org\content\blog.aspose.org\3d\typescript\introducing-aspose-3d-foss-for-typescript\index.md,link_path_corrupted,"no exact reverse-match for: ['/kb/3d/typescript/how-to-export-gltf-in-typescript/', '/kb/3d/typescript/how-to-load-3d-models-in-typescript/']"
blog.aspose.org,3d,pl,D:\onedrive\Documents\GitHub\aspose.org\content\blog.aspose.org\3d\typescript\introducing-aspose-3d-foss-for-typescript\index.pl.md,D:\onedrive\Documents\GitHub\aspose.org\content\blog.aspose.org\3d\typescript\introducing-aspose-3d-foss-for-typescript\index.md,link_path_corrupted,"no exact reverse-match for: ['/kb/3d/typescript/how-to-export-gltf-in-typescript/', '/kb/3d/typescript/how-to-load-3d-models-in-typescript/']"
blog.aspose.org,3d,pt,D:\onedrive\Documents\GitHub\aspose.org\content\blog.aspose.org\3d\typescript\introducing-aspose-3d-foss-for-typescript\index.pt.md,D:\onedrive\Documents\GitHub\aspose.org\content\blog.aspose.org\3d\typescript\introducing-aspose-3d-foss-for-typescript\index.md,link_path_corrupted,"no exact reverse-match for: ['/kb/3d/typescript/how-to-export-gltf-in-typescript/', '/kb/3d/typescript/how-to-load-3d-models-in-typescript/']"
blog.aspose.org,3d,ro,D:\onedrive\Documents\GitHub\aspose.org\content\blog.aspose.org\3d\typescript\introducing-aspose-3d-foss-for-typescript\index.ro.md,D:\onedrive\Documents\GitHub\aspose.org\content\blog.aspose.org\3d\typescript\introducing-aspose-3d-foss-for-typescript\index.md,link_path_corrupted,"no exact reverse-match for: ['/kb/3d/typescript/how-to-export-gltf-in-typescript/', '/kb/3d/typescript/how-to-load-3d-models-in-typescript/']"
blog.aspose.org,3d,ru,D:\onedrive\Documents\GitHub\aspose.org\content\blog.aspose.org\3d\typescript\introducing-aspose-3d-foss-for-typescript\index.ru.md,D:\onedrive\Documents\GitHub\aspose.org\content\blog.aspose.org\3d\typescript\introducing-aspose-3d-foss-for-typescript\index.md,link_path_corrupted,"no exact reverse-match for: ['/kb/3d/typescript/how-to-export-gltf-in-typescript/', '/kb/3d/typescript/how-to-load-3d-models-in-typescript/']"
blog.aspose.org,3d,sk,D:\onedrive\Documents\GitHub\aspose.org\content\blog.aspose.org\3d\typescript\introducing-aspose-3d-foss-for-typescript\index.sk.md,D:\onedrive\Documents\GitHub\aspose.org\content\blog.aspose.org\3d\typescript\introducing-aspose-3d-foss-for-typescript\index.md,link_path_corrupted,"no exact reverse-match for: ['/kb/3d/typescript/how-to-export-gltf-in-typescript/', '/kb/3d/typescript/how-to-load-3d-models-in-typescript/']"
blog.aspose.org,3d,sr,D:\onedrive\Documents\GitHub\aspose.org\content\blog.aspose.org\3d\typescript\introducing-aspose-3d-foss-for-typescript\index.sr.md,D:\onedrive\Documents\GitHub\aspose.org\content\blog.aspose.org\3d\typescript\introducing-aspose-3d-foss-for-typescript\index.md,link_path_corrupted,"no exact reverse-match for: ['/kb/3d/typescript/how-to-export-gltf-in-typescript/', '/kb/3d/typescript/how-to-load-3d-models-in-typescript/']"
blog.aspose.org,3d,sv,D:\onedrive\Documents\GitHub\aspose.org\content\blog.aspose.org\3d\typescript\introducing-aspose-3d-foss-for-typescript\index.sv.md,D:\onedrive\Documents\GitHub\aspose.org\content\blog.aspose.org\3d\typescript\introducing-aspose-3d-foss-for-typescript\index.md,link_path_corrupted,"no exact reverse-match for: ['/kb/3d/typescript/how-to-export-gltf-in-typescript/', '/kb/3d/typescript/how-to-load-3d-models-in-typescript/']"
blog.aspose.org,3d,th,D:\onedrive\Documents\GitHub\aspose.org\content\blog.aspose.org\3d\typescript\introducing-aspose-3d-foss-for-typescript\index.th.md,D:\onedrive\Documents\GitHub\aspose.org\content\blog.aspose.org\3d\typescript\introducing-aspose-3d-foss-for-typescript\index.md,link_path_corrupted,"no exact reverse-match for: ['/kb/3d/typescript/how-to-export-gltf-in-typescript/', '/kb/3d/typescript/how-to-load-3d-models-in-typescript/']"
blog.aspose.org,3d,tr,D:\onedrive\Documents\GitHub\aspose.org\content\blog.aspose.org\3d\typescript\introducing-aspose-3d-foss-for-typescript\index.tr.md,D:\onedrive\Documents\GitHub\aspose.org\content\blog.aspose.org\3d\typescript\introducing-aspose-3d-foss-for-typescript\index.md,link_path_corrupted,"no exact reverse-match for: ['/kb/3d/typescript/how-to-export-gltf-in-typescript/', '/kb/3d/typescript/how-to-load-3d-models-in-typescript/']"
blog.aspose.org,3d,uk,D:\onedrive\Documents\GitHub\aspose.org\content\blog.aspose.org\3d\typescript\introducing-aspose-3d-foss-for-typescript\index.uk.md,D:\onedrive\Documents\GitHub\aspose.org\content\blog.aspose.org\3d\typescript\introducing-aspose-3d-foss-for-typescript\index.md,link_path_corrupted,"no exact reverse-match for: ['/kb/3d/typescript/how-to-export-gltf-in-typescript/', '/kb/3d/typescript/how-to-load-3d-models-in-typescript/']"
blog.aspose.org,3d,vi,D:\onedrive\Documents\GitHub\aspose.org\content\blog.aspose.org\3d\typescript\introducing-aspose-3d-foss-for-typescript\index.vi.md,D:\onedrive\Documents\GitHub\aspose.org\content\blog.aspose.org\3d\typescript\introducing-aspose-3d-foss-for-typescript\index.md,link_path_corrupted,"no exact reverse-match for: ['/kb/3d/typescript/how-to-export-gltf-in-typescript/', '/kb/3d/typescript/how-to-load-3d-models-in-typescript/']"
blog.aspose.org,3d,zh,D:\onedrive\Documents\GitHub\aspose.org\content\blog.aspose.org\3d\typescript\introducing-aspose-3d-foss-for-typescript\index.zh.md,D:\onedrive\Documents\GitHub\aspose.org\content\blog.aspose.org\3d\typescript\introducing-aspose-3d-foss-for-typescript\index.md,link_path_corrupted,"no exact reverse-match for: ['/kb/3d/typescript/how-to-export-gltf-in-typescript/', '/kb/3d/typescript/how-to-load-3d-models-in-typescript/']"
docs.aspose.org,cells,ar,D:\onedrive\Documents\GitHub\aspose.org\content\docs.aspose.org\ar\cells\java\getting-started\installation.md,D:\onedrive\Documents\GitHub\aspose.org\content\docs.aspose.org\en\cells\java\getting-started\installation.md,link_path_corrupted,"no exact reverse-match for: ['./quickstart/', '././developer-guide/']"
docs.aspose.org,cells,bg,D:\onedrive\Documents\GitHub\aspose.org\content\docs.aspose.org\bg\cells\java\getting-started\installation.md,D:\onedrive\Documents\GitHub\aspose.org\content\docs.aspose.org\en\cells\java\getting-started\installation.md,link_path_corrupted,"no exact reverse-match for: ['./quickstart/', '././developer-guide/']"
docs.aspose.org,cells,ca,D:\onedrive\Documents\GitHub\aspose.org\content\docs.aspose.org\ca\cells\java\getting-started\installation.md,D:\onedrive\Documents\GitHub\aspose.org\content\docs.aspose.org\en\cells\java\getting-started\installation.md,link_path_corrupted,"no exact reverse-match for: ['./quickstart/', '././developer-guide/']"
docs.aspose.org,cells,cs,D:\onedrive\Documents\GitHub\aspose.org\content\docs.aspose.org\cs\cells\java\getting-started\installation.md,D:\onedrive\Documents\GitHub\aspose.org\content\docs.aspose.org\en\cells\java\getting-started\installation.md,link_path_corrupted,"no exact reverse-match for: ['./quickstart/', '././developer-guide/']"
docs.aspose.org,cells,da,D:\onedrive\Documents\GitHub\aspose.org\content\docs.aspose.org\da\cells\java\getting-started\installation.md,D:\onedrive\Documents\GitHub\aspose.org\content\docs.aspose.org\en\cells\java\getting-started\installation.md,link_path_corrupted,"no exact reverse-match for: ['./quickstart/', '././developer-guide/']"
docs.aspose.org,cells,el,D:\onedrive\Documents\GitHub\aspose.org\content\docs.aspose.org\el\cells\java\getting-started\installation.md,D:\onedrive\Documents\GitHub\aspose.org\content\docs.aspose.org\en\cells\java\getting-started\installation.md,link_path_corrupted,"no exact reverse-match for: ['./quickstart/', '././developer-guide/']"
docs.aspose.org,cells,es,D:\onedrive\Documents\GitHub\aspose.org\content\docs.aspose.org\es\cells\java\getting-started\installation.md,D:\onedrive\Documents\GitHub\aspose.org\content\docs.aspose.org\en\cells\java\getting-started\installation.md,link_path_corrupted,"no exact reverse-match for: ['./quickstart/', '././developer-guide/']"
docs.aspose.org,cells,fa,D:\onedrive\Documents\GitHub\aspose.org\content\docs.aspose.org\fa\cells\java\getting-started\installation.md,D:\onedrive\Documents\GitHub\aspose.org\content\docs.aspose.org\en\cells\java\getting-started\installation.md,link_path_corrupted,"no exact reverse-match for: ['./quickstart/', '././developer-guide/']"
docs.aspose.org,cells,fi,D:\onedrive\Documents\GitHub\aspose.org\content\docs.aspose.org\fi\cells\java\getting-started\installation.md,D:\onedrive\Documents\GitHub\aspose.org\content\docs.aspose.org\en\cells\java\getting-started\installation.md,link_path_corrupted,"no exact reverse-match for: ['./quickstart/', '././developer-guide/']"
docs.aspose.org,cells,fr,D:\onedrive\Documents\GitHub\aspose.org\content\docs.aspose.org\fr\cells\java\getting-started\installation.md,D:\onedrive\Documents\GitHub\aspose.org\content\docs.aspose.org\en\cells\java\getting-started\installation.md,link_path_corrupted,"no exact reverse-match for: ['./quickstart/', '././developer-guide/']"
docs.aspose.org,cells,he,D:\onedrive\Documents\GitHub\aspose.org\content\docs.aspose.org\he\cells\java\getting-started\installation.md,D:\onedrive\Documents\GitHub\aspose.org\content\docs.aspose.org\en\cells\java\getting-started\installation.md,link_path_corrupted,"no exact reverse-match for: ['./quickstart/', '././developer-guide/']"
docs.aspose.org,cells,hi,D:\onedrive\Documents\GitHub\aspose.org\content\docs.aspose.org\hi\cells\java\getting-started\installation.md,D:\onedrive\Documents\GitHub\aspose.org\content\docs.aspose.org\en\cells\java\getting-started\installation.md,link_path_corrupted,"no exact reverse-match for: ['./quickstart/', '././developer-guide/']"
docs.aspose.org,cells,hu,D:\onedrive\Documents\GitHub\aspose.org\content\docs.aspose.org\hu\cells\java\getting-started\installation.md,D:\onedrive\Documents\GitHub\aspose.org\content\docs.aspose.org\en\cells\java\getting-started\installation.md,link_path_corrupted,"no exact reverse-match for: ['./quickstart/', '././developer-guide/']"
docs.aspose.org,cells,id,D:\onedrive\Documents\GitHub\aspose.org\content\docs.aspose.org\id\cells\java\getting-started\installation.md,D:\onedrive\Documents\GitHub\aspose.org\content\docs.aspose.org\en\cells\java\getting-started\installation.md,link_path_corrupted,"no exact reverse-match for: ['./quickstart/', '././developer-guide/']"
docs.aspose.org,cells,it,D:\onedrive\Documents\GitHub\aspose.org\content\docs.aspose.org\it\cells\java\getting-started\installation.md,D:\onedrive\Documents\GitHub\aspose.org\content\docs.aspose.org\en\cells\java\getting-started\installation.md,link_path_corrupted,"no exact reverse-match for: ['./quickstart/', '././developer-guide/']"
docs.aspose.org,cells,ja,D:\onedrive\Documents\GitHub\aspose.org\content\docs.aspose.org\ja\cells\java\getting-started\installation.md,D:\onedrive\Documents\GitHub\aspose.org\content\docs.aspose.org\en\cells\java\getting-started\installation.md,link_path_corrupted,"no exact reverse-match for: ['./quickstart/', '././developer-guide/']"
docs.aspose.org,cells,ko,D:\onedrive\Documents\GitHub\aspose.org\content\docs.aspose.org\ko\cells\java\getting-started\installation.md,D:\onedrive\Documents\GitHub\aspose.org\content\docs.aspose.org\en\cells\java\getting-started\installation.md,link_path_corrupted,"no exact reverse-match for: ['./quickstart/', '././developer-guide/']"
docs.aspose.org,cells,lt,D:\onedrive\Documents\GitHub\aspose.org\content\docs.aspose.org\lt\cells\java\getting-started\installation.md,D:\onedrive\Documents\GitHub\aspose.org\content\docs.aspose.org\en\cells\java\getting-started\installation.md,link_path_corrupted,"no exact reverse-match for: ['./quickstart/', '././developer-guide/']"
docs.aspose.org,cells,lv,D:\onedrive\Documents\GitHub\aspose.org\content\docs.aspose.org\lv\cells\java\getting-started\installation.md,D:\onedrive\Documents\GitHub\aspose.org\content\docs.aspose.org\en\cells\java\getting-started\installation.md,link_path_corrupted,"no exact reverse-match for: ['./quickstart/', '././developer-guide/']"
docs.aspose.org,cells,ms,D:\onedrive\Documents\GitHub\aspose.org\content\docs.aspose.org\ms\cells\java\getting-started\installation.md,D:\onedrive\Documents\GitHub\aspose.org\content\docs.aspose.org\en\cells\java\getting-started\installation.md,link_path_corrupted,"no exact reverse-match for: ['./quickstart/', '././developer-guide/']"
docs.aspose.org,cells,nl,D:\onedrive\Documents\GitHub\aspose.org\content\docs.aspose.org\nl\cells\java\getting-started\installation.md,D:\onedrive\Documents\GitHub\aspose.org\content\docs.aspose.org\en\cells\java\getting-started\installation.md,link_path_corrupted,"no exact reverse-match for: ['./quickstart/', '././developer-guide/']"
docs.aspose.org,cells,no,D:\onedrive\Documents\GitHub\aspose.org\content\docs.aspose.org\no\cells\java\getting-started\installation.md,D:\onedrive\Documents\GitHub\aspose.org\content\docs.aspose.org\en\cells\java\getting-started\installation.md,link_path_corrupted,"no exact reverse-match for: ['./quickstart/', '././developer-guide/']"
docs.aspose.org,cells,pl,D:\onedrive\Documents\GitHub\aspose.org\content\docs.aspose.org\pl\cells\java\getting-started\installation.md,D:\onedrive\Documents\GitHub\aspose.org\content\docs.aspose.org\en\cells\java\getting-started\installation.md,link_path_corrupted,"no exact reverse-match for: ['./quickstart/', '././developer-guide/']"
docs.aspose.org,cells,pt,D:\onedrive\Documents\GitHub\aspose.org\content\docs.aspose.org\pt\cells\java\getting-started\installation.md,D:\onedrive\Documents\GitHub\aspose.org\content\docs.aspose.org\en\cells\java\getting-started\installation.md,link_path_corrupted,"no exact reverse-match for: ['./quickstart/', '././developer-guide/']"
docs.aspose.org,cells,ro,D:\onedrive\Documents\GitHub\aspose.org\content\docs.aspose.org\ro\cells\java\getting-started\installation.md,D:\onedrive\Documents\GitHub\aspose.org\content\docs.aspose.org\en\cells\java\getting-started\installation.md,link_path_corrupted,"no exact reverse-match for: ['./quickstart/', '././developer-guide/']"
docs.aspose.org,cells,ru,D:\onedrive\Documents\GitHub\aspose.org\content\docs.aspose.org\ru\cells\java\getting-started\installation.md,D:\onedrive\Documents\GitHub\aspose.org\content\docs.aspose.org\en\cells\java\getting-started\installation.md,link_path_corrupted,"no exact reverse-match for: ['./quickstart/', '././developer-guide/']"
docs.aspose.org,cells,sk,D:\onedrive\Documents\GitHub\aspose.org\content\docs.aspose.org\sk\cells\java\getting-started\installation.md,D:\onedrive\Documents\GitHub\aspose.org\content\docs.aspose.org\en\cells\java\getting-started\installation.md,link_path_corrupted,"no exact reverse-match for: ['./quickstart/', '././developer-guide/']"
docs.aspose.org,cells,sr,D:\onedrive\Documents\GitHub\aspose.org\content\docs.aspose.org\sr\cells\java\getting-started\installation.md,D:\onedrive\Documents\GitHub\aspose.org\content\docs.aspose.org\en\cells\java\getting-started\installation.md,link_path_corrupted,"no exact reverse-match for: ['./quickstart/', '././developer-guide/']"
docs.aspose.org,cells,sv,D:\onedrive\Documents\GitHub\aspose.org\content\docs.aspose.org\sv\cells\java\getting-started\installation.md,D:\onedrive\Documents\GitHub\aspose.org\content\docs.aspose.org\en\cells\java\getting-started\installation.md,link_path_corrupted,"no exact reverse-match for: ['./quickstart/', '././developer-guide/']"
docs.aspose.org,cells,th,D:\onedrive\Documents\GitHub\aspose.org\content\docs.aspose.org\th\cells\java\getting-started\installation.md,D:\onedrive\Documents\GitHub\aspose.org\content\docs.aspose.org\en\cells\java\getting-started\installation.md,link_path_corrupted,"no exact reverse-match for: ['./quickstart/', '././developer-guide/']"
docs.aspose.org,cells,tr,D:\onedrive\Documents\GitHub\aspose.org\content\docs.aspose.org\tr\cells\java\getting-started\installation.md,D:\onedrive\Documents\GitHub\aspose.org\content\docs.aspose.org\en\cells\java\getting-started\installation.md,link_path_corrupted,"no exact reverse-match for: ['./quickstart/', '././developer-guide/']"
docs.aspose.org,cells,uk,D:\onedrive\Documents\GitHub\aspose.org\content\docs.aspose.org\uk\cells\java\getting-started\installation.md,D:\onedrive\Documents\GitHub\aspose.org\content\docs.aspose.org\en\cells\java\getting-started\installation.md,link_path_corrupted,"no exact reverse-match for: ['./quickstart/', '././developer-guide/']"
docs.aspose.org,cells,vi,D:\onedrive\Documents\GitHub\aspose.org\content\docs.aspose.org\vi\cells\java\getting-started\installation.md,D:\onedrive\Documents\GitHub\aspose.org\content\docs.aspose.org\en\cells\java\getting-started\installation.md,link_path_corrupted,"no exact reverse-match for: ['./quickstart/', '././developer-guide/']"
docs.aspose.org,cells,zh,D:\onedrive\Documents\GitHub\aspose.org\content\docs.aspose.org\zh\cells\java\getting-started\installation.md,D:\onedrive\Documents\GitHub\aspose.org\content\docs.aspose.org\en\cells\java\getting-started\installation.md,link_path_corrupted,"no exact reverse-match for: ['./quickstart/', '././developer-guide/']"
docs.aspose.org,cells,ar,D:\onedrive\Documents\GitHub\aspose.org\content\docs.aspose.org\ar\cells\java\getting-started\quickstart.md,D:\onedrive\Documents\GitHub\aspose.org\content\docs.aspose.org\en\cells\java\getting-started\quickstart.md,link_path_corrupted,"no exact reverse-match for: ['./installation/', '././developer-guide/']"
docs.aspose.org,cells,bg,D:\onedrive\Documents\GitHub\aspose.org\content\docs.aspose.org\bg\cells\java\getting-started\quickstart.md,D:\onedrive\Documents\GitHub\aspose.org\content\docs.aspose.org\en\cells\java\getting-started\quickstart.md,link_path_corrupted,"no exact reverse-match for: ['./installation/', '././developer-guide/']"
docs.aspose.org,cells,ca,D:\onedrive\Documents\GitHub\aspose.org\content\docs.aspose.org\ca\cells\java\getting-started\quickstart.md,D:\onedrive\Documents\GitHub\aspose.org\content\docs.aspose.org\en\cells\java\getting-started\quickstart.md,link_path_corrupted,"no exact reverse-match for: ['./installation/', '././developer-guide/']"
docs.aspose.org,cells,cs,D:\onedrive\Documents\GitHub\aspose.org\content\docs.aspose.org\cs\cells\java\getting-started\quickstart.md,D:\onedrive\Documents\GitHub\aspose.org\content\docs.aspose.org\en\cells\java\getting-started\quickstart.md,link_path_corrupted,"no exact reverse-match for: ['./installation/', '././developer-guide/']"
docs.aspose.org,cells,da,D:\onedrive\Documents\GitHub\aspose.org\content\docs.aspose.org\da\cells\java\getting-started\quickstart.md,D:\onedrive\Documents\GitHub\aspose.org\content\docs.aspose.org\en\cells\java\getting-started\quickstart.md,link_path_corrupted,"no exact reverse-match for: ['./installation/', '././developer-guide/']"
docs.aspose.org,cells,de,D:\onedrive\Documents\GitHub\aspose.org\content\docs.aspose.org\de\cells\java\getting-started\quickstart.md,D:\onedrive\Documents\GitHub\aspose.org\content\docs.aspose.org\en\cells\java\getting-started\quickstart.md,link_path_corrupted,"no exact reverse-match for: ['./installation/', '././developer-guide/']"
docs.aspose.org,cells,el,D:\onedrive\Documents\GitHub\aspose.org\content\docs.aspose.org\el\cells\java\getting-started\quickstart.md,D:\onedrive\Documents\GitHub\aspose.org\content\docs.aspose.org\en\cells\java\getting-started\quickstart.md,link_path_corrupted,"no exact reverse-match for: ['./installation/', '././developer-guide/']"
docs.aspose.org,cells,es,D:\onedrive\Documents\GitHub\aspose.org\content\docs.aspose.org\es\cells\java\getting-started\quickstart.md,D:\onedrive\Documents\GitHub\aspose.org\content\docs.aspose.org\en\cells\java\getting-started\quickstart.md,link_path_corrupted,"no exact reverse-match for: ['./installation/', '././developer-guide/']"
docs.aspose.org,cells,fa,D:\onedrive\Documents\GitHub\aspose.org\content\docs.aspose.org\fa\cells\java\getting-started\quickstart.md,D:\onedrive\Documents\GitHub\aspose.org\content\docs.aspose.org\en\cells\java\getting-started\quickstart.md,link_path_corrupted,"no exact reverse-match for: ['./installation/', '././developer-guide/']"
docs.aspose.org,cells,fi,D:\onedrive\Documents\GitHub\aspose.org\content\docs.aspose.org\fi\cells\java\getting-started\quickstart.md,D:\onedrive\Documents\GitHub\aspose.org\content\docs.aspose.org\en\cells\java\getting-started\quickstart.md,link_path_corrupted,"no exact reverse-match for: ['./installation/', '././developer-guide/']"
docs.aspose.org,cells,fr,D:\onedrive\Documents\GitHub\aspose.org\content\docs.aspose.org\fr\cells\java\getting-started\quickstart.md,D:\onedrive\Documents\GitHub\aspose.org\content\docs.aspose.org\en\cells\java\getting-started\quickstart.md,link_path_corrupted,"no exact reverse-match for: ['./installation/', '././developer-guide/']"
docs.aspose.org,cells,he,D:\onedrive\Documents\GitHub\aspose.org\content\docs.aspose.org\he\cells\java\getting-started\quickstart.md,D:\onedrive\Documents\GitHub\aspose.org\content\docs.aspose.org\en\cells\java\getting-started\quickstart.md,link_path_corrupted,"no exact reverse-match for: ['./installation/', '././developer-guide/']"
docs.aspose.org,cells,hi,D:\onedrive\Documents\GitHub\aspose.org\content\docs.aspose.org\hi\cells\java\getting-started\quickstart.md,D:\onedrive\Documents\GitHub\aspose.org\content\docs.aspose.org\en\cells\java\getting-started\quickstart.md,link_path_corrupted,"no exact reverse-match for: ['./installation/', '././developer-guide/']"
docs.aspose.org,cells,hu,D:\onedrive\Documents\GitHub\aspose.org\content\docs.aspose.org\hu\cells\java\getting-started\quickstart.md,D:\onedrive\Documents\GitHub\aspose.org\content\docs.aspose.org\en\cells\java\getting-started\quickstart.md,link_path_corrupted,"no exact reverse-match for: ['./installation/', '././developer-guide/']"
docs.aspose.org,cells,id,D:\onedrive\Documents\GitHub\aspose.org\content\docs.aspose.org\id\cells\java\getting-started\quickstart.md,D:\onedrive\Documents\GitHub\aspose.org\content\docs.aspose.org\en\cells\java\getting-started\quickstart.md,link_path_corrupted,"no exact reverse-match for: ['./installation/', '././developer-guide/']"
docs.aspose.org,cells,it,D:\onedrive\Documents\GitHub\aspose.org\content\docs.aspose.org\it\cells\java\getting-started\quickstart.md,D:\onedrive\Documents\GitHub\aspose.org\content\docs.aspose.org\en\cells\java\getting-started\quickstart.md,link_path_corrupted,"no exact reverse-match for: ['./installation/', '././developer-guide/']"
docs.aspose.org,cells,ja,D:\onedrive\Documents\GitHub\aspose.org\content\docs.aspose.org\ja\cells\java\getting-started\quickstart.md,D:\onedrive\Documents\GitHub\aspose.org\content\docs.aspose.org\en\cells\java\getting-started\quickstart.md,link_path_corrupted,"no exact reverse-match for: ['./installation/', '././developer-guide/']"
docs.aspose.org,cells,ko,D:\onedrive\Documents\GitHub\aspose.org\content\docs.aspose.org\ko\cells\java\getting-started\quickstart.md,D:\onedrive\Documents\GitHub\aspose.org\content\docs.aspose.org\en\cells\java\getting-started\quickstart.md,link_path_corrupted,"no exact reverse-match for: ['./installation/', '././developer-guide/']"
docs.aspose.org,cells,lt,D:\onedrive\Documents\GitHub\aspose.org\content\docs.aspose.org\lt\cells\java\getting-started\quickstart.md,D:\onedrive\Documents\GitHub\aspose.org\content\docs.aspose.org\en\cells\java\getting-started\quickstart.md,link_path_corrupted,"no exact reverse-match for: ['./installation/', '././developer-guide/']"
docs.aspose.org,cells,lv,D:\onedrive\Documents\GitHub\aspose.org\content\docs.aspose.org\lv\cells\java\getting-started\quickstart.md,D:\onedrive\Documents\GitHub\aspose.org\content\docs.aspose.org\en\cells\java\getting-started\quickstart.md,link_path_corrupted,"no exact reverse-match for: ['./installation/', '././developer-guide/']"
docs.aspose.org,cells,ms,D:\onedrive\Documents\GitHub\aspose.org\content\docs.aspose.org\ms\cells\java\getting-started\quickstart.md,D:\onedrive\Documents\GitHub\aspose.org\content\docs.aspose.org\en\cells\java\getting-started\quickstart.md,link_path_corrupted,"no exact reverse-match for: ['./installation/', '././developer-guide/']"
docs.aspose.org,cells,nl,D:\onedrive\Documents\GitHub\aspose.org\content\docs.aspose.org\nl\cells\java\getting-started\quickstart.md,D:\onedrive\Documents\GitHub\aspose.org\content\docs.aspose.org\en\cells\java\getting-started\quickstart.md,link_path_corrupted,"no exact reverse-match for: ['./installation/', '././developer-guide/']"
docs.aspose.org,cells,no,D:\onedrive\Documents\GitHub\aspose.org\content\docs.aspose.org\no\cells\java\getting-started\quickstart.md,D:\onedrive\Documents\GitHub\aspose.org\content\docs.aspose.org\en\cells\java\getting-started\quickstart.md,link_path_corrupted,"no exact reverse-match for: ['./installation/', '././developer-guide/']"
docs.aspose.org,cells,pl,D:\onedrive\Documents\GitHub\aspose.org\content\docs.aspose.org\pl\cells\java\getting-started\quickstart.md,D:\onedrive\Documents\GitHub\aspose.org\content\docs.aspose.org\en\cells\java\getting-started\quickstart.md,link_path_corrupted,"no exact reverse-match for: ['./installation/', '././developer-guide/']"
docs.aspose.org,cells,pt,D:\onedrive\Documents\GitHub\aspose.org\content\docs.aspose.org\pt\cells\java\getting-started\quickstart.md,D:\onedrive\Documents\GitHub\aspose.org\content\docs.aspose.org\en\cells\java\getting-started\quickstart.md,link_path_corrupted,"no exact reverse-match for: ['./installation/', '././developer-guide/']"
docs.aspose.org,cells,ro,D:\onedrive\Documents\GitHub\aspose.org\content\docs.aspose.org\ro\cells\java\getting-started\quickstart.md,D:\onedrive\Documents\GitHub\aspose.org\content\docs.aspose.org\en\cells\java\getting-started\quickstart.md,link_path_corrupted,"no exact reverse-match for: ['./installation/', '././developer-guide/']"
docs.aspose.org,cells,ru,D:\onedrive\Documents\GitHub\aspose.org\content\docs.aspose.org\ru\cells\java\getting-started\quickstart.md,D:\onedrive\Documents\GitHub\aspose.org\content\docs.aspose.org\en\cells\java\getting-started\quickstart.md,link_path_corrupted,"no exact reverse-match for: ['./installation/', '././developer-guide/']"
docs.aspose.org,cells,sk,D:\onedrive\Documents\GitHub\aspose.org\content\docs.aspose.org\sk\cells\java\getting-started\quickstart.md,D:\onedrive\Documents\GitHub\aspose.org\content\docs.aspose.org\en\cells\java\getting-started\quickstart.md,link_path_corrupted,"no exact reverse-match for: ['./installation/', '././developer-guide/']"
docs.aspose.org,cells,sr,D:\onedrive\Documents\GitHub\aspose.org\content\docs.aspose.org\sr\cells\java\getting-started\quickstart.md,D:\onedrive\Documents\GitHub\aspose.org\content\docs.aspose.org\en\cells\java\getting-started\quickstart.md,link_path_corrupted,"no exact reverse-match for: ['./installation/', '././developer-guide/']"
docs.aspose.org,cells,sv,D:\onedrive\Documents\GitHub\aspose.org\content\docs.aspose.org\sv\cells\java\getting-started\quickstart.md,D:\onedrive\Documents\GitHub\aspose.org\content\docs.aspose.org\en\cells\java\getting-started\quickstart.md,link_path_corrupted,"no exact reverse-match for: ['./installation/', '././developer-guide/']"
docs.aspose.org,cells,th,D:\onedrive\Documents\GitHub\aspose.org\content\docs.aspose.org\th\cells\java\getting-started\quickstart.md,D:\onedrive\Documents\GitHub\aspose.org\content\docs.aspose.org\en\cells\java\getting-started\quickstart.md,link_path_corrupted,"no exact reverse-match for: ['./installation/', '././developer-guide/']"
docs.aspose.org,cells,tr,D:\onedrive\Documents\GitHub\aspose.org\content\docs.aspose.org\tr\cells\java\getting-started\quickstart.md,D:\onedrive\Documents\GitHub\aspose.org\content\docs.aspose.org\en\cells\java\getting-started\quickstart.md,link_path_corrupted,"no exact reverse-match for: ['./installation/', '././developer-guide/']"
docs.aspose.org,cells,uk,D:\onedrive\Documents\GitHub\aspose.org\content\docs.aspose.org\uk\cells\java\getting-started\quickstart.md,D:\onedrive\Documents\GitHub\aspose.org\content\docs.aspose.org\en\cells\java\getting-started\quickstart.md,link_path_corrupted,"no exact reverse-match for: ['./installation/', '././developer-guide/']"
docs.aspose.org,cells,vi,D:\onedrive\Documents\GitHub\aspose.org\content\docs.aspose.org\vi\cells\java\getting-started\quickstart.md,D:\onedrive\Documents\GitHub\aspose.org\content\docs.aspose.org\en\cells\java\getting-started\quickstart.md,link_path_corrupted,"no exact reverse-match for: ['./installation/', '././developer-guide/']"
docs.aspose.org,cells,zh,D:\onedrive\Documents\GitHub\aspose.org\content\docs.aspose.org\zh\cells\java\getting-started\quickstart.md,D:\onedrive\Documents\GitHub\aspose.org\content\docs.aspose.org\en\cells\java\getting-started\quickstart.md,link_path_corrupted,"no exact reverse-match for: ['./installation/', '././developer-guide/']"
docs.aspose.org,cells,ar,D:\onedrive\Documents\GitHub\aspose.org\content\docs.aspose.org\ar\cells\python\getting-started\_index.md,D:\onedrive\Documents\GitHub\aspose.org\content\docs.aspose.org\en\cells\python\getting-started\_index.md,link_path_corrupted,no exact reverse-match for: ['/cells/python/introducing-cells-foss-python/']
