site_id,family,locale,file_path,en_path,issue_type,backlog_reason
reference.aspose.org,3d,es,D:\onedrive\Documents\GitHub\aspose.org\content\reference.aspose.org\es\3d\python\Material.md,D:\onedrive\Documents\GitHub\aspose.org\content\reference.aspose.org\en\3d\python\Material.md,newline_explosion,root cause 2 (stale content): apis_overlap: overlap=0.00
reference.aspose.org,3d,fa,D:\onedrive\Documents\GitHub\aspose.org\content\reference.aspose.org\fa\3d\python\Material.md,D:\onedrive\Documents\GitHub\aspose.org\content\reference.aspose.org\en\3d\python\Material.md,newline_explosion,root cause 2 (stale content): apis_overlap: overlap=0.00
reference.aspose.org,3d,he,D:\onedrive\Documents\GitHub\aspose.org\content\reference.aspose.org\he\3d\python\Material.md,D:\onedrive\Documents\GitHub\aspose.org\content\reference.aspose.org\en\3d\python\Material.md,newline_explosion,root cause 2 (stale content): apis_overlap: overlap=0.00
reference.aspose.org,3d,hi,D:\onedrive\Documents\GitHub\aspose.org\content\reference.aspose.org\hi\3d\python\Material.md,D:\onedrive\Documents\GitHub\aspose.org\content\reference.aspose.org\en\3d\python\Material.md,newline_explosion,root cause 2 (stale content): apis_overlap: overlap=0.00
reference.aspose.org,3d,hr,D:\onedrive\Documents\GitHub\aspose.org\content\reference.aspose.org\hr\3d\python\Material.md,D:\onedrive\Documents\GitHub\aspose.org\content\reference.aspose.org\en\3d\python\Material.md,newline_explosion,root cause 2 (stale content): apis_overlap: overlap=0.00
reference.aspose.org,3d,hu,D:\onedrive\Documents\GitHub\aspose.org\content\reference.aspose.org\hu\3d\python\Material.md,D:\onedrive\Documents\GitHub\aspose.org\content\reference.aspose.org\en\3d\python\Material.md,newline_explosion,root cause 2 (stale content): apis_overlap: overlap=0.00
reference.aspose.org,3d,id,D:\onedrive\Documents\GitHub\aspose.org\content\reference.aspose.org\id\3d\python\Material.md,D:\onedrive\Documents\GitHub\aspose.org\content\reference.aspose.org\en\3d\python\Material.md,newline_explosion,root cause 2 (stale content): apis_overlap: overlap=0.00
reference.aspose.org,3d,it,D:\onedrive\Documents\GitHub\aspose.org\content\reference.aspose.org\it\3d\python\Material.md,D:\onedrive\Documents\GitHub\aspose.org\content\reference.aspose.org\en\3d\python\Material.md,newline_explosion,root cause 2 (stale content): apis_overlap: overlap=0.00
reference.aspose.org,3d,ko,D:\onedrive\Documents\GitHub\aspose.org\content\reference.aspose.org\ko\3d\python\Material.md,D:\onedrive\Documents\GitHub\aspose.org\content\reference.aspose.org\en\3d\python\Material.md,newline_explosion,root cause 2 (stale content): apis_overlap: overlap=0.00
reference.aspose.org,3d,lv,D:\onedrive\Documents\GitHub\aspose.org\content\reference.aspose.org\lv\3d\python\Material.md,D:\onedrive\Documents\GitHub\aspose.org\content\reference.aspose.org\en\3d\python\Material.md,newline_explosion,root cause 2 (stale content): apis_overlap: overlap=0.00
reference.aspose.org,3d,ms,D:\onedrive\Documents\GitHub\aspose.org\content\reference.aspose.org\ms\3d\python\Material.md,D:\onedrive\Documents\GitHub\aspose.org\content\reference.aspose.org\en\3d\python\Material.md,newline_explosion,root cause 2 (stale content): apis_overlap: overlap=0.00
reference.aspose.org,3d,nl,D:\onedrive\Documents\GitHub\aspose.org\content\reference.aspose.org\nl\3d\python\Material.md,D:\onedrive\Documents\GitHub\aspose.org\content\reference.aspose.org\en\3d\python\Material.md,newline_explosion,root cause 2 (stale content): apis_overlap: overlap=0.00
reference.aspose.org,3d,no,D:\onedrive\Documents\GitHub\aspose.org\content\reference.aspose.org\no\3d\python\Material.md,D:\onedrive\Documents\GitHub\aspose.org\content\reference.aspose.org\en\3d\python\Material.md,newline_explosion,root cause 2 (stale content): apis_overlap: overlap=0.00
reference.aspose.org,3d,pl,D:\onedrive\Documents\GitHub\aspose.org\content\reference.aspose.org\pl\3d\python\Material.md,D:\onedrive\Documents\GitHub\aspose.org\content\reference.aspose.org\en\3d\python\Material.md,newline_explosion,root cause 2 (stale content): apis_overlap: overlap=0.00
reference.aspose.org,3d,pt,D:\onedrive\Documents\GitHub\aspose.org\content\reference.aspose.org\pt\3d\python\Material.md,D:\onedrive\Documents\GitHub\aspose.org\content\reference.aspose.org\en\3d\python\Material.md,newline_explosion,root cause 2 (stale content): apis_overlap: overlap=0.00
reference.aspose.org,3d,ru,D:\onedrive\Documents\GitHub\aspose.org\content\reference.aspose.org\ru\3d\python\Material.md,D:\onedrive\Documents\GitHub\aspose.org\content\reference.aspose.org\en\3d\python\Material.md,newline_explosion,root cause 2 (stale content): apis_overlap: overlap=0.00
reference.aspose.org,3d,sk,D:\onedrive\Documents\GitHub\aspose.org\content\reference.aspose.org\sk\3d\python\Material.md,D:\onedrive\Documents\GitHub\aspose.org\content\reference.aspose.org\en\3d\python\Material.md,newline_explosion,root cause 2 (stale content): apis_overlap: overlap=0.00
reference.aspose.org,3d,sr,D:\onedrive\Documents\GitHub\aspose.org\content\reference.aspose.org\sr\3d\python\Material.md,D:\onedrive\Documents\GitHub\aspose.org\content\reference.aspose.org\en\3d\python\Material.md,newline_explosion,root cause 2 (stale content): apis_overlap: overlap=0.00
reference.aspose.org,3d,sv,D:\onedrive\Documents\GitHub\aspose.org\content\reference.aspose.org\sv\3d\python\Material.md,D:\onedrive\Documents\GitHub\aspose.org\content\reference.aspose.org\en\3d\python\Material.md,newline_explosion,root cause 2 (stale content): apis_overlap: overlap=0.00
reference.aspose.org,3d,th,D:\onedrive\Documents\GitHub\aspose.org\content\reference.aspose.org\th\3d\python\Material.md,D:\onedrive\Documents\GitHub\aspose.org\content\reference.aspose.org\en\3d\python\Material.md,newline_explosion,root cause 2 (stale content): apis_overlap: overlap=0.00
reference.aspose.org,3d,tr,D:\onedrive\Documents\GitHub\aspose.org\content\reference.aspose.org\tr\3d\python\Material.md,D:\onedrive\Documents\GitHub\aspose.org\content\reference.aspose.org\en\3d\python\Material.md,newline_explosion,root cause 2 (stale content): apis_overlap: overlap=0.00
reference.aspose.org,3d,uk,D:\onedrive\Documents\GitHub\aspose.org\content\reference.aspose.org\uk\3d\python\Material.md,D:\onedrive\Documents\GitHub\aspose.org\content\reference.aspose.org\en\3d\python\Material.md,newline_explosion,root cause 2 (stale content): apis_overlap: overlap=0.00
reference.aspose.org,3d,vi,D:\onedrive\Documents\GitHub\aspose.org\content\reference.aspose.org\vi\3d\python\Material.md,D:\onedrive\Documents\GitHub\aspose.org\content\reference.aspose.org\en\3d\python\Material.md,newline_explosion,root cause 2 (stale content): apis_overlap: overlap=0.00
reference.aspose.org,3d,zh,D:\onedrive\Documents\GitHub\aspose.org\content\reference.aspose.org\zh\3d\python\Material.md,D:\onedrive\Documents\GitHub\aspose.org\content\reference.aspose.org\en\3d\python\Material.md,newline_explosion,root cause 2 (stale content): apis_overlap: overlap=0.00
reference.aspose.org,3d,es,D:\onedrive\Documents\GitHub\aspose.org\content\reference.aspose.org\es\3d\python\PolygonModifier.md,D:\onedrive\Documents\GitHub\aspose.org\content\reference.aspose.org\en\3d\python\PolygonModifier.md,newline_explosion,root cause 2 (stale content): apis_overlap: overlap=0.17
reference.aspose.org,3d,fa,D:\onedrive\Documents\GitHub\aspose.org\content\reference.aspose.org\fa\3d\python\PolygonModifier.md,D:\onedrive\Documents\GitHub\aspose.org\content\reference.aspose.org\en\3d\python\PolygonModifier.md,newline_explosion,root cause 2 (stale content): apis_overlap: overlap=0.17
reference.aspose.org,3d,he,D:\onedrive\Documents\GitHub\aspose.org\content\reference.aspose.org\he\3d\python\PolygonModifier.md,D:\onedrive\Documents\GitHub\aspose.org\content\reference.aspose.org\en\3d\python\PolygonModifier.md,newline_explosion,root cause 2 (stale content): apis_overlap: overlap=0.17
reference.aspose.org,3d,hi,D:\onedrive\Documents\GitHub\aspose.org\content\reference.aspose.org\hi\3d\python\PolygonModifier.md,D:\onedrive\Documents\GitHub\aspose.org\content\reference.aspose.org\en\3d\python\PolygonModifier.md,newline_explosion,root cause 2 (stale content): apis_overlap: overlap=0.17
reference.aspose.org,3d,hr,D:\onedrive\Documents\GitHub\aspose.org\content\reference.aspose.org\hr\3d\python\PolygonModifier.md,D:\onedrive\Documents\GitHub\aspose.org\content\reference.aspose.org\en\3d\python\PolygonModifier.md,newline_explosion,root cause 2 (stale content): apis_overlap: overlap=0.17
reference.aspose.org,3d,hu,D:\onedrive\Documents\GitHub\aspose.org\content\reference.aspose.org\hu\3d\python\PolygonModifier.md,D:\onedrive\Documents\GitHub\aspose.org\content\reference.aspose.org\en\3d\python\PolygonModifier.md,newline_explosion,root cause 2 (stale content): apis_overlap: overlap=0.17
reference.aspose.org,3d,id,D:\onedrive\Documents\GitHub\aspose.org\content\reference.aspose.org\id\3d\python\PolygonModifier.md,D:\onedrive\Documents\GitHub\aspose.org\content\reference.aspose.org\en\3d\python\PolygonModifier.md,newline_explosion,root cause 2 (stale content): apis_overlap: overlap=0.17
reference.aspose.org,3d,it,D:\onedrive\Documents\GitHub\aspose.org\content\reference.aspose.org\it\3d\python\PolygonModifier.md,D:\onedrive\Documents\GitHub\aspose.org\content\reference.aspose.org\en\3d\python\PolygonModifier.md,newline_explosion,root cause 2 (stale content): apis_overlap: overlap=0.17
reference.aspose.org,3d,ko,D:\onedrive\Documents\GitHub\aspose.org\content\reference.aspose.org\ko\3d\python\PolygonModifier.md,D:\onedrive\Documents\GitHub\aspose.org\content\reference.aspose.org\en\3d\python\PolygonModifier.md,newline_explosion,root cause 2 (stale content): apis_overlap: overlap=0.17
reference.aspose.org,3d,lt,D:\onedrive\Documents\GitHub\aspose.org\content\reference.aspose.org\lt\3d\python\PolygonModifier.md,D:\onedrive\Documents\GitHub\aspose.org\content\reference.aspose.org\en\3d\python\PolygonModifier.md,newline_explosion,root cause 2 (stale content): apis_overlap: overlap=0.17
reference.aspose.org,3d,lv,D:\onedrive\Documents\GitHub\aspose.org\content\reference.aspose.org\lv\3d\python\PolygonModifier.md,D:\onedrive\Documents\GitHub\aspose.org\content\reference.aspose.org\en\3d\python\PolygonModifier.md,newline_explosion,root cause 2 (stale content): apis_overlap: overlap=0.17
reference.aspose.org,3d,ms,D:\onedrive\Documents\GitHub\aspose.org\content\reference.aspose.org\ms\3d\python\PolygonModifier.md,D:\onedrive\Documents\GitHub\aspose.org\content\reference.aspose.org\en\3d\python\PolygonModifier.md,newline_explosion,root cause 2 (stale content): apis_overlap: overlap=0.17
reference.aspose.org,3d,nl,D:\onedrive\Documents\GitHub\aspose.org\content\reference.aspose.org\nl\3d\python\PolygonModifier.md,D:\onedrive\Documents\GitHub\aspose.org\content\reference.aspose.org\en\3d\python\PolygonModifier.md,newline_explosion,root cause 2 (stale content): apis_overlap: overlap=0.17
reference.aspose.org,3d,no,D:\onedrive\Documents\GitHub\aspose.org\content\reference.aspose.org\no\3d\python\PolygonModifier.md,D:\onedrive\Documents\GitHub\aspose.org\content\reference.aspose.org\en\3d\python\PolygonModifier.md,newline_explosion,root cause 2 (stale content): apis_overlap: overlap=0.17
reference.aspose.org,3d,pl,D:\onedrive\Documents\GitHub\aspose.org\content\reference.aspose.org\pl\3d\python\PolygonModifier.md,D:\onedrive\Documents\GitHub\aspose.org\content\reference.aspose.org\en\3d\python\PolygonModifier.md,newline_explosion,root cause 2 (stale content): apis_overlap: overlap=0.17
reference.aspose.org,3d,pt,D:\onedrive\Documents\GitHub\aspose.org\content\reference.aspose.org\pt\3d\python\PolygonModifier.md,D:\onedrive\Documents\GitHub\aspose.org\content\reference.aspose.org\en\3d\python\PolygonModifier.md,newline_explosion,root cause 2 (stale content): apis_overlap: overlap=0.17
reference.aspose.org,3d,ro,D:\onedrive\Documents\GitHub\aspose.org\content\reference.aspose.org\ro\3d\python\PolygonModifier.md,D:\onedrive\Documents\GitHub\aspose.org\content\reference.aspose.org\en\3d\python\PolygonModifier.md,newline_explosion,root cause 2 (stale content): apis_overlap: overlap=0.17
reference.aspose.org,3d,ru,D:\onedrive\Documents\GitHub\aspose.org\content\reference.aspose.org\ru\3d\python\PolygonModifier.md,D:\onedrive\Documents\GitHub\aspose.org\content\reference.aspose.org\en\3d\python\PolygonModifier.md,newline_explosion,root cause 2 (stale content): apis_overlap: overlap=0.17
reference.aspose.org,3d,sk,D:\onedrive\Documents\GitHub\aspose.org\content\reference.aspose.org\sk\3d\python\PolygonModifier.md,D:\onedrive\Documents\GitHub\aspose.org\content\reference.aspose.org\en\3d\python\PolygonModifier.md,newline_explosion,root cause 2 (stale content): apis_overlap: overlap=0.17
reference.aspose.org,3d,sr,D:\onedrive\Documents\GitHub\aspose.org\content\reference.aspose.org\sr\3d\python\PolygonModifier.md,D:\onedrive\Documents\GitHub\aspose.org\content\reference.aspose.org\en\3d\python\PolygonModifier.md,newline_explosion,root cause 2 (stale content): apis_overlap: overlap=0.17
reference.aspose.org,3d,sv,D:\onedrive\Documents\GitHub\aspose.org\content\reference.aspose.org\sv\3d\python\PolygonModifier.md,D:\onedrive\Documents\GitHub\aspose.org\content\reference.aspose.org\en\3d\python\PolygonModifier.md,newline_explosion,root cause 2 (stale content): apis_overlap: overlap=0.17
reference.aspose.org,3d,th,D:\onedrive\Documents\GitHub\aspose.org\content\reference.aspose.org\th\3d\python\PolygonModifier.md,D:\onedrive\Documents\GitHub\aspose.org\content\reference.aspose.org\en\3d\python\PolygonModifier.md,newline_explosion,root cause 2 (stale content): apis_overlap: overlap=0.17
reference.aspose.org,3d,tr,D:\onedrive\Documents\GitHub\aspose.org\content\reference.aspose.org\tr\3d\python\PolygonModifier.md,D:\onedrive\Documents\GitHub\aspose.org\content\reference.aspose.org\en\3d\python\PolygonModifier.md,newline_explosion,root cause 2 (stale content): apis_overlap: overlap=0.17
reference.aspose.org,3d,uk,D:\onedrive\Documents\GitHub\aspose.org\content\reference.aspose.org\uk\3d\python\PolygonModifier.md,D:\onedrive\Documents\GitHub\aspose.org\content\reference.aspose.org\en\3d\python\PolygonModifier.md,newline_explosion,root cause 2 (stale content): apis_overlap: overlap=0.17
reference.aspose.org,3d,vi,D:\onedrive\Documents\GitHub\aspose.org\content\reference.aspose.org\vi\3d\python\PolygonModifier.md,D:\onedrive\Documents\GitHub\aspose.org\content\reference.aspose.org\en\3d\python\PolygonModifier.md,newline_explosion,root cause 2 (stale content): apis_overlap: overlap=0.17
reference.aspose.org,3d,zh,D:\onedrive\Documents\GitHub\aspose.org\content\reference.aspose.org\zh\3d\python\PolygonModifier.md,D:\onedrive\Documents\GitHub\aspose.org\content\reference.aspose.org\en\3d\python\PolygonModifier.md,newline_explosion,root cause 2 (stale content): apis_overlap: overlap=0.17
reference.aspose.org,3d,es,D:\onedrive\Documents\GitHub\aspose.org\content\reference.aspose.org\es\3d\typescript\enums-ts\_index.md,D:\onedrive\Documents\GitHub\aspose.org\content\reference.aspose.org\en\3d\typescript\enums-ts\_index.md,newline_explosion,root cause 2 (stale content): heading_overlap: en=6 tr=8 ratio=1.33
reference.aspose.org,3d,fa,D:\onedrive\Documents\GitHub\aspose.org\content\reference.aspose.org\fa\3d\typescript\enums-ts\_index.md,D:\onedrive\Documents\GitHub\aspose.org\content\reference.aspose.org\en\3d\typescript\enums-ts\_index.md,newline_explosion,root cause 2 (stale content): heading_overlap: en=6 tr=8 ratio=1.33
reference.aspose.org,3d,fi,D:\onedrive\Documents\GitHub\aspose.org\content\reference.aspose.org\fi\3d\typescript\enums-ts\_index.md,D:\onedrive\Documents\GitHub\aspose.org\content\reference.aspose.org\en\3d\typescript\enums-ts\_index.md,newline_explosion,root cause 2 (stale content): heading_overlap: en=6 tr=8 ratio=1.33
reference.aspose.org,3d,fr,D:\onedrive\Documents\GitHub\aspose.org\content\reference.aspose.org\fr\3d\typescript\enums-ts\_index.md,D:\onedrive\Documents\GitHub\aspose.org\content\reference.aspose.org\en\3d\typescript\enums-ts\_index.md,newline_explosion,root cause 2 (stale content): heading_overlap: en=6 tr=8 ratio=1.33
reference.aspose.org,3d,he,D:\onedrive\Documents\GitHub\aspose.org\content\reference.aspose.org\he\3d\typescript\enums-ts\_index.md,D:\onedrive\Documents\GitHub\aspose.org\content\reference.aspose.org\en\3d\typescript\enums-ts\_index.md,newline_explosion,root cause 2 (stale content): heading_overlap: en=6 tr=8 ratio=1.33
reference.aspose.org,3d,hi,D:\onedrive\Documents\GitHub\aspose.org\content\reference.aspose.org\hi\3d\typescript\enums-ts\_index.md,D:\onedrive\Documents\GitHub\aspose.org\content\reference.aspose.org\en\3d\typescript\enums-ts\_index.md,newline_explosion,root cause 2 (stale content): heading_overlap: en=6 tr=8 ratio=1.33
reference.aspose.org,3d,it,D:\onedrive\Documents\GitHub\aspose.org\content\reference.aspose.org\it\3d\typescript\enums-ts\_index.md,D:\onedrive\Documents\GitHub\aspose.org\content\reference.aspose.org\en\3d\typescript\enums-ts\_index.md,newline_explosion,root cause 2 (stale content): heading_overlap: en=6 tr=8 ratio=1.33
reference.aspose.org,3d,ja,D:\onedrive\Documents\GitHub\aspose.org\content\reference.aspose.org\ja\3d\typescript\enums-ts\_index.md,D:\onedrive\Documents\GitHub\aspose.org\content\reference.aspose.org\en\3d\typescript\enums-ts\_index.md,newline_explosion,root cause 2 (stale content): heading_overlap: en=6 tr=8 ratio=1.33
reference.aspose.org,3d,ko,D:\onedrive\Documents\GitHub\aspose.org\content\reference.aspose.org\ko\3d\typescript\enums-ts\_index.md,D:\onedrive\Documents\GitHub\aspose.org\content\reference.aspose.org\en\3d\typescript\enums-ts\_index.md,newline_explosion,root cause 2 (stale content): heading_overlap: en=6 tr=8 ratio=1.33
reference.aspose.org,3d,lt,D:\onedrive\Documents\GitHub\aspose.org\content\reference.aspose.org\lt\3d\typescript\enums-ts\_index.md,D:\onedrive\Documents\GitHub\aspose.org\content\reference.aspose.org\en\3d\typescript\enums-ts\_index.md,newline_explosion,root cause 2 (stale content): heading_overlap: en=6 tr=8 ratio=1.33
reference.aspose.org,3d,lv,D:\onedrive\Documents\GitHub\aspose.org\content\reference.aspose.org\lv\3d\typescript\enums-ts\_index.md,D:\onedrive\Documents\GitHub\aspose.org\content\reference.aspose.org\en\3d\typescript\enums-ts\_index.md,newline_explosion,root cause 2 (stale content): heading_overlap: en=6 tr=8 ratio=1.33
reference.aspose.org,3d,ms,D:\onedrive\Documents\GitHub\aspose.org\content\reference.aspose.org\ms\3d\typescript\enums-ts\_index.md,D:\onedrive\Documents\GitHub\aspose.org\content\reference.aspose.org\en\3d\typescript\enums-ts\_index.md,newline_explosion,root cause 2 (stale content): heading_overlap: en=6 tr=8 ratio=1.33
reference.aspose.org,3d,nl,D:\onedrive\Documents\GitHub\aspose.org\content\reference.aspose.org\nl\3d\typescript\enums-ts\_index.md,D:\onedrive\Documents\GitHub\aspose.org\content\reference.aspose.org\en\3d\typescript\enums-ts\_index.md,newline_explosion,root cause 2 (stale content): heading_overlap: en=6 tr=8 ratio=1.33
reference.aspose.org,3d,no,D:\onedrive\Documents\GitHub\aspose.org\content\reference.aspose.org\no\3d\typescript\enums-ts\_index.md,D:\onedrive\Documents\GitHub\aspose.org\content\reference.aspose.org\en\3d\typescript\enums-ts\_index.md,newline_explosion,root cause 2 (stale content): heading_overlap: en=6 tr=8 ratio=1.33
reference.aspose.org,3d,pl,D:\onedrive\Documents\GitHub\aspose.org\content\reference.aspose.org\pl\3d\typescript\enums-ts\_index.md,D:\onedrive\Documents\GitHub\aspose.org\content\reference.aspose.org\en\3d\typescript\enums-ts\_index.md,newline_explosion,root cause 2 (stale content): heading_overlap: en=6 tr=8 ratio=1.33
reference.aspose.org,3d,sr,D:\onedrive\Documents\GitHub\aspose.org\content\reference.aspose.org\sr\3d\typescript\enums-ts\_index.md,D:\onedrive\Documents\GitHub\aspose.org\content\reference.aspose.org\en\3d\typescript\enums-ts\_index.md,newline_explosion,root cause 2 (stale content): heading_overlap: en=6 tr=8 ratio=1.33
reference.aspose.org,3d,sv,D:\onedrive\Documents\GitHub\aspose.org\content\reference.aspose.org\sv\3d\typescript\enums-ts\_index.md,D:\onedrive\Documents\GitHub\aspose.org\content\reference.aspose.org\en\3d\typescript\enums-ts\_index.md,newline_explosion,root cause 2 (stale content): heading_overlap: en=6 tr=8 ratio=1.33
reference.aspose.org,3d,th,D:\onedrive\Documents\GitHub\aspose.org\content\reference.aspose.org\th\3d\typescript\enums-ts\_index.md,D:\onedrive\Documents\GitHub\aspose.org\content\reference.aspose.org\en\3d\typescript\enums-ts\_index.md,newline_explosion,root cause 2 (stale content): heading_overlap: en=6 tr=8 ratio=1.33
reference.aspose.org,3d,tr,D:\onedrive\Documents\GitHub\aspose.org\content\reference.aspose.org\tr\3d\typescript\enums-ts\_index.md,D:\onedrive\Documents\GitHub\aspose.org\content\reference.aspose.org\en\3d\typescript\enums-ts\_index.md,newline_explosion,root cause 2 (stale content): heading_overlap: en=6 tr=8 ratio=1.33
reference.aspose.org,3d,uk,D:\onedrive\Documents\GitHub\aspose.org\content\reference.aspose.org\uk\3d\typescript\enums-ts\_index.md,D:\onedrive\Documents\GitHub\aspose.org\content\reference.aspose.org\en\3d\typescript\enums-ts\_index.md,newline_explosion,root cause 2 (stale content): heading_overlap: en=6 tr=8 ratio=1.33
reference.aspose.org,3d,vi,D:\onedrive\Documents\GitHub\aspose.org\content\reference.aspose.org\vi\3d\typescript\enums-ts\_index.md,D:\onedrive\Documents\GitHub\aspose.org\content\reference.aspose.org\en\3d\typescript\enums-ts\_index.md,newline_explosion,root cause 2 (stale content): heading_overlap: en=6 tr=8 ratio=1.33
reference.aspose.org,3d,zh,D:\onedrive\Documents\GitHub\aspose.org\content\reference.aspose.org\zh\3d\typescript\enums-ts\_index.md,D:\onedrive\Documents\GitHub\aspose.org\content\reference.aspose.org\en\3d\typescript\enums-ts\_index.md,newline_explosion,root cause 2 (stale content): heading_overlap: en=6 tr=8 ratio=1.33
reference.aspose.org,3d,es,D:\onedrive\Documents\GitHub\aspose.org\content\reference.aspose.org\es\3d\typescript\matrix4.md,D:\onedrive\Documents\GitHub\aspose.org\content\reference.aspose.org\en\3d\typescript\matrix4.md,newline_explosion,root cause 2 (stale content): apis_overlap: overlap=0.14
reference.aspose.org,3d,fi,D:\onedrive\Documents\GitHub\aspose.org\content\reference.aspose.org\fi\3d\typescript\matrix4.md,D:\onedrive\Documents\GitHub\aspose.org\content\reference.aspose.org\en\3d\typescript\matrix4.md,newline_explosion,root cause 2 (stale content): apis_overlap: overlap=0.14
reference.aspose.org,3d,hr,D:\onedrive\Documents\GitHub\aspose.org\content\reference.aspose.org\hr\3d\typescript\matrix4.md,D:\onedrive\Documents\GitHub\aspose.org\content\reference.aspose.org\en\3d\typescript\matrix4.md,newline_explosion,root cause 2 (stale content): apis_overlap: overlap=0.14
reference.aspose.org,3d,hu,D:\onedrive\Documents\GitHub\aspose.org\content\reference.aspose.org\hu\3d\typescript\matrix4.md,D:\onedrive\Documents\GitHub\aspose.org\content\reference.aspose.org\en\3d\typescript\matrix4.md,newline_explosion,root cause 2 (stale content): apis_overlap: overlap=0.14
reference.aspose.org,3d,id,D:\onedrive\Documents\GitHub\aspose.org\content\reference.aspose.org\id\3d\typescript\matrix4.md,D:\onedrive\Documents\GitHub\aspose.org\content\reference.aspose.org\en\3d\typescript\matrix4.md,newline_explosion,root cause 2 (stale content): apis_overlap: overlap=0.14
reference.aspose.org,3d,it,D:\onedrive\Documents\GitHub\aspose.org\content\reference.aspose.org\it\3d\typescript\matrix4.md,D:\onedrive\Documents\GitHub\aspose.org\content\reference.aspose.org\en\3d\typescript\matrix4.md,newline_explosion,root cause 2 (stale content): apis_overlap: overlap=0.14
reference.aspose.org,3d,lt,D:\onedrive\Documents\GitHub\aspose.org\content\reference.aspose.org\lt\3d\typescript\matrix4.md,D:\onedrive\Documents\GitHub\aspose.org\content\reference.aspose.org\en\3d\typescript\matrix4.md,newline_explosion,root cause 2 (stale content): apis_overlap: overlap=0.14
reference.aspose.org,3d,lv,D:\onedrive\Documents\GitHub\aspose.org\content\reference.aspose.org\lv\3d\typescript\matrix4.md,D:\onedrive\Documents\GitHub\aspose.org\content\reference.aspose.org\en\3d\typescript\matrix4.md,newline_explosion,root cause 2 (stale content): apis_overlap: overlap=0.14
reference.aspose.org,3d,ms,D:\onedrive\Documents\GitHub\aspose.org\content\reference.aspose.org\ms\3d\typescript\matrix4.md,D:\onedrive\Documents\GitHub\aspose.org\content\reference.aspose.org\en\3d\typescript\matrix4.md,newline_explosion,root cause 2 (stale content): apis_overlap: overlap=0.14
reference.aspose.org,3d,nl,D:\onedrive\Documents\GitHub\aspose.org\content\reference.aspose.org\nl\3d\typescript\matrix4.md,D:\onedrive\Documents\GitHub\aspose.org\content\reference.aspose.org\en\3d\typescript\matrix4.md,newline_explosion,root cause 2 (stale content): apis_overlap: overlap=0.14
reference.aspose.org,3d,no,D:\onedrive\Documents\GitHub\aspose.org\content\reference.aspose.org\no\3d\typescript\matrix4.md,D:\onedrive\Documents\GitHub\aspose.org\content\reference.aspose.org\en\3d\typescript\matrix4.md,newline_explosion,root cause 2 (stale content): apis_overlap: overlap=0.14
reference.aspose.org,3d,pl,D:\onedrive\Documents\GitHub\aspose.org\content\reference.aspose.org\pl\3d\typescript\matrix4.md,D:\onedrive\Documents\GitHub\aspose.org\content\reference.aspose.org\en\3d\typescript\matrix4.md,newline_explosion,root cause 2 (stale content): apis_overlap: overlap=0.14
reference.aspose.org,3d,pt,D:\onedrive\Documents\GitHub\aspose.org\content\reference.aspose.org\pt\3d\typescript\matrix4.md,D:\onedrive\Documents\GitHub\aspose.org\content\reference.aspose.org\en\3d\typescript\matrix4.md,newline_explosion,root cause 2 (stale content): apis_overlap: overlap=0.14
reference.aspose.org,3d,ro,D:\onedrive\Documents\GitHub\aspose.org\content\reference.aspose.org\ro\3d\typescript\matrix4.md,D:\onedrive\Documents\GitHub\aspose.org\content\reference.aspose.org\en\3d\typescript\matrix4.md,newline_explosion,root cause 2 (stale content): apis_overlap: overlap=0.14
reference.aspose.org,3d,sk,D:\onedrive\Documents\GitHub\aspose.org\content\reference.aspose.org\sk\3d\typescript\matrix4.md,D:\onedrive\Documents\GitHub\aspose.org\content\reference.aspose.org\en\3d\typescript\matrix4.md,newline_explosion,root cause 2 (stale content): apis_overlap: overlap=0.14
reference.aspose.org,3d,sr,D:\onedrive\Documents\GitHub\aspose.org\content\reference.aspose.org\sr\3d\typescript\matrix4.md,D:\onedrive\Documents\GitHub\aspose.org\content\reference.aspose.org\en\3d\typescript\matrix4.md,newline_explosion,root cause 2 (stale content): apis_overlap: overlap=0.14
reference.aspose.org,3d,sv,D:\onedrive\Documents\GitHub\aspose.org\content\reference.aspose.org\sv\3d\typescript\matrix4.md,D:\onedrive\Documents\GitHub\aspose.org\content\reference.aspose.org\en\3d\typescript\matrix4.md,newline_explosion,root cause 2 (stale content): apis_overlap: overlap=0.14
reference.aspose.org,3d,tr,D:\onedrive\Documents\GitHub\aspose.org\content\reference.aspose.org\tr\3d\typescript\matrix4.md,D:\onedrive\Documents\GitHub\aspose.org\content\reference.aspose.org\en\3d\typescript\matrix4.md,newline_explosion,root cause 2 (stale content): apis_overlap: overlap=0.14
reference.aspose.org,3d,vi,D:\onedrive\Documents\GitHub\aspose.org\content\reference.aspose.org\vi\3d\typescript\matrix4.md,D:\onedrive\Documents\GitHub\aspose.org\content\reference.aspose.org\en\3d\typescript\matrix4.md,newline_explosion,root cause 2 (stale content): apis_overlap: overlap=0.14
reference.aspose.org,3d,es,D:\onedrive\Documents\GitHub\aspose.org\content\reference.aspose.org\es\3d\typescript\mesh.md,D:\onedrive\Documents\GitHub\aspose.org\content\reference.aspose.org\en\3d\typescript\mesh.md,newline_explosion,root cause 2 (stale content): apis_overlap: overlap=0.17
reference.aspose.org,3d,fa,D:\onedrive\Documents\GitHub\aspose.org\content\reference.aspose.org\fa\3d\typescript\mesh.md,D:\onedrive\Documents\GitHub\aspose.org\content\reference.aspose.org\en\3d\typescript\mesh.md,newline_explosion,root cause 2 (stale content): apis_overlap: overlap=0.17
reference.aspose.org,3d,fi,D:\onedrive\Documents\GitHub\aspose.org\content\reference.aspose.org\fi\3d\typescript\mesh.md,D:\onedrive\Documents\GitHub\aspose.org\content\reference.aspose.org\en\3d\typescript\mesh.md,newline_explosion,root cause 2 (stale content): apis_overlap: overlap=0.17
reference.aspose.org,3d,he,D:\onedrive\Documents\GitHub\aspose.org\content\reference.aspose.org\he\3d\typescript\mesh.md,D:\onedrive\Documents\GitHub\aspose.org\content\reference.aspose.org\en\3d\typescript\mesh.md,newline_explosion,root cause 2 (stale content): apis_overlap: overlap=0.17
reference.aspose.org,3d,hi,D:\onedrive\Documents\GitHub\aspose.org\content\reference.aspose.org\hi\3d\typescript\mesh.md,D:\onedrive\Documents\GitHub\aspose.org\content\reference.aspose.org\en\3d\typescript\mesh.md,newline_explosion,root cause 2 (stale content): apis_overlap: overlap=0.17
reference.aspose.org,3d,hr,D:\onedrive\Documents\GitHub\aspose.org\content\reference.aspose.org\hr\3d\typescript\mesh.md,D:\onedrive\Documents\GitHub\aspose.org\content\reference.aspose.org\en\3d\typescript\mesh.md,newline_explosion,root cause 2 (stale content): apis_overlap: overlap=0.17
reference.aspose.org,3d,hu,D:\onedrive\Documents\GitHub\aspose.org\content\reference.aspose.org\hu\3d\typescript\mesh.md,D:\onedrive\Documents\GitHub\aspose.org\content\reference.aspose.org\en\3d\typescript\mesh.md,newline_explosion,root cause 2 (stale content): apis_overlap: overlap=0.17
reference.aspose.org,3d,id,D:\onedrive\Documents\GitHub\aspose.org\content\reference.aspose.org\id\3d\typescript\mesh.md,D:\onedrive\Documents\GitHub\aspose.org\content\reference.aspose.org\en\3d\typescript\mesh.md,newline_explosion,root cause 2 (stale content): apis_overlap: overlap=0.17
reference.aspose.org,3d,it,D:\onedrive\Documents\GitHub\aspose.org\content\reference.aspose.org\it\3d\typescript\mesh.md,D:\onedrive\Documents\GitHub\aspose.org\content\reference.aspose.org\en\3d\typescript\mesh.md,newline_explosion,root cause 2 (stale content): apis_overlap: overlap=0.17
reference.aspose.org,3d,ko,D:\onedrive\Documents\GitHub\aspose.org\content\reference.aspose.org\ko\3d\typescript\mesh.md,D:\onedrive\Documents\GitHub\aspose.org\content\reference.aspose.org\en\3d\typescript\mesh.md,newline_explosion,root cause 2 (stale content): apis_overlap: overlap=0.17
reference.aspose.org,3d,lt,D:\onedrive\Documents\GitHub\aspose.org\content\reference.aspose.org\lt\3d\typescript\mesh.md,D:\onedrive\Documents\GitHub\aspose.org\content\reference.aspose.org\en\3d\typescript\mesh.md,newline_explosion,root cause 2 (stale content): apis_overlap: overlap=0.17
reference.aspose.org,3d,lv,D:\onedrive\Documents\GitHub\aspose.org\content\reference.aspose.org\lv\3d\typescript\mesh.md,D:\onedrive\Documents\GitHub\aspose.org\content\reference.aspose.org\en\3d\typescript\mesh.md,newline_explosion,root cause 2 (stale content): apis_overlap: overlap=0.17
reference.aspose.org,3d,ms,D:\onedrive\Documents\GitHub\aspose.org\content\reference.aspose.org\ms\3d\typescript\mesh.md,D:\onedrive\Documents\GitHub\aspose.org\content\reference.aspose.org\en\3d\typescript\mesh.md,newline_explosion,root cause 2 (stale content): apis_overlap: overlap=0.17
reference.aspose.org,3d,nl,D:\onedrive\Documents\GitHub\aspose.org\content\reference.aspose.org\nl\3d\typescript\mesh.md,D:\onedrive\Documents\GitHub\aspose.org\content\reference.aspose.org\en\3d\typescript\mesh.md,newline_explosion,root cause 2 (stale content): apis_overlap: overlap=0.17
reference.aspose.org,3d,no,D:\onedrive\Documents\GitHub\aspose.org\content\reference.aspose.org\no\3d\typescript\mesh.md,D:\onedrive\Documents\GitHub\aspose.org\content\reference.aspose.org\en\3d\typescript\mesh.md,newline_explosion,root cause 2 (stale content): apis_overlap: overlap=0.17
reference.aspose.org,3d,pl,D:\onedrive\Documents\GitHub\aspose.org\content\reference.aspose.org\pl\3d\typescript\mesh.md,D:\onedrive\Documents\GitHub\aspose.org\content\reference.aspose.org\en\3d\typescript\mesh.md,newline_explosion,root cause 2 (stale content): apis_overlap: overlap=0.17
reference.aspose.org,3d,pt,D:\onedrive\Documents\GitHub\aspose.org\content\reference.aspose.org\pt\3d\typescript\mesh.md,D:\onedrive\Documents\GitHub\aspose.org\content\reference.aspose.org\en\3d\typescript\mesh.md,newline_explosion,root cause 2 (stale content): apis_overlap: overlap=0.17
reference.aspose.org,3d,ro,D:\onedrive\Documents\GitHub\aspose.org\content\reference.aspose.org\ro\3d\typescript\mesh.md,D:\onedrive\Documents\GitHub\aspose.org\content\reference.aspose.org\en\3d\typescript\mesh.md,newline_explosion,root cause 2 (stale content): apis_overlap: overlap=0.17
reference.aspose.org,3d,ru,D:\onedrive\Documents\GitHub\aspose.org\content\reference.aspose.org\ru\3d\typescript\mesh.md,D:\onedrive\Documents\GitHub\aspose.org\content\reference.aspose.org\en\3d\typescript\mesh.md,newline_explosion,root cause 2 (stale content): apis_overlap: overlap=0.17
reference.aspose.org,3d,sk,D:\onedrive\Documents\GitHub\aspose.org\content\reference.aspose.org\sk\3d\typescript\mesh.md,D:\onedrive\Documents\GitHub\aspose.org\content\reference.aspose.org\en\3d\typescript\mesh.md,newline_explosion,root cause 2 (stale content): apis_overlap: overlap=0.17
reference.aspose.org,3d,sr,D:\onedrive\Documents\GitHub\aspose.org\content\reference.aspose.org\sr\3d\typescript\mesh.md,D:\onedrive\Documents\GitHub\aspose.org\content\reference.aspose.org\en\3d\typescript\mesh.md,newline_explosion,root cause 2 (stale content): apis_overlap: overlap=0.17
reference.aspose.org,3d,sv,D:\onedrive\Documents\GitHub\aspose.org\content\reference.aspose.org\sv\3d\typescript\mesh.md,D:\onedrive\Documents\GitHub\aspose.org\content\reference.aspose.org\en\3d\typescript\mesh.md,newline_explosion,root cause 2 (stale content): apis_overlap: overlap=0.17
reference.aspose.org,3d,th,D:\onedrive\Documents\GitHub\aspose.org\content\reference.aspose.org\th\3d\typescript\mesh.md,D:\onedrive\Documents\GitHub\aspose.org\content\reference.aspose.org\en\3d\typescript\mesh.md,newline_explosion,root cause 2 (stale content): apis_overlap: overlap=0.17
reference.aspose.org,3d,tr,D:\onedrive\Documents\GitHub\aspose.org\content\reference.aspose.org\tr\3d\typescript\mesh.md,D:\onedrive\Documents\GitHub\aspose.org\content\reference.aspose.org\en\3d\typescript\mesh.md,newline_explosion,root cause 2 (stale content): apis_overlap: overlap=0.17
reference.aspose.org,3d,uk,D:\onedrive\Documents\GitHub\aspose.org\content\reference.aspose.org\uk\3d\typescript\mesh.md,D:\onedrive\Documents\GitHub\aspose.org\content\reference.aspose.org\en\3d\typescript\mesh.md,newline_explosion,root cause 2 (stale content): apis_overlap: overlap=0.17
reference.aspose.org,3d,vi,D:\onedrive\Documents\GitHub\aspose.org\content\reference.aspose.org\vi\3d\typescript\mesh.md,D:\onedrive\Documents\GitHub\aspose.org\content\reference.aspose.org\en\3d\typescript\mesh.md,newline_explosion,root cause 2 (stale content): apis_overlap: overlap=0.17
reference.aspose.org,3d,zh,D:\onedrive\Documents\GitHub\aspose.org\content\reference.aspose.org\zh\3d\typescript\mesh.md,D:\onedrive\Documents\GitHub\aspose.org\content\reference.aspose.org\en\3d\typescript\mesh.md,newline_explosion,root cause 2 (stale content): apis_overlap: overlap=0.17
reference.aspose.org,3d,es,D:\onedrive\Documents\GitHub\aspose.org\content\reference.aspose.org\es\3d\typescript\node.md,D:\onedrive\Documents\GitHub\aspose.org\content\reference.aspose.org\en\3d\typescript\node.md,newline_explosion,root cause 2 (stale content): heading_overlap: en=5 tr=1 ratio=0.20
reference.aspose.org,3d,fa,D:\onedrive\Documents\GitHub\aspose.org\content\reference.aspose.org\fa\3d\typescript\node.md,D:\onedrive\Documents\GitHub\aspose.org\content\reference.aspose.org\en\3d\typescript\node.md,newline_explosion,root cause 2 (stale content): heading_overlap: en=5 tr=1 ratio=0.20
reference.aspose.org,3d,fi,D:\onedrive\Documents\GitHub\aspose.org\content\reference.aspose.org\fi\3d\typescript\node.md,D:\onedrive\Documents\GitHub\aspose.org\content\reference.aspose.org\en\3d\typescript\node.md,newline_explosion,root cause 2 (stale content): heading_overlap: en=5 tr=1 ratio=0.20
reference.aspose.org,3d,he,D:\onedrive\Documents\GitHub\aspose.org\content\reference.aspose.org\he\3d\typescript\node.md,D:\onedrive\Documents\GitHub\aspose.org\content\reference.aspose.org\en\3d\typescript\node.md,newline_explosion,root cause 2 (stale content): heading_overlap: en=5 tr=1 ratio=0.20
reference.aspose.org,3d,hi,D:\onedrive\Documents\GitHub\aspose.org\content\reference.aspose.org\hi\3d\typescript\node.md,D:\onedrive\Documents\GitHub\aspose.org\content\reference.aspose.org\en\3d\typescript\node.md,newline_explosion,root cause 2 (stale content): heading_overlap: en=5 tr=1 ratio=0.20
reference.aspose.org,3d,hu,D:\onedrive\Documents\GitHub\aspose.org\content\reference.aspose.org\hu\3d\typescript\node.md,D:\onedrive\Documents\GitHub\aspose.org\content\reference.aspose.org\en\3d\typescript\node.md,newline_explosion,root cause 2 (stale content): heading_overlap: en=5 tr=1 ratio=0.20
reference.aspose.org,3d,id,D:\onedrive\Documents\GitHub\aspose.org\content\reference.aspose.org\id\3d\typescript\node.md,D:\onedrive\Documents\GitHub\aspose.org\content\reference.aspose.org\en\3d\typescript\node.md,newline_explosion,root cause 2 (stale content): heading_overlap: en=5 tr=1 ratio=0.20
reference.aspose.org,3d,it,D:\onedrive\Documents\GitHub\aspose.org\content\reference.aspose.org\it\3d\typescript\node.md,D:\onedrive\Documents\GitHub\aspose.org\content\reference.aspose.org\en\3d\typescript\node.md,newline_explosion,root cause 2 (stale content): heading_overlap: en=5 tr=1 ratio=0.20
reference.aspose.org,3d,ko,D:\onedrive\Documents\GitHub\aspose.org\content\reference.aspose.org\ko\3d\typescript\node.md,D:\onedrive\Documents\GitHub\aspose.org\content\reference.aspose.org\en\3d\typescript\node.md,newline_explosion,root cause 2 (stale content): heading_overlap: en=5 tr=1 ratio=0.20
reference.aspose.org,3d,lt,D:\onedrive\Documents\GitHub\aspose.org\content\reference.aspose.org\lt\3d\typescript\node.md,D:\onedrive\Documents\GitHub\aspose.org\content\reference.aspose.org\en\3d\typescript\node.md,newline_explosion,root cause 2 (stale content): heading_overlap: en=5 tr=1 ratio=0.20
reference.aspose.org,3d,lv,D:\onedrive\Documents\GitHub\aspose.org\content\reference.aspose.org\lv\3d\typescript\node.md,D:\onedrive\Documents\GitHub\aspose.org\content\reference.aspose.org\en\3d\typescript\node.md,newline_explosion,root cause 2 (stale content): heading_overlap: en=5 tr=1 ratio=0.20
reference.aspose.org,3d,ms,D:\onedrive\Documents\GitHub\aspose.org\content\reference.aspose.org\ms\3d\typescript\node.md,D:\onedrive\Documents\GitHub\aspose.org\content\reference.aspose.org\en\3d\typescript\node.md,newline_explosion,root cause 2 (stale content): heading_overlap: en=5 tr=1 ratio=0.20
reference.aspose.org,3d,nl,D:\onedrive\Documents\GitHub\aspose.org\content\reference.aspose.org\nl\3d\typescript\node.md,D:\onedrive\Documents\GitHub\aspose.org\content\reference.aspose.org\en\3d\typescript\node.md,newline_explosion,root cause 2 (stale content): heading_overlap: en=5 tr=1 ratio=0.20
reference.aspose.org,3d,no,D:\onedrive\Documents\GitHub\aspose.org\content\reference.aspose.org\no\3d\typescript\node.md,D:\onedrive\Documents\GitHub\aspose.org\content\reference.aspose.org\en\3d\typescript\node.md,newline_explosion,root cause 2 (stale content): heading_overlap: en=5 tr=1 ratio=0.20
reference.aspose.org,3d,pl,D:\onedrive\Documents\GitHub\aspose.org\content\reference.aspose.org\pl\3d\typescript\node.md,D:\onedrive\Documents\GitHub\aspose.org\content\reference.aspose.org\en\3d\typescript\node.md,newline_explosion,root cause 2 (stale content): heading_overlap: en=5 tr=1 ratio=0.20
reference.aspose.org,3d,pt,D:\onedrive\Documents\GitHub\aspose.org\content\reference.aspose.org\pt\3d\typescript\node.md,D:\onedrive\Documents\GitHub\aspose.org\content\reference.aspose.org\en\3d\typescript\node.md,newline_explosion,root cause 2 (stale content): heading_overlap: en=5 tr=1 ratio=0.20
reference.aspose.org,3d,ro,D:\onedrive\Documents\GitHub\aspose.org\content\reference.aspose.org\ro\3d\typescript\node.md,D:\onedrive\Documents\GitHub\aspose.org\content\reference.aspose.org\en\3d\typescript\node.md,newline_explosion,root cause 2 (stale content): heading_overlap: en=5 tr=1 ratio=0.20
reference.aspose.org,3d,ru,D:\onedrive\Documents\GitHub\aspose.org\content\reference.aspose.org\ru\3d\typescript\node.md,D:\onedrive\Documents\GitHub\aspose.org\content\reference.aspose.org\en\3d\typescript\node.md,newline_explosion,root cause 2 (stale content): heading_overlap: en=5 tr=1 ratio=0.20
reference.aspose.org,3d,sk,D:\onedrive\Documents\GitHub\aspose.org\content\reference.aspose.org\sk\3d\typescript\node.md,D:\onedrive\Documents\GitHub\aspose.org\content\reference.aspose.org\en\3d\typescript\node.md,newline_explosion,root cause 2 (stale content): heading_overlap: en=5 tr=1 ratio=0.20
reference.aspose.org,3d,sv,D:\onedrive\Documents\GitHub\aspose.org\content\reference.aspose.org\sv\3d\typescript\node.md,D:\onedrive\Documents\GitHub\aspose.org\content\reference.aspose.org\en\3d\typescript\node.md,newline_explosion,root cause 2 (stale content): heading_overlap: en=5 tr=1 ratio=0.20
reference.aspose.org,3d,th,D:\onedrive\Documents\GitHub\aspose.org\content\reference.aspose.org\th\3d\typescript\node.md,D:\onedrive\Documents\GitHub\aspose.org\content\reference.aspose.org\en\3d\typescript\node.md,newline_explosion,root cause 2 (stale content): heading_overlap: en=5 tr=1 ratio=0.20
reference.aspose.org,3d,tr,D:\onedrive\Documents\GitHub\aspose.org\content\reference.aspose.org\tr\3d\typescript\node.md,D:\onedrive\Documents\GitHub\aspose.org\content\reference.aspose.org\en\3d\typescript\node.md,newline_explosion,root cause 2 (stale content): heading_overlap: en=5 tr=1 ratio=0.20
reference.aspose.org,3d,uk,D:\onedrive\Documents\GitHub\aspose.org\content\reference.aspose.org\uk\3d\typescript\node.md,D:\onedrive\Documents\GitHub\aspose.org\content\reference.aspose.org\en\3d\typescript\node.md,newline_explosion,root cause 2 (stale content): heading_overlap: en=5 tr=1 ratio=0.20
reference.aspose.org,3d,vi,D:\onedrive\Documents\GitHub\aspose.org\content\reference.aspose.org\vi\3d\typescript\node.md,D:\onedrive\Documents\GitHub\aspose.org\content\reference.aspose.org\en\3d\typescript\node.md,newline_explosion,root cause 2 (stale content): heading_overlap: en=5 tr=1 ratio=0.20
reference.aspose.org,3d,zh,D:\onedrive\Documents\GitHub\aspose.org\content\reference.aspose.org\zh\3d\typescript\node.md,D:\onedrive\Documents\GitHub\aspose.org\content\reference.aspose.org\en\3d\typescript\node.md,newline_explosion,root cause 2 (stale content): heading_overlap: en=5 tr=1 ratio=0.20
reference.aspose.org,3d,es,D:\onedrive\Documents\GitHub\aspose.org\content\reference.aspose.org\es\3d\typescript\quaternion.md,D:\onedrive\Documents\GitHub\aspose.org\content\reference.aspose.org\en\3d\typescript\quaternion.md,newline_explosion,root cause 2 (stale content): apis_overlap: overlap=0.14
reference.aspose.org,3d,fi,D:\onedrive\Documents\GitHub\aspose.org\content\reference.aspose.org\fi\3d\typescript\quaternion.md,D:\onedrive\Documents\GitHub\aspose.org\content\reference.aspose.org\en\3d\typescript\quaternion.md,newline_explosion,root cause 2 (stale content): apis_overlap: overlap=0.14
reference.aspose.org,3d,fr,D:\onedrive\Documents\GitHub\aspose.org\content\reference.aspose.org\fr\3d\typescript\quaternion.md,D:\onedrive\Documents\GitHub\aspose.org\content\reference.aspose.org\en\3d\typescript\quaternion.md,newline_explosion,root cause 2 (stale content): apis_overlap: overlap=0.14
reference.aspose.org,3d,hr,D:\onedrive\Documents\GitHub\aspose.org\content\reference.aspose.org\hr\3d\typescript\quaternion.md,D:\onedrive\Documents\GitHub\aspose.org\content\reference.aspose.org\en\3d\typescript\quaternion.md,newline_explosion,root cause 2 (stale content): apis_overlap: overlap=0.14
reference.aspose.org,3d,hu,D:\onedrive\Documents\GitHub\aspose.org\content\reference.aspose.org\hu\3d\typescript\quaternion.md,D:\onedrive\Documents\GitHub\aspose.org\content\reference.aspose.org\en\3d\typescript\quaternion.md,newline_explosion,root cause 2 (stale content): apis_overlap: overlap=0.14
reference.aspose.org,3d,id,D:\onedrive\Documents\GitHub\aspose.org\content\reference.aspose.org\id\3d\typescript\quaternion.md,D:\onedrive\Documents\GitHub\aspose.org\content\reference.aspose.org\en\3d\typescript\quaternion.md,newline_explosion,root cause 2 (stale content): apis_overlap: overlap=0.14
reference.aspose.org,3d,it,D:\onedrive\Documents\GitHub\aspose.org\content\reference.aspose.org\it\3d\typescript\quaternion.md,D:\onedrive\Documents\GitHub\aspose.org\content\reference.aspose.org\en\3d\typescript\quaternion.md,newline_explosion,root cause 2 (stale content): apis_overlap: overlap=0.14
reference.aspose.org,3d,lt,D:\onedrive\Documents\GitHub\aspose.org\content\reference.aspose.org\lt\3d\typescript\quaternion.md,D:\onedrive\Documents\GitHub\aspose.org\content\reference.aspose.org\en\3d\typescript\quaternion.md,newline_explosion,root cause 2 (stale content): apis_overlap: overlap=0.14
reference.aspose.org,3d,lv,D:\onedrive\Documents\GitHub\aspose.org\content\reference.aspose.org\lv\3d\typescript\quaternion.md,D:\onedrive\Documents\GitHub\aspose.org\content\reference.aspose.org\en\3d\typescript\quaternion.md,newline_explosion,root cause 2 (stale content): apis_overlap: overlap=0.14
reference.aspose.org,3d,ms,D:\onedrive\Documents\GitHub\aspose.org\content\reference.aspose.org\ms\3d\typescript\quaternion.md,D:\onedrive\Documents\GitHub\aspose.org\content\reference.aspose.org\en\3d\typescript\quaternion.md,newline_explosion,root cause 2 (stale content): apis_overlap: overlap=0.14
reference.aspose.org,3d,nl,D:\onedrive\Documents\GitHub\aspose.org\content\reference.aspose.org\nl\3d\typescript\quaternion.md,D:\onedrive\Documents\GitHub\aspose.org\content\reference.aspose.org\en\3d\typescript\quaternion.md,newline_explosion,root cause 2 (stale content): apis_overlap: overlap=0.14
reference.aspose.org,3d,no,D:\onedrive\Documents\GitHub\aspose.org\content\reference.aspose.org\no\3d\typescript\quaternion.md,D:\onedrive\Documents\GitHub\aspose.org\content\reference.aspose.org\en\3d\typescript\quaternion.md,newline_explosion,root cause 2 (stale content): apis_overlap: overlap=0.14
reference.aspose.org,3d,pl,D:\onedrive\Documents\GitHub\aspose.org\content\reference.aspose.org\pl\3d\typescript\quaternion.md,D:\onedrive\Documents\GitHub\aspose.org\content\reference.aspose.org\en\3d\typescript\quaternion.md,newline_explosion,root cause 2 (stale content): apis_overlap: overlap=0.14
reference.aspose.org,3d,pt,D:\onedrive\Documents\GitHub\aspose.org\content\reference.aspose.org\pt\3d\typescript\quaternion.md,D:\onedrive\Documents\GitHub\aspose.org\content\reference.aspose.org\en\3d\typescript\quaternion.md,newline_explosion,root cause 2 (stale content): apis_overlap: overlap=0.14
reference.aspose.org,3d,ro,D:\onedrive\Documents\GitHub\aspose.org\content\reference.aspose.org\ro\3d\typescript\quaternion.md,D:\onedrive\Documents\GitHub\aspose.org\content\reference.aspose.org\en\3d\typescript\quaternion.md,newline_explosion,root cause 2 (stale content): apis_overlap: overlap=0.14
reference.aspose.org,3d,sk,D:\onedrive\Documents\GitHub\aspose.org\content\reference.aspose.org\sk\3d\typescript\quaternion.md,D:\onedrive\Documents\GitHub\aspose.org\content\reference.aspose.org\en\3d\typescript\quaternion.md,newline_explosion,root cause 2 (stale content): apis_overlap: overlap=0.14
reference.aspose.org,3d,sr,D:\onedrive\Documents\GitHub\aspose.org\content\reference.aspose.org\sr\3d\typescript\quaternion.md,D:\onedrive\Documents\GitHub\aspose.org\content\reference.aspose.org\en\3d\typescript\quaternion.md,newline_explosion,root cause 2 (stale content): apis_overlap: overlap=0.14
reference.aspose.org,3d,sv,D:\onedrive\Documents\GitHub\aspose.org\content\reference.aspose.org\sv\3d\typescript\quaternion.md,D:\onedrive\Documents\GitHub\aspose.org\content\reference.aspose.org\en\3d\typescript\quaternion.md,newline_explosion,root cause 2 (stale content): apis_overlap: overlap=0.14
reference.aspose.org,3d,tr,D:\onedrive\Documents\GitHub\aspose.org\content\reference.aspose.org\tr\3d\typescript\quaternion.md,D:\onedrive\Documents\GitHub\aspose.org\content\reference.aspose.org\en\3d\typescript\quaternion.md,newline_explosion,root cause 2 (stale content): apis_overlap: overlap=0.14
reference.aspose.org,3d,vi,D:\onedrive\Documents\GitHub\aspose.org\content\reference.aspose.org\vi\3d\typescript\quaternion.md,D:\onedrive\Documents\GitHub\aspose.org\content\reference.aspose.org\en\3d\typescript\quaternion.md,newline_explosion,root cause 2 (stale content): apis_overlap: overlap=0.14
reference.aspose.org,3d,es,D:\onedrive\Documents\GitHub\aspose.org\content\reference.aspose.org\es\3d\typescript\transform.md,D:\onedrive\Documents\GitHub\aspose.org\content\reference.aspose.org\en\3d\typescript\transform.md,newline_explosion,root cause 2 (stale content): heading_overlap: en=5 tr=1 ratio=0.20
reference.aspose.org,3d,fa,D:\onedrive\Documents\GitHub\aspose.org\content\reference.aspose.org\fa\3d\typescript\transform.md,D:\onedrive\Documents\GitHub\aspose.org\content\reference.aspose.org\en\3d\typescript\transform.md,newline_explosion,root cause 2 (stale content): heading_overlap: en=5 tr=1 ratio=0.20
reference.aspose.org,3d,fi,D:\onedrive\Documents\GitHub\aspose.org\content\reference.aspose.org\fi\3d\typescript\transform.md,D:\onedrive\Documents\GitHub\aspose.org\content\reference.aspose.org\en\3d\typescript\transform.md,newline_explosion,root cause 2 (stale content): heading_overlap: en=5 tr=1 ratio=0.20
reference.aspose.org,3d,fr,D:\onedrive\Documents\GitHub\aspose.org\content\reference.aspose.org\fr\3d\typescript\transform.md,D:\onedrive\Documents\GitHub\aspose.org\content\reference.aspose.org\en\3d\typescript\transform.md,newline_explosion,root cause 2 (stale content): heading_overlap: en=5 tr=1 ratio=0.20
reference.aspose.org,3d,he,D:\onedrive\Documents\GitHub\aspose.org\content\reference.aspose.org\he\3d\typescript\transform.md,D:\onedrive\Documents\GitHub\aspose.org\content\reference.aspose.org\en\3d\typescript\transform.md,newline_explosion,root cause 2 (stale content): heading_overlap: en=5 tr=1 ratio=0.20
reference.aspose.org,3d,hi,D:\onedrive\Documents\GitHub\aspose.org\content\reference.aspose.org\hi\3d\typescript\transform.md,D:\onedrive\Documents\GitHub\aspose.org\content\reference.aspose.org\en\3d\typescript\transform.md,newline_explosion,root cause 2 (stale content): heading_overlap: en=5 tr=1 ratio=0.20
reference.aspose.org,3d,hr,D:\onedrive\Documents\GitHub\aspose.org\content\reference.aspose.org\hr\3d\typescript\transform.md,D:\onedrive\Documents\GitHub\aspose.org\content\reference.aspose.org\en\3d\typescript\transform.md,newline_explosion,root cause 2 (stale content): heading_overlap: en=5 tr=1 ratio=0.20
reference.aspose.org,3d,hu,D:\onedrive\Documents\GitHub\aspose.org\content\reference.aspose.org\hu\3d\typescript\transform.md,D:\onedrive\Documents\GitHub\aspose.org\content\reference.aspose.org\en\3d\typescript\transform.md,newline_explosion,root cause 2 (stale content): heading_overlap: en=5 tr=1 ratio=0.20
reference.aspose.org,3d,id,D:\onedrive\Documents\GitHub\aspose.org\content\reference.aspose.org\id\3d\typescript\transform.md,D:\onedrive\Documents\GitHub\aspose.org\content\reference.aspose.org\en\3d\typescript\transform.md,newline_explosion,root cause 2 (stale content): heading_overlap: en=5 tr=1 ratio=0.20
reference.aspose.org,3d,it,D:\onedrive\Documents\GitHub\aspose.org\content\reference.aspose.org\it\3d\typescript\transform.md,D:\onedrive\Documents\GitHub\aspose.org\content\reference.aspose.org\en\3d\typescript\transform.md,newline_explosion,root cause 2 (stale content): heading_overlap: en=5 tr=1 ratio=0.20
reference.aspose.org,3d,ja,D:\onedrive\Documents\GitHub\aspose.org\content\reference.aspose.org\ja\3d\typescript\transform.md,D:\onedrive\Documents\GitHub\aspose.org\content\reference.aspose.org\en\3d\typescript\transform.md,newline_explosion,root cause 2 (stale content): heading_overlap: en=5 tr=1 ratio=0.20
reference.aspose.org,3d,ko,D:\onedrive\Documents\GitHub\aspose.org\content\reference.aspose.org\ko\3d\typescript\transform.md,D:\onedrive\Documents\GitHub\aspose.org\content\reference.aspose.org\en\3d\typescript\transform.md,newline_explosion,root cause 2 (stale content): heading_overlap: en=5 tr=1 ratio=0.20
reference.aspose.org,3d,lt,D:\onedrive\Documents\GitHub\aspose.org\content\reference.aspose.org\lt\3d\typescript\transform.md,D:\onedrive\Documents\GitHub\aspose.org\content\reference.aspose.org\en\3d\typescript\transform.md,newline_explosion,root cause 2 (stale content): heading_overlap: en=5 tr=1 ratio=0.20
reference.aspose.org,3d,lv,D:\onedrive\Documents\GitHub\aspose.org\content\reference.aspose.org\lv\3d\typescript\transform.md,D:\onedrive\Documents\GitHub\aspose.org\content\reference.aspose.org\en\3d\typescript\transform.md,newline_explosion,root cause 2 (stale content): heading_overlap: en=5 tr=1 ratio=0.20
reference.aspose.org,3d,ms,D:\onedrive\Documents\GitHub\aspose.org\content\reference.aspose.org\ms\3d\typescript\transform.md,D:\onedrive\Documents\GitHub\aspose.org\content\reference.aspose.org\en\3d\typescript\transform.md,newline_explosion,root cause 2 (stale content): heading_overlap: en=5 tr=1 ratio=0.20
reference.aspose.org,3d,nl,D:\onedrive\Documents\GitHub\aspose.org\content\reference.aspose.org\nl\3d\typescript\transform.md,D:\onedrive\Documents\GitHub\aspose.org\content\reference.aspose.org\en\3d\typescript\transform.md,newline_explosion,root cause 2 (stale content): heading_overlap: en=5 tr=1 ratio=0.20
reference.aspose.org,3d,no,D:\onedrive\Documents\GitHub\aspose.org\content\reference.aspose.org\no\3d\typescript\transform.md,D:\onedrive\Documents\GitHub\aspose.org\content\reference.aspose.org\en\3d\typescript\transform.md,newline_explosion,root cause 2 (stale content): heading_overlap: en=5 tr=1 ratio=0.20
reference.aspose.org,3d,pl,D:\onedrive\Documents\GitHub\aspose.org\content\reference.aspose.org\pl\3d\typescript\transform.md,D:\onedrive\Documents\GitHub\aspose.org\content\reference.aspose.org\en\3d\typescript\transform.md,newline_explosion,root cause 2 (stale content): heading_overlap: en=5 tr=1 ratio=0.20
reference.aspose.org,3d,pt,D:\onedrive\Documents\GitHub\aspose.org\content\reference.aspose.org\pt\3d\typescript\transform.md,D:\onedrive\Documents\GitHub\aspose.org\content\reference.aspose.org\en\3d\typescript\transform.md,newline_explosion,root cause 2 (stale content): heading_overlap: en=5 tr=1 ratio=0.20
reference.aspose.org,3d,ro,D:\onedrive\Documents\GitHub\aspose.org\content\reference.aspose.org\ro\3d\typescript\transform.md,D:\onedrive\Documents\GitHub\aspose.org\content\reference.aspose.org\en\3d\typescript\transform.md,newline_explosion,root cause 2 (stale content): heading_overlap: en=5 tr=1 ratio=0.20
reference.aspose.org,3d,ru,D:\onedrive\Documents\GitHub\aspose.org\content\reference.aspose.org\ru\3d\typescript\transform.md,D:\onedrive\Documents\GitHub\aspose.org\content\reference.aspose.org\en\3d\typescript\transform.md,newline_explosion,root cause 2 (stale content): heading_overlap: en=5 tr=1 ratio=0.20
reference.aspose.org,3d,sk,D:\onedrive\Documents\GitHub\aspose.org\content\reference.aspose.org\sk\3d\typescript\transform.md,D:\onedrive\Documents\GitHub\aspose.org\content\reference.aspose.org\en\3d\typescript\transform.md,newline_explosion,root cause 2 (stale content): heading_overlap: en=5 tr=1 ratio=0.20
reference.aspose.org,3d,sr,D:\onedrive\Documents\GitHub\aspose.org\content\reference.aspose.org\sr\3d\typescript\transform.md,D:\onedrive\Documents\GitHub\aspose.org\content\reference.aspose.org\en\3d\typescript\transform.md,newline_explosion,root cause 2 (stale content): heading_overlap: en=5 tr=1 ratio=0.20
reference.aspose.org,3d,sv,D:\onedrive\Documents\GitHub\aspose.org\content\reference.aspose.org\sv\3d\typescript\transform.md,D:\onedrive\Documents\GitHub\aspose.org\content\reference.aspose.org\en\3d\typescript\transform.md,newline_explosion,root cause 2 (stale content): heading_overlap: en=5 tr=1 ratio=0.20
reference.aspose.org,3d,th,D:\onedrive\Documents\GitHub\aspose.org\content\reference.aspose.org\th\3d\typescript\transform.md,D:\onedrive\Documents\GitHub\aspose.org\content\reference.aspose.org\en\3d\typescript\transform.md,newline_explosion,root cause 2 (stale content): heading_overlap: en=5 tr=1 ratio=0.20
reference.aspose.org,3d,tr,D:\onedrive\Documents\GitHub\aspose.org\content\reference.aspose.org\tr\3d\typescript\transform.md,D:\onedrive\Documents\GitHub\aspose.org\content\reference.aspose.org\en\3d\typescript\transform.md,newline_explosion,root cause 2 (stale content): heading_overlap: en=5 tr=1 ratio=0.20
reference.aspose.org,3d,uk,D:\onedrive\Documents\GitHub\aspose.org\content\reference.aspose.org\uk\3d\typescript\transform.md,D:\onedrive\Documents\GitHub\aspose.org\content\reference.aspose.org\en\3d\typescript\transform.md,newline_explosion,root cause 2 (stale content): heading_overlap: en=5 tr=1 ratio=0.20
reference.aspose.org,3d,vi,D:\onedrive\Documents\GitHub\aspose.org\content\reference.aspose.org\vi\3d\typescript\transform.md,D:\onedrive\Documents\GitHub\aspose.org\content\reference.aspose.org\en\3d\typescript\transform.md,newline_explosion,root cause 2 (stale content): heading_overlap: en=5 tr=1 ratio=0.20
reference.aspose.org,3d,zh,D:\onedrive\Documents\GitHub\aspose.org\content\reference.aspose.org\zh\3d\typescript\transform.md,D:\onedrive\Documents\GitHub\aspose.org\content\reference.aspose.org\en\3d\typescript\transform.md,newline_explosion,root cause 2 (stale content): heading_overlap: en=5 tr=1 ratio=0.20
reference.aspose.org,3d,es,D:\onedrive\Documents\GitHub\aspose.org\content\reference.aspose.org\es\3d\typescript\vector3.md,D:\onedrive\Documents\GitHub\aspose.org\content\reference.aspose.org\en\3d\typescript\vector3.md,newline_explosion,root cause 2 (stale content): apis_overlap: overlap=0.05
reference.aspose.org,3d,fa,D:\onedrive\Documents\GitHub\aspose.org\content\reference.aspose.org\fa\3d\typescript\vector3.md,D:\onedrive\Documents\GitHub\aspose.org\content\reference.aspose.org\en\3d\typescript\vector3.md,newline_explosion,root cause 2 (stale content): apis_overlap: overlap=0.05
reference.aspose.org,3d,fi,D:\onedrive\Documents\GitHub\aspose.org\content\reference.aspose.org\fi\3d\typescript\vector3.md,D:\onedrive\Documents\GitHub\aspose.org\content\reference.aspose.org\en\3d\typescript\vector3.md,newline_explosion,root cause 2 (stale content): apis_overlap: overlap=0.05
reference.aspose.org,3d,hu,D:\onedrive\Documents\GitHub\aspose.org\content\reference.aspose.org\hu\3d\typescript\vector3.md,D:\onedrive\Documents\GitHub\aspose.org\content\reference.aspose.org\en\3d\typescript\vector3.md,newline_explosion,root cause 2 (stale content): apis_overlap: overlap=0.05
reference.aspose.org,3d,id,D:\onedrive\Documents\GitHub\aspose.org\content\reference.aspose.org\id\3d\typescript\vector3.md,D:\onedrive\Documents\GitHub\aspose.org\content\reference.aspose.org\en\3d\typescript\vector3.md,newline_explosion,root cause 2 (stale content): apis_overlap: overlap=0.05
reference.aspose.org,3d,it,D:\onedrive\Documents\GitHub\aspose.org\content\reference.aspose.org\it\3d\typescript\vector3.md,D:\onedrive\Documents\GitHub\aspose.org\content\reference.aspose.org\en\3d\typescript\vector3.md,newline_explosion,root cause 2 (stale content): apis_overlap: overlap=0.05
reference.aspose.org,3d,lt,D:\onedrive\Documents\GitHub\aspose.org\content\reference.aspose.org\lt\3d\typescript\vector3.md,D:\onedrive\Documents\GitHub\aspose.org\content\reference.aspose.org\en\3d\typescript\vector3.md,newline_explosion,root cause 2 (stale content): apis_overlap: overlap=0.05
reference.aspose.org,3d,lv,D:\onedrive\Documents\GitHub\aspose.org\content\reference.aspose.org\lv\3d\typescript\vector3.md,D:\onedrive\Documents\GitHub\aspose.org\content\reference.aspose.org\en\3d\typescript\vector3.md,newline_explosion,root cause 2 (stale content): apis_overlap: overlap=0.05
reference.aspose.org,3d,ms,D:\onedrive\Documents\GitHub\aspose.org\content\reference.aspose.org\ms\3d\typescript\vector3.md,D:\onedrive\Documents\GitHub\aspose.org\content\reference.aspose.org\en\3d\typescript\vector3.md,newline_explosion,root cause 2 (stale content): apis_overlap: overlap=0.05
reference.aspose.org,3d,nl,D:\onedrive\Documents\GitHub\aspose.org\content\reference.aspose.org\nl\3d\typescript\vector3.md,D:\onedrive\Documents\GitHub\aspose.org\content\reference.aspose.org\en\3d\typescript\vector3.md,newline_explosion,root cause 2 (stale content): apis_overlap: overlap=0.05
reference.aspose.org,3d,no,D:\onedrive\Documents\GitHub\aspose.org\content\reference.aspose.org\no\3d\typescript\vector3.md,D:\onedrive\Documents\GitHub\aspose.org\content\reference.aspose.org\en\3d\typescript\vector3.md,newline_explosion,root cause 2 (stale content): apis_overlap: overlap=0.05
reference.aspose.org,3d,pl,D:\onedrive\Documents\GitHub\aspose.org\content\reference.aspose.org\pl\3d\typescript\vector3.md,D:\onedrive\Documents\GitHub\aspose.org\content\reference.aspose.org\en\3d\typescript\vector3.md,newline_explosion,root cause 2 (stale content): apis_overlap: overlap=0.05
reference.aspose.org,3d,pt,D:\onedrive\Documents\GitHub\aspose.org\content\reference.aspose.org\pt\3d\typescript\vector3.md,D:\onedrive\Documents\GitHub\aspose.org\content\reference.aspose.org\en\3d\typescript\vector3.md,newline_explosion,root cause 2 (stale content): apis_overlap: overlap=0.05
reference.aspose.org,3d,ro,D:\onedrive\Documents\GitHub\aspose.org\content\reference.aspose.org\ro\3d\typescript\vector3.md,D:\onedrive\Documents\GitHub\aspose.org\content\reference.aspose.org\en\3d\typescript\vector3.md,newline_explosion,root cause 2 (stale content): apis_overlap: overlap=0.05
reference.aspose.org,3d,sk,D:\onedrive\Documents\GitHub\aspose.org\content\reference.aspose.org\sk\3d\typescript\vector3.md,D:\onedrive\Documents\GitHub\aspose.org\content\reference.aspose.org\en\3d\typescript\vector3.md,newline_explosion,root cause 2 (stale content): apis_overlap: overlap=0.05
reference.aspose.org,3d,sv,D:\onedrive\Documents\GitHub\aspose.org\content\reference.aspose.org\sv\3d\typescript\vector3.md,D:\onedrive\Documents\GitHub\aspose.org\content\reference.aspose.org\en\3d\typescript\vector3.md,newline_explosion,root cause 2 (stale content): apis_overlap: overlap=0.05
reference.aspose.org,3d,tr,D:\onedrive\Documents\GitHub\aspose.org\content\reference.aspose.org\tr\3d\typescript\vector3.md,D:\onedrive\Documents\GitHub\aspose.org\content\reference.aspose.org\en\3d\typescript\vector3.md,newline_explosion,root cause 2 (stale content): apis_overlap: overlap=0.05
reference.aspose.org,3d,vi,D:\onedrive\Documents\GitHub\aspose.org\content\reference.aspose.org\vi\3d\typescript\vector3.md,D:\onedrive\Documents\GitHub\aspose.org\content\reference.aspose.org\en\3d\typescript\vector3.md,newline_explosion,root cause 2 (stale content): apis_overlap: overlap=0.05
reference.aspose.org,cells,es,D:\onedrive\Documents\GitHub\aspose.org\content\reference.aspose.org\es\cells\python\chart.md,D:\onedrive\Documents\GitHub\aspose.org\content\reference.aspose.org\en\cells\python\chart.md,newline_explosion,root cause 2 (stale content): apis_overlap: overlap=0.00
reference.aspose.org,cells,fa,D:\onedrive\Documents\GitHub\aspose.org\content\reference.aspose.org\fa\cells\python\chart.md,D:\onedrive\Documents\GitHub\aspose.org\content\reference.aspose.org\en\cells\python\chart.md,newline_explosion,root cause 2 (stale content): apis_overlap: overlap=0.00
reference.aspose.org,cells,fi,D:\onedrive\Documents\GitHub\aspose.org\content\reference.aspose.org\fi\cells\python\chart.md,D:\onedrive\Documents\GitHub\aspose.org\content\reference.aspose.org\en\cells\python\chart.md,newline_explosion,root cause 2 (stale content): apis_overlap: overlap=0.00
reference.aspose.org,cells,fr,D:\onedrive\Documents\GitHub\aspose.org\content\reference.aspose.org\fr\cells\python\chart.md,D:\onedrive\Documents\GitHub\aspose.org\content\reference.aspose.org\en\cells\python\chart.md,newline_explosion,root cause 2 (stale content): apis_overlap: overlap=0.00
reference.aspose.org,cells,he,D:\onedrive\Documents\GitHub\aspose.org\content\reference.aspose.org\he\cells\python\chart.md,D:\onedrive\Documents\GitHub\aspose.org\content\reference.aspose.org\en\cells\python\chart.md,newline_explosion,root cause 2 (stale content): apis_overlap: overlap=0.00
reference.aspose.org,cells,hi,D:\onedrive\Documents\GitHub\aspose.org\content\reference.aspose.org\hi\cells\python\chart.md,D:\onedrive\Documents\GitHub\aspose.org\content\reference.aspose.org\en\cells\python\chart.md,newline_explosion,root cause 2 (stale content): apis_overlap: overlap=0.00
reference.aspose.org,cells,hr,D:\onedrive\Documents\GitHub\aspose.org\content\reference.aspose.org\hr\cells\python\chart.md,D:\onedrive\Documents\GitHub\aspose.org\content\reference.aspose.org\en\cells\python\chart.md,newline_explosion,root cause 2 (stale content): apis_overlap: overlap=0.00
reference.aspose.org,cells,hu,D:\onedrive\Documents\GitHub\aspose.org\content\reference.aspose.org\hu\cells\python\chart.md,D:\onedrive\Documents\GitHub\aspose.org\content\reference.aspose.org\en\cells\python\chart.md,newline_explosion,root cause 2 (stale content): apis_overlap: overlap=0.00
reference.aspose.org,cells,id,D:\onedrive\Documents\GitHub\aspose.org\content\reference.aspose.org\id\cells\python\chart.md,D:\onedrive\Documents\GitHub\aspose.org\content\reference.aspose.org\en\cells\python\chart.md,newline_explosion,root cause 2 (stale content): apis_overlap: overlap=0.00
reference.aspose.org,cells,it,D:\onedrive\Documents\GitHub\aspose.org\content\reference.aspose.org\it\cells\python\chart.md,D:\onedrive\Documents\GitHub\aspose.org\content\reference.aspose.org\en\cells\python\chart.md,newline_explosion,root cause 2 (stale content): apis_overlap: overlap=0.00
reference.aspose.org,cells,lt,D:\onedrive\Documents\GitHub\aspose.org\content\reference.aspose.org\lt\cells\python\chart.md,D:\onedrive\Documents\GitHub\aspose.org\content\reference.aspose.org\en\cells\python\chart.md,newline_explosion,root cause 2 (stale content): apis_overlap: overlap=0.00
reference.aspose.org,cells,lv,D:\onedrive\Documents\GitHub\aspose.org\content\reference.aspose.org\lv\cells\python\chart.md,D:\onedrive\Documents\GitHub\aspose.org\content\reference.aspose.org\en\cells\python\chart.md,newline_explosion,root cause 2 (stale content): apis_overlap: overlap=0.00
reference.aspose.org,cells,ms,D:\onedrive\Documents\GitHub\aspose.org\content\reference.aspose.org\ms\cells\python\chart.md,D:\onedrive\Documents\GitHub\aspose.org\content\reference.aspose.org\en\cells\python\chart.md,newline_explosion,root cause 2 (stale content): apis_overlap: overlap=0.00
reference.aspose.org,cells,nl,D:\onedrive\Documents\GitHub\aspose.org\content\reference.aspose.org\nl\cells\python\chart.md,D:\onedrive\Documents\GitHub\aspose.org\content\reference.aspose.org\en\cells\python\chart.md,newline_explosion,root cause 2 (stale content): apis_overlap: overlap=0.00
reference.aspose.org,cells,no,D:\onedrive\Documents\GitHub\aspose.org\content\reference.aspose.org\no\cells\python\chart.md,D:\onedrive\Documents\GitHub\aspose.org\content\reference.aspose.org\en\cells\python\chart.md,newline_explosion,root cause 2 (stale content): apis_overlap: overlap=0.00
reference.aspose.org,cells,pl,D:\onedrive\Documents\GitHub\aspose.org\content\reference.aspose.org\pl\cells\python\chart.md,D:\onedrive\Documents\GitHub\aspose.org\content\reference.aspose.org\en\cells\python\chart.md,newline_explosion,root cause 2 (stale content): apis_overlap: overlap=0.00
reference.aspose.org,cells,pt,D:\onedrive\Documents\GitHub\aspose.org\content\reference.aspose.org\pt\cells\python\chart.md,D:\onedrive\Documents\GitHub\aspose.org\content\reference.aspose.org\en\cells\python\chart.md,newline_explosion,root cause 2 (stale content): apis_overlap: overlap=0.00
reference.aspose.org,cells,ro,D:\onedrive\Documents\GitHub\aspose.org\content\reference.aspose.org\ro\cells\python\chart.md,D:\onedrive\Documents\GitHub\aspose.org\content\reference.aspose.org\en\cells\python\chart.md,newline_explosion,root cause 2 (stale content): apis_overlap: overlap=0.00
reference.aspose.org,cells,ru,D:\onedrive\Documents\GitHub\aspose.org\content\reference.aspose.org\ru\cells\python\chart.md,D:\onedrive\Documents\GitHub\aspose.org\content\reference.aspose.org\en\cells\python\chart.md,newline_explosion,root cause 2 (stale content): apis_overlap: overlap=0.00
reference.aspose.org,cells,sk,D:\onedrive\Documents\GitHub\aspose.org\content\reference.aspose.org\sk\cells\python\chart.md,D:\onedrive\Documents\GitHub\aspose.org\content\reference.aspose.org\en\cells\python\chart.md,newline_explosion,root cause 2 (stale content): apis_overlap: overlap=0.00
reference.aspose.org,cells,sv,D:\onedrive\Documents\GitHub\aspose.org\content\reference.aspose.org\sv\cells\python\chart.md,D:\onedrive\Documents\GitHub\aspose.org\content\reference.aspose.org\en\cells\python\chart.md,newline_explosion,root cause 2 (stale content): apis_overlap: overlap=0.00
reference.aspose.org,cells,th,D:\onedrive\Documents\GitHub\aspose.org\content\reference.aspose.org\th\cells\python\chart.md,D:\onedrive\Documents\GitHub\aspose.org\content\reference.aspose.org\en\cells\python\chart.md,newline_explosion,root cause 2 (stale content): apis_overlap: overlap=0.00
reference.aspose.org,cells,tr,D:\onedrive\Documents\GitHub\aspose.org\content\reference.aspose.org\tr\cells\python\chart.md,D:\onedrive\Documents\GitHub\aspose.org\content\reference.aspose.org\en\cells\python\chart.md,newline_explosion,root cause 2 (stale content): apis_overlap: overlap=0.00
reference.aspose.org,cells,uk,D:\onedrive\Documents\GitHub\aspose.org\content\reference.aspose.org\uk\cells\python\chart.md,D:\onedrive\Documents\GitHub\aspose.org\content\reference.aspose.org\en\cells\python\chart.md,newline_explosion,root cause 2 (stale content): apis_overlap: overlap=0.00
reference.aspose.org,cells,vi,D:\onedrive\Documents\GitHub\aspose.org\content\reference.aspose.org\vi\cells\python\chart.md,D:\onedrive\Documents\GitHub\aspose.org\content\reference.aspose.org\en\cells\python\chart.md,newline_explosion,root cause 2 (stale content): apis_overlap: overlap=0.00
reference.aspose.org,cells,zh,D:\onedrive\Documents\GitHub\aspose.org\content\reference.aspose.org\zh\cells\python\chart.md,D:\onedrive\Documents\GitHub\aspose.org\content\reference.aspose.org\en\cells\python\chart.md,newline_explosion,root cause 2 (stale content): apis_overlap: overlap=0.00
reference.aspose.org,cells,es,D:\onedrive\Documents\GitHub\aspose.org\content\reference.aspose.org\es\cells\python\shape.md,D:\onedrive\Documents\GitHub\aspose.org\content\reference.aspose.org\en\cells\python\shape.md,newline_explosion,root cause 2 (stale content): apis_overlap: overlap=0.00
reference.aspose.org,cells,fa,D:\onedrive\Documents\GitHub\aspose.org\content\reference.aspose.org\fa\cells\python\shape.md,D:\onedrive\Documents\GitHub\aspose.org\content\reference.aspose.org\en\cells\python\shape.md,newline_explosion,root cause 2 (stale content): apis_overlap: overlap=0.00
reference.aspose.org,cells,fi,D:\onedrive\Documents\GitHub\aspose.org\content\reference.aspose.org\fi\cells\python\shape.md,D:\onedrive\Documents\GitHub\aspose.org\content\reference.aspose.org\en\cells\python\shape.md,newline_explosion,root cause 2 (stale content): apis_overlap: overlap=0.00
reference.aspose.org,cells,fr,D:\onedrive\Documents\GitHub\aspose.org\content\reference.aspose.org\fr\cells\python\shape.md,D:\onedrive\Documents\GitHub\aspose.org\content\reference.aspose.org\en\cells\python\shape.md,newline_explosion,root cause 2 (stale content): apis_overlap: overlap=0.00
reference.aspose.org,cells,he,D:\onedrive\Documents\GitHub\aspose.org\content\reference.aspose.org\he\cells\python\shape.md,D:\onedrive\Documents\GitHub\aspose.org\content\reference.aspose.org\en\cells\python\shape.md,newline_explosion,root cause 2 (stale content): apis_overlap: overlap=0.00
reference.aspose.org,cells,hi,D:\onedrive\Documents\GitHub\aspose.org\content\reference.aspose.org\hi\cells\python\shape.md,D:\onedrive\Documents\GitHub\aspose.org\content\reference.aspose.org\en\cells\python\shape.md,newline_explosion,root cause 2 (stale content): apis_overlap: overlap=0.00
reference.aspose.org,cells,hr,D:\onedrive\Documents\GitHub\aspose.org\content\reference.aspose.org\hr\cells\python\shape.md,D:\onedrive\Documents\GitHub\aspose.org\content\reference.aspose.org\en\cells\python\shape.md,newline_explosion,root cause 2 (stale content): apis_overlap: overlap=0.00
reference.aspose.org,cells,hu,D:\onedrive\Documents\GitHub\aspose.org\content\reference.aspose.org\hu\cells\python\shape.md,D:\onedrive\Documents\GitHub\aspose.org\content\reference.aspose.org\en\cells\python\shape.md,newline_explosion,root cause 2 (stale content): apis_overlap: overlap=0.00
reference.aspose.org,cells,id,D:\onedrive\Documents\GitHub\aspose.org\content\reference.aspose.org\id\cells\python\shape.md,D:\onedrive\Documents\GitHub\aspose.org\content\reference.aspose.org\en\cells\python\shape.md,newline_explosion,root cause 2 (stale content): apis_overlap: overlap=0.00
reference.aspose.org,cells,it,D:\onedrive\Documents\GitHub\aspose.org\content\reference.aspose.org\it\cells\python\shape.md,D:\onedrive\Documents\GitHub\aspose.org\content\reference.aspose.org\en\cells\python\shape.md,newline_explosion,root cause 2 (stale content): apis_overlap: overlap=0.00
reference.aspose.org,cells,lt,D:\onedrive\Documents\GitHub\aspose.org\content\reference.aspose.org\lt\cells\python\shape.md,D:\onedrive\Documents\GitHub\aspose.org\content\reference.aspose.org\en\cells\python\shape.md,newline_explosion,root cause 2 (stale content): apis_overlap: overlap=0.00
reference.aspose.org,cells,lv,D:\onedrive\Documents\GitHub\aspose.org\content\reference.aspose.org\lv\cells\python\shape.md,D:\onedrive\Documents\GitHub\aspose.org\content\reference.aspose.org\en\cells\python\shape.md,newline_explosion,root cause 2 (stale content): apis_overlap: overlap=0.00
reference.aspose.org,cells,ms,D:\onedrive\Documents\GitHub\aspose.org\content\reference.aspose.org\ms\cells\python\shape.md,D:\onedrive\Documents\GitHub\aspose.org\content\reference.aspose.org\en\cells\python\shape.md,newline_explosion,root cause 2 (stale content): apis_overlap: overlap=0.00
reference.aspose.org,cells,nl,D:\onedrive\Documents\GitHub\aspose.org\content\reference.aspose.org\nl\cells\python\shape.md,D:\onedrive\Documents\GitHub\aspose.org\content\reference.aspose.org\en\cells\python\shape.md,newline_explosion,root cause 2 (stale content): apis_overlap: overlap=0.00
reference.aspose.org,cells,no,D:\onedrive\Documents\GitHub\aspose.org\content\reference.aspose.org\no\cells\python\shape.md,D:\onedrive\Documents\GitHub\aspose.org\content\reference.aspose.org\en\cells\python\shape.md,newline_explosion,root cause 2 (stale content): apis_overlap: overlap=0.00
reference.aspose.org,cells,pl,D:\onedrive\Documents\GitHub\aspose.org\content\reference.aspose.org\pl\cells\python\shape.md,D:\onedrive\Documents\GitHub\aspose.org\content\reference.aspose.org\en\cells\python\shape.md,newline_explosion,root cause 2 (stale content): apis_overlap: overlap=0.00
reference.aspose.org,cells,pt,D:\onedrive\Documents\GitHub\aspose.org\content\reference.aspose.org\pt\cells\python\shape.md,D:\onedrive\Documents\GitHub\aspose.org\content\reference.aspose.org\en\cells\python\shape.md,newline_explosion,root cause 2 (stale content): apis_overlap: overlap=0.00
reference.aspose.org,cells,ro,D:\onedrive\Documents\GitHub\aspose.org\content\reference.aspose.org\ro\cells\python\shape.md,D:\onedrive\Documents\GitHub\aspose.org\content\reference.aspose.org\en\cells\python\shape.md,newline_explosion,root cause 2 (stale content): apis_overlap: overlap=0.00
reference.aspose.org,cells,ru,D:\onedrive\Documents\GitHub\aspose.org\content\reference.aspose.org\ru\cells\python\shape.md,D:\onedrive\Documents\GitHub\aspose.org\content\reference.aspose.org\en\cells\python\shape.md,newline_explosion,root cause 2 (stale content): apis_overlap: overlap=0.00
reference.aspose.org,cells,sk,D:\onedrive\Documents\GitHub\aspose.org\content\reference.aspose.org\sk\cells\python\shape.md,D:\onedrive\Documents\GitHub\aspose.org\content\reference.aspose.org\en\cells\python\shape.md,newline_explosion,root cause 2 (stale content): apis_overlap: overlap=0.00
reference.aspose.org,cells,sr,D:\onedrive\Documents\GitHub\aspose.org\content\reference.aspose.org\sr\cells\python\shape.md,D:\onedrive\Documents\GitHub\aspose.org\content\reference.aspose.org\en\cells\python\shape.md,newline_explosion,root cause 2 (stale content): apis_overlap: overlap=0.00
reference.aspose.org,cells,sv,D:\onedrive\Documents\GitHub\aspose.org\content\reference.aspose.org\sv\cells\python\shape.md,D:\onedrive\Documents\GitHub\aspose.org\content\reference.aspose.org\en\cells\python\shape.md,newline_explosion,root cause 2 (stale content): apis_overlap: overlap=0.00
reference.aspose.org,cells,th,D:\onedrive\Documents\GitHub\aspose.org\content\reference.aspose.org\th\cells\python\shape.md,D:\onedrive\Documents\GitHub\aspose.org\content\reference.aspose.org\en\cells\python\shape.md,newline_explosion,root cause 2 (stale content): apis_overlap: overlap=0.00
reference.aspose.org,cells,tr,D:\onedrive\Documents\GitHub\aspose.org\content\reference.aspose.org\tr\cells\python\shape.md,D:\onedrive\Documents\GitHub\aspose.org\content\reference.aspose.org\en\cells\python\shape.md,newline_explosion,root cause 2 (stale content): apis_overlap: overlap=0.00
reference.aspose.org,cells,uk,D:\onedrive\Documents\GitHub\aspose.org\content\reference.aspose.org\uk\cells\python\shape.md,D:\onedrive\Documents\GitHub\aspose.org\content\reference.aspose.org\en\cells\python\shape.md,newline_explosion,root cause 2 (stale content): apis_overlap: overlap=0.00
reference.aspose.org,cells,vi,D:\onedrive\Documents\GitHub\aspose.org\content\reference.aspose.org\vi\cells\python\shape.md,D:\onedrive\Documents\GitHub\aspose.org\content\reference.aspose.org\en\cells\python\shape.md,newline_explosion,root cause 2 (stale content): apis_overlap: overlap=0.00
reference.aspose.org,cells,zh,D:\onedrive\Documents\GitHub\aspose.org\content\reference.aspose.org\zh\cells\python\shape.md,D:\onedrive\Documents\GitHub\aspose.org\content\reference.aspose.org\en\cells\python\shape.md,newline_explosion,root cause 2 (stale content): apis_overlap: overlap=0.00
reference.aspose.org,cells,es,D:\onedrive\Documents\GitHub\aspose.org\content\reference.aspose.org\es\cells\python\sparkline.md,D:\onedrive\Documents\GitHub\aspose.org\content\reference.aspose.org\en\cells\python\sparkline.md,newline_explosion,root cause 2 (stale content): apis_overlap: overlap=0.00
reference.aspose.org,cells,fa,D:\onedrive\Documents\GitHub\aspose.org\content\reference.aspose.org\fa\cells\python\sparkline.md,D:\onedrive\Documents\GitHub\aspose.org\content\reference.aspose.org\en\cells\python\sparkline.md,newline_explosion,root cause 2 (stale content): apis_overlap: overlap=0.00
reference.aspose.org,cells,fi,D:\onedrive\Documents\GitHub\aspose.org\content\reference.aspose.org\fi\cells\python\sparkline.md,D:\onedrive\Documents\GitHub\aspose.org\content\reference.aspose.org\en\cells\python\sparkline.md,newline_explosion,root cause 2 (stale content): apis_overlap: overlap=0.00
reference.aspose.org,cells,fr,D:\onedrive\Documents\GitHub\aspose.org\content\reference.aspose.org\fr\cells\python\sparkline.md,D:\onedrive\Documents\GitHub\aspose.org\content\reference.aspose.org\en\cells\python\sparkline.md,newline_explosion,root cause 2 (stale content): apis_overlap: overlap=0.00
reference.aspose.org,cells,he,D:\onedrive\Documents\GitHub\aspose.org\content\reference.aspose.org\he\cells\python\sparkline.md,D:\onedrive\Documents\GitHub\aspose.org\content\reference.aspose.org\en\cells\python\sparkline.md,newline_explosion,root cause 2 (stale content): apis_overlap: overlap=0.00
reference.aspose.org,cells,hi,D:\onedrive\Documents\GitHub\aspose.org\content\reference.aspose.org\hi\cells\python\sparkline.md,D:\onedrive\Documents\GitHub\aspose.org\content\reference.aspose.org\en\cells\python\sparkline.md,newline_explosion,root cause 2 (stale content): apis_overlap: overlap=0.00
reference.aspose.org,cells,hr,D:\onedrive\Documents\GitHub\aspose.org\content\reference.aspose.org\hr\cells\python\sparkline.md,D:\onedrive\Documents\GitHub\aspose.org\content\reference.aspose.org\en\cells\python\sparkline.md,newline_explosion,root cause 2 (stale content): apis_overlap: overlap=0.00
reference.aspose.org,cells,hu,D:\onedrive\Documents\GitHub\aspose.org\content\reference.aspose.org\hu\cells\python\sparkline.md,D:\onedrive\Documents\GitHub\aspose.org\content\reference.aspose.org\en\cells\python\sparkline.md,newline_explosion,root cause 2 (stale content): apis_overlap: overlap=0.00
reference.aspose.org,cells,id,D:\onedrive\Documents\GitHub\aspose.org\content\reference.aspose.org\id\cells\python\sparkline.md,D:\onedrive\Documents\GitHub\aspose.org\content\reference.aspose.org\en\cells\python\sparkline.md,newline_explosion,root cause 2 (stale content): apis_overlap: overlap=0.00
reference.aspose.org,cells,it,D:\onedrive\Documents\GitHub\aspose.org\content\reference.aspose.org\it\cells\python\sparkline.md,D:\onedrive\Documents\GitHub\aspose.org\content\reference.aspose.org\en\cells\python\sparkline.md,newline_explosion,root cause 2 (stale content): apis_overlap: overlap=0.00
reference.aspose.org,cells,lt,D:\onedrive\Documents\GitHub\aspose.org\content\reference.aspose.org\lt\cells\python\sparkline.md,D:\onedrive\Documents\GitHub\aspose.org\content\reference.aspose.org\en\cells\python\sparkline.md,newline_explosion,root cause 2 (stale content): apis_overlap: overlap=0.00
reference.aspose.org,cells,lv,D:\onedrive\Documents\GitHub\aspose.org\content\reference.aspose.org\lv\cells\python\sparkline.md,D:\onedrive\Documents\GitHub\aspose.org\content\reference.aspose.org\en\cells\python\sparkline.md,newline_explosion,root cause 2 (stale content): apis_overlap: overlap=0.00
reference.aspose.org,cells,ms,D:\onedrive\Documents\GitHub\aspose.org\content\reference.aspose.org\ms\cells\python\sparkline.md,D:\onedrive\Documents\GitHub\aspose.org\content\reference.aspose.org\en\cells\python\sparkline.md,newline_explosion,root cause 2 (stale content): apis_overlap: overlap=0.00
reference.aspose.org,cells,nl,D:\onedrive\Documents\GitHub\aspose.org\content\reference.aspose.org\nl\cells\python\sparkline.md,D:\onedrive\Documents\GitHub\aspose.org\content\reference.aspose.org\en\cells\python\sparkline.md,newline_explosion,root cause 2 (stale content): apis_overlap: overlap=0.00
reference.aspose.org,cells,no,D:\onedrive\Documents\GitHub\aspose.org\content\reference.aspose.org\no\cells\python\sparkline.md,D:\onedrive\Documents\GitHub\aspose.org\content\reference.aspose.org\en\cells\python\sparkline.md,newline_explosion,root cause 2 (stale content): apis_overlap: overlap=0.00
reference.aspose.org,cells,pl,D:\onedrive\Documents\GitHub\aspose.org\content\reference.aspose.org\pl\cells\python\sparkline.md,D:\onedrive\Documents\GitHub\aspose.org\content\reference.aspose.org\en\cells\python\sparkline.md,newline_explosion,root cause 2 (stale content): apis_overlap: overlap=0.00
reference.aspose.org,cells,pt,D:\onedrive\Documents\GitHub\aspose.org\content\reference.aspose.org\pt\cells\python\sparkline.md,D:\onedrive\Documents\GitHub\aspose.org\content\reference.aspose.org\en\cells\python\sparkline.md,newline_explosion,root cause 2 (stale content): apis_overlap: overlap=0.00
reference.aspose.org,cells,ro,D:\onedrive\Documents\GitHub\aspose.org\content\reference.aspose.org\ro\cells\python\sparkline.md,D:\onedrive\Documents\GitHub\aspose.org\content\reference.aspose.org\en\cells\python\sparkline.md,newline_explosion,root cause 2 (stale content): apis_overlap: overlap=0.00
reference.aspose.org,cells,ru,D:\onedrive\Documents\GitHub\aspose.org\content\reference.aspose.org\ru\cells\python\sparkline.md,D:\onedrive\Documents\GitHub\aspose.org\content\reference.aspose.org\en\cells\python\sparkline.md,newline_explosion,root cause 2 (stale content): apis_overlap: overlap=0.00
reference.aspose.org,cells,sk,D:\onedrive\Documents\GitHub\aspose.org\content\reference.aspose.org\sk\cells\python\sparkline.md,D:\onedrive\Documents\GitHub\aspose.org\content\reference.aspose.org\en\cells\python\sparkline.md,newline_explosion,root cause 2 (stale content): apis_overlap: overlap=0.00
reference.aspose.org,cells,sr,D:\onedrive\Documents\GitHub\aspose.org\content\reference.aspose.org\sr\cells\python\sparkline.md,D:\onedrive\Documents\GitHub\aspose.org\content\reference.aspose.org\en\cells\python\sparkline.md,newline_explosion,root cause 2 (stale content): apis_overlap: overlap=0.00
reference.aspose.org,cells,sv,D:\onedrive\Documents\GitHub\aspose.org\content\reference.aspose.org\sv\cells\python\sparkline.md,D:\onedrive\Documents\GitHub\aspose.org\content\reference.aspose.org\en\cells\python\sparkline.md,newline_explosion,root cause 2 (stale content): apis_overlap: overlap=0.00
reference.aspose.org,cells,th,D:\onedrive\Documents\GitHub\aspose.org\content\reference.aspose.org\th\cells\python\sparkline.md,D:\onedrive\Documents\GitHub\aspose.org\content\reference.aspose.org\en\cells\python\sparkline.md,newline_explosion,root cause 2 (stale content): apis_overlap: overlap=0.00
reference.aspose.org,cells,tr,D:\onedrive\Documents\GitHub\aspose.org\content\reference.aspose.org\tr\cells\python\sparkline.md,D:\onedrive\Documents\GitHub\aspose.org\content\reference.aspose.org\en\cells\python\sparkline.md,newline_explosion,root cause 2 (stale content): apis_overlap: overlap=0.00
reference.aspose.org,cells,uk,D:\onedrive\Documents\GitHub\aspose.org\content\reference.aspose.org\uk\cells\python\sparkline.md,D:\onedrive\Documents\GitHub\aspose.org\content\reference.aspose.org\en\cells\python\sparkline.md,newline_explosion,root cause 2 (stale content): apis_overlap: overlap=0.00
reference.aspose.org,cells,vi,D:\onedrive\Documents\GitHub\aspose.org\content\reference.aspose.org\vi\cells\python\sparkline.md,D:\onedrive\Documents\GitHub\aspose.org\content\reference.aspose.org\en\cells\python\sparkline.md,newline_explosion,root cause 2 (stale content): apis_overlap: overlap=0.00
reference.aspose.org,cells,es,D:\onedrive\Documents\GitHub\aspose.org\content\reference.aspose.org\es\cells\python\style.md,D:\onedrive\Documents\GitHub\aspose.org\content\reference.aspose.org\en\cells\python\style.md,newline_explosion,root cause 2 (stale content): apis_overlap: overlap=0.00
reference.aspose.org,cells,fa,D:\onedrive\Documents\GitHub\aspose.org\content\reference.aspose.org\fa\cells\python\style.md,D:\onedrive\Documents\GitHub\aspose.org\content\reference.aspose.org\en\cells\python\style.md,newline_explosion,root cause 2 (stale content): apis_overlap: overlap=0.00
reference.aspose.org,cells,fi,D:\onedrive\Documents\GitHub\aspose.org\content\reference.aspose.org\fi\cells\python\style.md,D:\onedrive\Documents\GitHub\aspose.org\content\reference.aspose.org\en\cells\python\style.md,newline_explosion,root cause 2 (stale content): apis_overlap: overlap=0.00
reference.aspose.org,cells,fr,D:\onedrive\Documents\GitHub\aspose.org\content\reference.aspose.org\fr\cells\python\style.md,D:\onedrive\Documents\GitHub\aspose.org\content\reference.aspose.org\en\cells\python\style.md,newline_explosion,root cause 2 (stale content): apis_overlap: overlap=0.00
reference.aspose.org,cells,he,D:\onedrive\Documents\GitHub\aspose.org\content\reference.aspose.org\he\cells\python\style.md,D:\onedrive\Documents\GitHub\aspose.org\content\reference.aspose.org\en\cells\python\style.md,newline_explosion,root cause 2 (stale content): apis_overlap: overlap=0.00
reference.aspose.org,cells,hi,D:\onedrive\Documents\GitHub\aspose.org\content\reference.aspose.org\hi\cells\python\style.md,D:\onedrive\Documents\GitHub\aspose.org\content\reference.aspose.org\en\cells\python\style.md,newline_explosion,root cause 2 (stale content): apis_overlap: overlap=0.00
reference.aspose.org,cells,hr,D:\onedrive\Documents\GitHub\aspose.org\content\reference.aspose.org\hr\cells\python\style.md,D:\onedrive\Documents\GitHub\aspose.org\content\reference.aspose.org\en\cells\python\style.md,newline_explosion,root cause 2 (stale content): apis_overlap: overlap=0.00
reference.aspose.org,cells,hu,D:\onedrive\Documents\GitHub\aspose.org\content\reference.aspose.org\hu\cells\python\style.md,D:\onedrive\Documents\GitHub\aspose.org\content\reference.aspose.org\en\cells\python\style.md,newline_explosion,root cause 2 (stale content): apis_overlap: overlap=0.00
reference.aspose.org,cells,id,D:\onedrive\Documents\GitHub\aspose.org\content\reference.aspose.org\id\cells\python\style.md,D:\onedrive\Documents\GitHub\aspose.org\content\reference.aspose.org\en\cells\python\style.md,newline_explosion,root cause 2 (stale content): apis_overlap: overlap=0.00
reference.aspose.org,cells,it,D:\onedrive\Documents\GitHub\aspose.org\content\reference.aspose.org\it\cells\python\style.md,D:\onedrive\Documents\GitHub\aspose.org\content\reference.aspose.org\en\cells\python\style.md,newline_explosion,root cause 2 (stale content): apis_overlap: overlap=0.00
reference.aspose.org,cells,ja,D:\onedrive\Documents\GitHub\aspose.org\content\reference.aspose.org\ja\cells\python\style.md,D:\onedrive\Documents\GitHub\aspose.org\content\reference.aspose.org\en\cells\python\style.md,newline_explosion,root cause 2 (stale content): apis_overlap: overlap=0.00
reference.aspose.org,cells,ko,D:\onedrive\Documents\GitHub\aspose.org\content\reference.aspose.org\ko\cells\python\style.md,D:\onedrive\Documents\GitHub\aspose.org\content\reference.aspose.org\en\cells\python\style.md,newline_explosion,root cause 2 (stale content): apis_overlap: overlap=0.00
reference.aspose.org,cells,lt,D:\onedrive\Documents\GitHub\aspose.org\content\reference.aspose.org\lt\cells\python\style.md,D:\onedrive\Documents\GitHub\aspose.org\content\reference.aspose.org\en\cells\python\style.md,newline_explosion,root cause 2 (stale content): apis_overlap: overlap=0.00
reference.aspose.org,cells,lv,D:\onedrive\Documents\GitHub\aspose.org\content\reference.aspose.org\lv\cells\python\style.md,D:\onedrive\Documents\GitHub\aspose.org\content\reference.aspose.org\en\cells\python\style.md,newline_explosion,root cause 2 (stale content): apis_overlap: overlap=0.00
reference.aspose.org,cells,ms,D:\onedrive\Documents\GitHub\aspose.org\content\reference.aspose.org\ms\cells\python\style.md,D:\onedrive\Documents\GitHub\aspose.org\content\reference.aspose.org\en\cells\python\style.md,newline_explosion,root cause 2 (stale content): apis_overlap: overlap=0.00
reference.aspose.org,cells,nl,D:\onedrive\Documents\GitHub\aspose.org\content\reference.aspose.org\nl\cells\python\style.md,D:\onedrive\Documents\GitHub\aspose.org\content\reference.aspose.org\en\cells\python\style.md,newline_explosion,root cause 2 (stale content): apis_overlap: overlap=0.00
reference.aspose.org,cells,no,D:\onedrive\Documents\GitHub\aspose.org\content\reference.aspose.org\no\cells\python\style.md,D:\onedrive\Documents\GitHub\aspose.org\content\reference.aspose.org\en\cells\python\style.md,newline_explosion,root cause 2 (stale content): apis_overlap: overlap=0.00
reference.aspose.org,cells,pl,D:\onedrive\Documents\GitHub\aspose.org\content\reference.aspose.org\pl\cells\python\style.md,D:\onedrive\Documents\GitHub\aspose.org\content\reference.aspose.org\en\cells\python\style.md,newline_explosion,root cause 2 (stale content): apis_overlap: overlap=0.00
reference.aspose.org,cells,pt,D:\onedrive\Documents\GitHub\aspose.org\content\reference.aspose.org\pt\cells\python\style.md,D:\onedrive\Documents\GitHub\aspose.org\content\reference.aspose.org\en\cells\python\style.md,newline_explosion,root cause 2 (stale content): apis_overlap: overlap=0.00
reference.aspose.org,cells,ro,D:\onedrive\Documents\GitHub\aspose.org\content\reference.aspose.org\ro\cells\python\style.md,D:\onedrive\Documents\GitHub\aspose.org\content\reference.aspose.org\en\cells\python\style.md,newline_explosion,root cause 2 (stale content): apis_overlap: overlap=0.00
reference.aspose.org,cells,ru,D:\onedrive\Documents\GitHub\aspose.org\content\reference.aspose.org\ru\cells\python\style.md,D:\onedrive\Documents\GitHub\aspose.org\content\reference.aspose.org\en\cells\python\style.md,newline_explosion,root cause 2 (stale content): apis_overlap: overlap=0.00
reference.aspose.org,cells,sk,D:\onedrive\Documents\GitHub\aspose.org\content\reference.aspose.org\sk\cells\python\style.md,D:\onedrive\Documents\GitHub\aspose.org\content\reference.aspose.org\en\cells\python\style.md,newline_explosion,root cause 2 (stale content): apis_overlap: overlap=0.00
reference.aspose.org,cells,sr,D:\onedrive\Documents\GitHub\aspose.org\content\reference.aspose.org\sr\cells\python\style.md,D:\onedrive\Documents\GitHub\aspose.org\content\reference.aspose.org\en\cells\python\style.md,newline_explosion,root cause 2 (stale content): apis_overlap: overlap=0.00
reference.aspose.org,cells,sv,D:\onedrive\Documents\GitHub\aspose.org\content\reference.aspose.org\sv\cells\python\style.md,D:\onedrive\Documents\GitHub\aspose.org\content\reference.aspose.org\en\cells\python\style.md,newline_explosion,root cause 2 (stale content): apis_overlap: overlap=0.00
reference.aspose.org,cells,th,D:\onedrive\Documents\GitHub\aspose.org\content\reference.aspose.org\th\cells\python\style.md,D:\onedrive\Documents\GitHub\aspose.org\content\reference.aspose.org\en\cells\python\style.md,newline_explosion,root cause 2 (stale content): apis_overlap: overlap=0.00
reference.aspose.org,cells,tr,D:\onedrive\Documents\GitHub\aspose.org\content\reference.aspose.org\tr\cells\python\style.md,D:\onedrive\Documents\GitHub\aspose.org\content\reference.aspose.org\en\cells\python\style.md,newline_explosion,root cause 2 (stale content): apis_overlap: overlap=0.00
reference.aspose.org,cells,uk,D:\onedrive\Documents\GitHub\aspose.org\content\reference.aspose.org\uk\cells\python\style.md,D:\onedrive\Documents\GitHub\aspose.org\content\reference.aspose.org\en\cells\python\style.md,newline_explosion,root cause 2 (stale content): apis_overlap: overlap=0.00
reference.aspose.org,cells,vi,D:\onedrive\Documents\GitHub\aspose.org\content\reference.aspose.org\vi\cells\python\style.md,D:\onedrive\Documents\GitHub\aspose.org\content\reference.aspose.org\en\cells\python\style.md,newline_explosion,root cause 2 (stale content): apis_overlap: overlap=0.00
reference.aspose.org,cells,zh,D:\onedrive\Documents\GitHub\aspose.org\content\reference.aspose.org\zh\cells\python\style.md,D:\onedrive\Documents\GitHub\aspose.org\content\reference.aspose.org\en\cells\python\style.md,newline_explosion,root cause 2 (stale content): apis_overlap: overlap=0.00
reference.aspose.org,cells,es,D:\onedrive\Documents\GitHub\aspose.org\content\reference.aspose.org\es\cells\python\table.md,D:\onedrive\Documents\GitHub\aspose.org\content\reference.aspose.org\en\cells\python\table.md,newline_explosion,root cause 2 (stale content): apis_overlap: overlap=0.00
reference.aspose.org,cells,fa,D:\onedrive\Documents\GitHub\aspose.org\content\reference.aspose.org\fa\cells\python\table.md,D:\onedrive\Documents\GitHub\aspose.org\content\reference.aspose.org\en\cells\python\table.md,newline_explosion,root cause 2 (stale content): apis_overlap: overlap=0.00
reference.aspose.org,cells,fi,D:\onedrive\Documents\GitHub\aspose.org\content\reference.aspose.org\fi\cells\python\table.md,D:\onedrive\Documents\GitHub\aspose.org\content\reference.aspose.org\en\cells\python\table.md,newline_explosion,root cause 2 (stale content): apis_overlap: overlap=0.00
reference.aspose.org,cells,fr,D:\onedrive\Documents\GitHub\aspose.org\content\reference.aspose.org\fr\cells\python\table.md,D:\onedrive\Documents\GitHub\aspose.org\content\reference.aspose.org\en\cells\python\table.md,newline_explosion,root cause 2 (stale content): apis_overlap: overlap=0.00
reference.aspose.org,cells,he,D:\onedrive\Documents\GitHub\aspose.org\content\reference.aspose.org\he\cells\python\table.md,D:\onedrive\Documents\GitHub\aspose.org\content\reference.aspose.org\en\cells\python\table.md,newline_explosion,root cause 2 (stale content): apis_overlap: overlap=0.00
reference.aspose.org,cells,hi,D:\onedrive\Documents\GitHub\aspose.org\content\reference.aspose.org\hi\cells\python\table.md,D:\onedrive\Documents\GitHub\aspose.org\content\reference.aspose.org\en\cells\python\table.md,newline_explosion,root cause 2 (stale content): apis_overlap: overlap=0.00
reference.aspose.org,cells,hr,D:\onedrive\Documents\GitHub\aspose.org\content\reference.aspose.org\hr\cells\python\table.md,D:\onedrive\Documents\GitHub\aspose.org\content\reference.aspose.org\en\cells\python\table.md,newline_explosion,root cause 2 (stale content): apis_overlap: overlap=0.00
reference.aspose.org,cells,hu,D:\onedrive\Documents\GitHub\aspose.org\content\reference.aspose.org\hu\cells\python\table.md,D:\onedrive\Documents\GitHub\aspose.org\content\reference.aspose.org\en\cells\python\table.md,newline_explosion,root cause 2 (stale content): apis_overlap: overlap=0.00
reference.aspose.org,cells,id,D:\onedrive\Documents\GitHub\aspose.org\content\reference.aspose.org\id\cells\python\table.md,D:\onedrive\Documents\GitHub\aspose.org\content\reference.aspose.org\en\cells\python\table.md,newline_explosion,root cause 2 (stale content): apis_overlap: overlap=0.00
reference.aspose.org,cells,it,D:\onedrive\Documents\GitHub\aspose.org\content\reference.aspose.org\it\cells\python\table.md,D:\onedrive\Documents\GitHub\aspose.org\content\reference.aspose.org\en\cells\python\table.md,newline_explosion,root cause 2 (stale content): apis_overlap: overlap=0.00
reference.aspose.org,cells,lt,D:\onedrive\Documents\GitHub\aspose.org\content\reference.aspose.org\lt\cells\python\table.md,D:\onedrive\Documents\GitHub\aspose.org\content\reference.aspose.org\en\cells\python\table.md,newline_explosion,root cause 2 (stale content): apis_overlap: overlap=0.00
reference.aspose.org,cells,lv,D:\onedrive\Documents\GitHub\aspose.org\content\reference.aspose.org\lv\cells\python\table.md,D:\onedrive\Documents\GitHub\aspose.org\content\reference.aspose.org\en\cells\python\table.md,newline_explosion,root cause 2 (stale content): apis_overlap: overlap=0.00
reference.aspose.org,cells,ms,D:\onedrive\Documents\GitHub\aspose.org\content\reference.aspose.org\ms\cells\python\table.md,D:\onedrive\Documents\GitHub\aspose.org\content\reference.aspose.org\en\cells\python\table.md,newline_explosion,root cause 2 (stale content): apis_overlap: overlap=0.00
reference.aspose.org,cells,nl,D:\onedrive\Documents\GitHub\aspose.org\content\reference.aspose.org\nl\cells\python\table.md,D:\onedrive\Documents\GitHub\aspose.org\content\reference.aspose.org\en\cells\python\table.md,newline_explosion,root cause 2 (stale content): apis_overlap: overlap=0.00
reference.aspose.org,cells,no,D:\onedrive\Documents\GitHub\aspose.org\content\reference.aspose.org\no\cells\python\table.md,D:\onedrive\Documents\GitHub\aspose.org\content\reference.aspose.org\en\cells\python\table.md,newline_explosion,root cause 2 (stale content): apis_overlap: overlap=0.00
reference.aspose.org,cells,pl,D:\onedrive\Documents\GitHub\aspose.org\content\reference.aspose.org\pl\cells\python\table.md,D:\onedrive\Documents\GitHub\aspose.org\content\reference.aspose.org\en\cells\python\table.md,newline_explosion,root cause 2 (stale content): apis_overlap: overlap=0.00
reference.aspose.org,cells,pt,D:\onedrive\Documents\GitHub\aspose.org\content\reference.aspose.org\pt\cells\python\table.md,D:\onedrive\Documents\GitHub\aspose.org\content\reference.aspose.org\en\cells\python\table.md,newline_explosion,root cause 2 (stale content): apis_overlap: overlap=0.00
reference.aspose.org,cells,ro,D:\onedrive\Documents\GitHub\aspose.org\content\reference.aspose.org\ro\cells\python\table.md,D:\onedrive\Documents\GitHub\aspose.org\content\reference.aspose.org\en\cells\python\table.md,newline_explosion,root cause 2 (stale content): apis_overlap: overlap=0.00
reference.aspose.org,cells,ru,D:\onedrive\Documents\GitHub\aspose.org\content\reference.aspose.org\ru\cells\python\table.md,D:\onedrive\Documents\GitHub\aspose.org\content\reference.aspose.org\en\cells\python\table.md,newline_explosion,root cause 2 (stale content): apis_overlap: overlap=0.00
reference.aspose.org,cells,sk,D:\onedrive\Documents\GitHub\aspose.org\content\reference.aspose.org\sk\cells\python\table.md,D:\onedrive\Documents\GitHub\aspose.org\content\reference.aspose.org\en\cells\python\table.md,newline_explosion,root cause 2 (stale content): apis_overlap: overlap=0.00
reference.aspose.org,cells,sr,D:\onedrive\Documents\GitHub\aspose.org\content\reference.aspose.org\sr\cells\python\table.md,D:\onedrive\Documents\GitHub\aspose.org\content\reference.aspose.org\en\cells\python\table.md,newline_explosion,root cause 2 (stale content): apis_overlap: overlap=0.00
reference.aspose.org,cells,sv,D:\onedrive\Documents\GitHub\aspose.org\content\reference.aspose.org\sv\cells\python\table.md,D:\onedrive\Documents\GitHub\aspose.org\content\reference.aspose.org\en\cells\python\table.md,newline_explosion,root cause 2 (stale content): apis_overlap: overlap=0.00
reference.aspose.org,cells,th,D:\onedrive\Documents\GitHub\aspose.org\content\reference.aspose.org\th\cells\python\table.md,D:\onedrive\Documents\GitHub\aspose.org\content\reference.aspose.org\en\cells\python\table.md,newline_explosion,root cause 2 (stale content): apis_overlap: overlap=0.00
reference.aspose.org,cells,tr,D:\onedrive\Documents\GitHub\aspose.org\content\reference.aspose.org\tr\cells\python\table.md,D:\onedrive\Documents\GitHub\aspose.org\content\reference.aspose.org\en\cells\python\table.md,newline_explosion,root cause 2 (stale content): apis_overlap: overlap=0.00
reference.aspose.org,cells,uk,D:\onedrive\Documents\GitHub\aspose.org\content\reference.aspose.org\uk\cells\python\table.md,D:\onedrive\Documents\GitHub\aspose.org\content\reference.aspose.org\en\cells\python\table.md,newline_explosion,root cause 2 (stale content): apis_overlap: overlap=0.00
reference.aspose.org,cells,vi,D:\onedrive\Documents\GitHub\aspose.org\content\reference.aspose.org\vi\cells\python\table.md,D:\onedrive\Documents\GitHub\aspose.org\content\reference.aspose.org\en\cells\python\table.md,newline_explosion,root cause 2 (stale content): apis_overlap: overlap=0.00
reference.aspose.org,cells,zh,D:\onedrive\Documents\GitHub\aspose.org\content\reference.aspose.org\zh\cells\python\table.md,D:\onedrive\Documents\GitHub\aspose.org\content\reference.aspose.org\en\cells\python\table.md,newline_explosion,root cause 2 (stale content): apis_overlap: overlap=0.00
reference.aspose.org,note,ar,D:\onedrive\Documents\GitHub\aspose.org\content\reference.aspose.org\ar\note\python\document.md,D:\onedrive\Documents\GitHub\aspose.org\content\reference.aspose.org\en\note\python\document.md,newline_explosion,root cause 2 (stale content): apis_overlap: overlap=0.26
reference.aspose.org,note,el,D:\onedrive\Documents\GitHub\aspose.org\content\reference.aspose.org\el\note\python\document.md,D:\onedrive\Documents\GitHub\aspose.org\content\reference.aspose.org\en\note\python\document.md,newline_explosion,root cause 2 (stale content): apis_overlap: overlap=0.05
reference.aspose.org,note,es,D:\onedrive\Documents\GitHub\aspose.org\content\reference.aspose.org\es\note\python\document.md,D:\onedrive\Documents\GitHub\aspose.org\content\reference.aspose.org\en\note\python\document.md,newline_explosion,root cause 2 (stale content): apis_overlap: overlap=0.05
reference.aspose.org,note,fa,D:\onedrive\Documents\GitHub\aspose.org\content\reference.aspose.org\fa\note\python\document.md,D:\onedrive\Documents\GitHub\aspose.org\content\reference.aspose.org\en\note\python\document.md,newline_explosion,root cause 2 (stale content): apis_overlap: overlap=0.05
reference.aspose.org,note,fi,D:\onedrive\Documents\GitHub\aspose.org\content\reference.aspose.org\fi\note\python\document.md,D:\onedrive\Documents\GitHub\aspose.org\content\reference.aspose.org\en\note\python\document.md,newline_explosion,root cause 2 (stale content): apis_overlap: overlap=0.05
reference.aspose.org,note,he,D:\onedrive\Documents\GitHub\aspose.org\content\reference.aspose.org\he\note\python\document.md,D:\onedrive\Documents\GitHub\aspose.org\content\reference.aspose.org\en\note\python\document.md,newline_explosion,root cause 2 (stale content): apis_overlap: overlap=0.05
reference.aspose.org,note,hi,D:\onedrive\Documents\GitHub\aspose.org\content\reference.aspose.org\hi\note\python\document.md,D:\onedrive\Documents\GitHub\aspose.org\content\reference.aspose.org\en\note\python\document.md,newline_explosion,root cause 2 (stale content): apis_overlap: overlap=0.05
reference.aspose.org,note,hr,D:\onedrive\Documents\GitHub\aspose.org\content\reference.aspose.org\hr\note\python\document.md,D:\onedrive\Documents\GitHub\aspose.org\content\reference.aspose.org\en\note\python\document.md,newline_explosion,root cause 2 (stale content): apis_overlap: overlap=0.05
reference.aspose.org,note,hu,D:\onedrive\Documents\GitHub\aspose.org\content\reference.aspose.org\hu\note\python\document.md,D:\onedrive\Documents\GitHub\aspose.org\content\reference.aspose.org\en\note\python\document.md,newline_explosion,root cause 2 (stale content): apis_overlap: overlap=0.05
reference.aspose.org,note,id,D:\onedrive\Documents\GitHub\aspose.org\content\reference.aspose.org\id\note\python\document.md,D:\onedrive\Documents\GitHub\aspose.org\content\reference.aspose.org\en\note\python\document.md,newline_explosion,root cause 2 (stale content): apis_overlap: overlap=0.05
reference.aspose.org,note,it,D:\onedrive\Documents\GitHub\aspose.org\content\reference.aspose.org\it\note\python\document.md,D:\onedrive\Documents\GitHub\aspose.org\content\reference.aspose.org\en\note\python\document.md,newline_explosion,root cause 2 (stale content): apis_overlap: overlap=0.05
reference.aspose.org,note,ja,D:\onedrive\Documents\GitHub\aspose.org\content\reference.aspose.org\ja\note\python\document.md,D:\onedrive\Documents\GitHub\aspose.org\content\reference.aspose.org\en\note\python\document.md,newline_explosion,root cause 2 (stale content): apis_overlap: overlap=0.05
reference.aspose.org,note,ko,D:\onedrive\Documents\GitHub\aspose.org\content\reference.aspose.org\ko\note\python\document.md,D:\onedrive\Documents\GitHub\aspose.org\content\reference.aspose.org\en\note\python\document.md,newline_explosion,root cause 2 (stale content): apis_overlap: overlap=0.05
reference.aspose.org,note,lt,D:\onedrive\Documents\GitHub\aspose.org\content\reference.aspose.org\lt\note\python\document.md,D:\onedrive\Documents\GitHub\aspose.org\content\reference.aspose.org\en\note\python\document.md,newline_explosion,root cause 2 (stale content): apis_overlap: overlap=0.05
reference.aspose.org,note,lv,D:\onedrive\Documents\GitHub\aspose.org\content\reference.aspose.org\lv\note\python\document.md,D:\onedrive\Documents\GitHub\aspose.org\content\reference.aspose.org\en\note\python\document.md,newline_explosion,root cause 2 (stale content): apis_overlap: overlap=0.05
reference.aspose.org,note,ms,D:\onedrive\Documents\GitHub\aspose.org\content\reference.aspose.org\ms\note\python\document.md,D:\onedrive\Documents\GitHub\aspose.org\content\reference.aspose.org\en\note\python\document.md,newline_explosion,root cause 2 (stale content): apis_overlap: overlap=0.05
reference.aspose.org,note,nl,D:\onedrive\Documents\GitHub\aspose.org\content\reference.aspose.org\nl\note\python\document.md,D:\onedrive\Documents\GitHub\aspose.org\content\reference.aspose.org\en\note\python\document.md,newline_explosion,root cause 2 (stale content): apis_overlap: overlap=0.05
reference.aspose.org,note,no,D:\onedrive\Documents\GitHub\aspose.org\content\reference.aspose.org\no\note\python\document.md,D:\onedrive\Documents\GitHub\aspose.org\content\reference.aspose.org\en\note\python\document.md,newline_explosion,root cause 2 (stale content): apis_overlap: overlap=0.05
reference.aspose.org,note,pl,D:\onedrive\Documents\GitHub\aspose.org\content\reference.aspose.org\pl\note\python\document.md,D:\onedrive\Documents\GitHub\aspose.org\content\reference.aspose.org\en\note\python\document.md,newline_explosion,root cause 2 (stale content): apis_overlap: overlap=0.05
reference.aspose.org,note,pt,D:\onedrive\Documents\GitHub\aspose.org\content\reference.aspose.org\pt\note\python\document.md,D:\onedrive\Documents\GitHub\aspose.org\content\reference.aspose.org\en\note\python\document.md,newline_explosion,root cause 2 (stale content): apis_overlap: overlap=0.05
reference.aspose.org,note,ro,D:\onedrive\Documents\GitHub\aspose.org\content\reference.aspose.org\ro\note\python\document.md,D:\onedrive\Documents\GitHub\aspose.org\content\reference.aspose.org\en\note\python\document.md,newline_explosion,root cause 2 (stale content): apis_overlap: overlap=0.05
reference.aspose.org,note,ru,D:\onedrive\Documents\GitHub\aspose.org\content\reference.aspose.org\ru\note\python\document.md,D:\onedrive\Documents\GitHub\aspose.org\content\reference.aspose.org\en\note\python\document.md,newline_explosion,root cause 2 (stale content): apis_overlap: overlap=0.05
reference.aspose.org,note,sk,D:\onedrive\Documents\GitHub\aspose.org\content\reference.aspose.org\sk\note\python\document.md,D:\onedrive\Documents\GitHub\aspose.org\content\reference.aspose.org\en\note\python\document.md,newline_explosion,root cause 2 (stale content): apis_overlap: overlap=0.05
reference.aspose.org,note,sr,D:\onedrive\Documents\GitHub\aspose.org\content\reference.aspose.org\sr\note\python\document.md,D:\onedrive\Documents\GitHub\aspose.org\content\reference.aspose.org\en\note\python\document.md,newline_explosion,root cause 2 (stale content): apis_overlap: overlap=0.05
reference.aspose.org,note,sv,D:\onedrive\Documents\GitHub\aspose.org\content\reference.aspose.org\sv\note\python\document.md,D:\onedrive\Documents\GitHub\aspose.org\content\reference.aspose.org\en\note\python\document.md,newline_explosion,root cause 2 (stale content): apis_overlap: overlap=0.05
reference.aspose.org,note,th,D:\onedrive\Documents\GitHub\aspose.org\content\reference.aspose.org\th\note\python\document.md,D:\onedrive\Documents\GitHub\aspose.org\content\reference.aspose.org\en\note\python\document.md,newline_explosion,root cause 2 (stale content): apis_overlap: overlap=0.05
reference.aspose.org,note,tr,D:\onedrive\Documents\GitHub\aspose.org\content\reference.aspose.org\tr\note\python\document.md,D:\onedrive\Documents\GitHub\aspose.org\content\reference.aspose.org\en\note\python\document.md,newline_explosion,root cause 2 (stale content): apis_overlap: overlap=0.05
reference.aspose.org,note,uk,D:\onedrive\Documents\GitHub\aspose.org\content\reference.aspose.org\uk\note\python\document.md,D:\onedrive\Documents\GitHub\aspose.org\content\reference.aspose.org\en\note\python\document.md,newline_explosion,root cause 2 (stale content): apis_overlap: overlap=0.05
reference.aspose.org,note,vi,D:\onedrive\Documents\GitHub\aspose.org\content\reference.aspose.org\vi\note\python\document.md,D:\onedrive\Documents\GitHub\aspose.org\content\reference.aspose.org\en\note\python\document.md,newline_explosion,root cause 2 (stale content): apis_overlap: overlap=0.05
reference.aspose.org,note,zh,D:\onedrive\Documents\GitHub\aspose.org\content\reference.aspose.org\zh\note\python\document.md,D:\onedrive\Documents\GitHub\aspose.org\content\reference.aspose.org\en\note\python\document.md,newline_explosion,root cause 2 (stale content): apis_overlap: overlap=0.05
reference.aspose.org,note,el,D:\onedrive\Documents\GitHub\aspose.org\content\reference.aspose.org\el\note\python\outline.md,D:\onedrive\Documents\GitHub\aspose.org\content\reference.aspose.org\en\note\python\outline.md,newline_explosion,root cause 2 (stale content): apis_overlap: overlap=0.00
reference.aspose.org,note,es,D:\onedrive\Documents\GitHub\aspose.org\content\reference.aspose.org\es\note\python\outline.md,D:\onedrive\Documents\GitHub\aspose.org\content\reference.aspose.org\en\note\python\outline.md,newline_explosion,root cause 2 (stale content): apis_overlap: overlap=0.00
reference.aspose.org,note,fa,D:\onedrive\Documents\GitHub\aspose.org\content\reference.aspose.org\fa\note\python\outline.md,D:\onedrive\Documents\GitHub\aspose.org\content\reference.aspose.org\en\note\python\outline.md,newline_explosion,root cause 2 (stale content): apis_overlap: overlap=0.00
reference.aspose.org,note,fi,D:\onedrive\Documents\GitHub\aspose.org\content\reference.aspose.org\fi\note\python\outline.md,D:\onedrive\Documents\GitHub\aspose.org\content\reference.aspose.org\en\note\python\outline.md,newline_explosion,root cause 2 (stale content): apis_overlap: overlap=0.00
reference.aspose.org,note,he,D:\onedrive\Documents\GitHub\aspose.org\content\reference.aspose.org\he\note\python\outline.md,D:\onedrive\Documents\GitHub\aspose.org\content\reference.aspose.org\en\note\python\outline.md,newline_explosion,root cause 2 (stale content): apis_overlap: overlap=0.00
reference.aspose.org,note,hi,D:\onedrive\Documents\GitHub\aspose.org\content\reference.aspose.org\hi\note\python\outline.md,D:\onedrive\Documents\GitHub\aspose.org\content\reference.aspose.org\en\note\python\outline.md,newline_explosion,root cause 2 (stale content): apis_overlap: overlap=0.00
reference.aspose.org,note,hr,D:\onedrive\Documents\GitHub\aspose.org\content\reference.aspose.org\hr\note\python\outline.md,D:\onedrive\Documents\GitHub\aspose.org\content\reference.aspose.org\en\note\python\outline.md,newline_explosion,root cause 2 (stale content): apis_overlap: overlap=0.00
reference.aspose.org,note,hu,D:\onedrive\Documents\GitHub\aspose.org\content\reference.aspose.org\hu\note\python\outline.md,D:\onedrive\Documents\GitHub\aspose.org\content\reference.aspose.org\en\note\python\outline.md,newline_explosion,root cause 2 (stale content): apis_overlap: overlap=0.00
reference.aspose.org,note,id,D:\onedrive\Documents\GitHub\aspose.org\content\reference.aspose.org\id\note\python\outline.md,D:\onedrive\Documents\GitHub\aspose.org\content\reference.aspose.org\en\note\python\outline.md,newline_explosion,root cause 2 (stale content): apis_overlap: overlap=0.00
reference.aspose.org,note,it,D:\onedrive\Documents\GitHub\aspose.org\content\reference.aspose.org\it\note\python\outline.md,D:\onedrive\Documents\GitHub\aspose.org\content\reference.aspose.org\en\note\python\outline.md,newline_explosion,root cause 2 (stale content): apis_overlap: overlap=0.00
reference.aspose.org,note,ja,D:\onedrive\Documents\GitHub\aspose.org\content\reference.aspose.org\ja\note\python\outline.md,D:\onedrive\Documents\GitHub\aspose.org\content\reference.aspose.org\en\note\python\outline.md,newline_explosion,root cause 2 (stale content): apis_overlap: overlap=0.00
reference.aspose.org,note,ko,D:\onedrive\Documents\GitHub\aspose.org\content\reference.aspose.org\ko\note\python\outline.md,D:\onedrive\Documents\GitHub\aspose.org\content\reference.aspose.org\en\note\python\outline.md,newline_explosion,root cause 2 (stale content): apis_overlap: overlap=0.00
reference.aspose.org,note,lt,D:\onedrive\Documents\GitHub\aspose.org\content\reference.aspose.org\lt\note\python\outline.md,D:\onedrive\Documents\GitHub\aspose.org\content\reference.aspose.org\en\note\python\outline.md,newline_explosion,root cause 2 (stale content): apis_overlap: overlap=0.00
reference.aspose.org,note,lv,D:\onedrive\Documents\GitHub\aspose.org\content\reference.aspose.org\lv\note\python\outline.md,D:\onedrive\Documents\GitHub\aspose.org\content\reference.aspose.org\en\note\python\outline.md,newline_explosion,root cause 2 (stale content): apis_overlap: overlap=0.00
reference.aspose.org,note,ms,D:\onedrive\Documents\GitHub\aspose.org\content\reference.aspose.org\ms\note\python\outline.md,D:\onedrive\Documents\GitHub\aspose.org\content\reference.aspose.org\en\note\python\outline.md,newline_explosion,root cause 2 (stale content): apis_overlap: overlap=0.00
reference.aspose.org,note,nl,D:\onedrive\Documents\GitHub\aspose.org\content\reference.aspose.org\nl\note\python\outline.md,D:\onedrive\Documents\GitHub\aspose.org\content\reference.aspose.org\en\note\python\outline.md,newline_explosion,root cause 2 (stale content): apis_overlap: overlap=0.00
reference.aspose.org,note,no,D:\onedrive\Documents\GitHub\aspose.org\content\reference.aspose.org\no\note\python\outline.md,D:\onedrive\Documents\GitHub\aspose.org\content\reference.aspose.org\en\note\python\outline.md,newline_explosion,root cause 2 (stale content): apis_overlap: overlap=0.00
reference.aspose.org,note,pl,D:\onedrive\Documents\GitHub\aspose.org\content\reference.aspose.org\pl\note\python\outline.md,D:\onedrive\Documents\GitHub\aspose.org\content\reference.aspose.org\en\note\python\outline.md,newline_explosion,root cause 2 (stale content): apis_overlap: overlap=0.00
reference.aspose.org,note,pt,D:\onedrive\Documents\GitHub\aspose.org\content\reference.aspose.org\pt\note\python\outline.md,D:\onedrive\Documents\GitHub\aspose.org\content\reference.aspose.org\en\note\python\outline.md,newline_explosion,root cause 2 (stale content): apis_overlap: overlap=0.00
reference.aspose.org,note,ro,D:\onedrive\Documents\GitHub\aspose.org\content\reference.aspose.org\ro\note\python\outline.md,D:\onedrive\Documents\GitHub\aspose.org\content\reference.aspose.org\en\note\python\outline.md,newline_explosion,root cause 2 (stale content): apis_overlap: overlap=0.00
reference.aspose.org,note,ru,D:\onedrive\Documents\GitHub\aspose.org\content\reference.aspose.org\ru\note\python\outline.md,D:\onedrive\Documents\GitHub\aspose.org\content\reference.aspose.org\en\note\python\outline.md,newline_explosion,root cause 2 (stale content): apis_overlap: overlap=0.00
reference.aspose.org,note,sk,D:\onedrive\Documents\GitHub\aspose.org\content\reference.aspose.org\sk\note\python\outline.md,D:\onedrive\Documents\GitHub\aspose.org\content\reference.aspose.org\en\note\python\outline.md,newline_explosion,root cause 2 (stale content): apis_overlap: overlap=0.00
reference.aspose.org,note,sr,D:\onedrive\Documents\GitHub\aspose.org\content\reference.aspose.org\sr\note\python\outline.md,D:\onedrive\Documents\GitHub\aspose.org\content\reference.aspose.org\en\note\python\outline.md,newline_explosion,root cause 2 (stale content): apis_overlap: overlap=0.00
reference.aspose.org,note,sv,D:\onedrive\Documents\GitHub\aspose.org\content\reference.aspose.org\sv\note\python\outline.md,D:\onedrive\Documents\GitHub\aspose.org\content\reference.aspose.org\en\note\python\outline.md,newline_explosion,root cause 2 (stale content): apis_overlap: overlap=0.00
reference.aspose.org,note,th,D:\onedrive\Documents\GitHub\aspose.org\content\reference.aspose.org\th\note\python\outline.md,D:\onedrive\Documents\GitHub\aspose.org\content\reference.aspose.org\en\note\python\outline.md,newline_explosion,root cause 2 (stale content): apis_overlap: overlap=0.00
reference.aspose.org,note,tr,D:\onedrive\Documents\GitHub\aspose.org\content\reference.aspose.org\tr\note\python\outline.md,D:\onedrive\Documents\GitHub\aspose.org\content\reference.aspose.org\en\note\python\outline.md,newline_explosion,root cause 2 (stale content): apis_overlap: overlap=0.00
reference.aspose.org,note,uk,D:\onedrive\Documents\GitHub\aspose.org\content\reference.aspose.org\uk\note\python\outline.md,D:\onedrive\Documents\GitHub\aspose.org\content\reference.aspose.org\en\note\python\outline.md,newline_explosion,root cause 2 (stale content): apis_overlap: overlap=0.00
reference.aspose.org,note,vi,D:\onedrive\Documents\GitHub\aspose.org\content\reference.aspose.org\vi\note\python\outline.md,D:\onedrive\Documents\GitHub\aspose.org\content\reference.aspose.org\en\note\python\outline.md,newline_explosion,root cause 2 (stale content): apis_overlap: overlap=0.00
reference.aspose.org,note,zh,D:\onedrive\Documents\GitHub\aspose.org\content\reference.aspose.org\zh\note\python\outline.md,D:\onedrive\Documents\GitHub\aspose.org\content\reference.aspose.org\en\note\python\outline.md,newline_explosion,root cause 2 (stale content): apis_overlap: overlap=0.00
reference.aspose.org,slides,es,D:\onedrive\Documents\GitHub\aspose.org\content\reference.aspose.org\es\slides\java\layout-master.md,D:\onedrive\Documents\GitHub\aspose.org\content\reference.aspose.org\en\slides\java\layout-master.md,newline_explosion,root cause 2 (stale content): heading_overlap: en=2 tr=6 ratio=3.00
reference.aspose.org,slides,fa,D:\onedrive\Documents\GitHub\aspose.org\content\reference.aspose.org\fa\slides\java\layout-master.md,D:\onedrive\Documents\GitHub\aspose.org\content\reference.aspose.org\en\slides\java\layout-master.md,newline_explosion,root cause 2 (stale content): heading_overlap: en=2 tr=6 ratio=3.00
reference.aspose.org,slides,fi,D:\onedrive\Documents\GitHub\aspose.org\content\reference.aspose.org\fi\slides\java\layout-master.md,D:\onedrive\Documents\GitHub\aspose.org\content\reference.aspose.org\en\slides\java\layout-master.md,newline_explosion,root cause 2 (stale content): heading_overlap: en=2 tr=6 ratio=3.00
reference.aspose.org,slides,fr,D:\onedrive\Documents\GitHub\aspose.org\content\reference.aspose.org\fr\slides\java\layout-master.md,D:\onedrive\Documents\GitHub\aspose.org\content\reference.aspose.org\en\slides\java\layout-master.md,newline_explosion,root cause 2 (stale content): heading_overlap: en=2 tr=6 ratio=3.00
reference.aspose.org,slides,he,D:\onedrive\Documents\GitHub\aspose.org\content\reference.aspose.org\he\slides\java\layout-master.md,D:\onedrive\Documents\GitHub\aspose.org\content\reference.aspose.org\en\slides\java\layout-master.md,newline_explosion,root cause 2 (stale content): heading_overlap: en=2 tr=6 ratio=3.00
reference.aspose.org,words,ar,D:\onedrive\Documents\GitHub\aspose.org\content\reference.aspose.org\ar\words\python\Document.md,D:\onedrive\Documents\GitHub\aspose.org\content\reference.aspose.org\en\words\python\Document.md,newline_explosion,root cause 2 (stale content): apis_overlap: overlap=0.00
reference.aspose.org,words,bg,D:\onedrive\Documents\GitHub\aspose.org\content\reference.aspose.org\bg\words\python\Document.md,D:\onedrive\Documents\GitHub\aspose.org\content\reference.aspose.org\en\words\python\Document.md,newline_explosion,root cause 2 (stale content): apis_overlap: overlap=0.00
reference.aspose.org,words,ca,D:\onedrive\Documents\GitHub\aspose.org\content\reference.aspose.org\ca\words\python\Document.md,D:\onedrive\Documents\GitHub\aspose.org\content\reference.aspose.org\en\words\python\Document.md,newline_explosion,root cause 2 (stale content): apis_overlap: overlap=0.00
reference.aspose.org,words,cs,D:\onedrive\Documents\GitHub\aspose.org\content\reference.aspose.org\cs\words\python\Document.md,D:\onedrive\Documents\GitHub\aspose.org\content\reference.aspose.org\en\words\python\Document.md,newline_explosion,root cause 2 (stale content): apis_overlap: overlap=0.00
reference.aspose.org,words,da,D:\onedrive\Documents\GitHub\aspose.org\content\reference.aspose.org\da\words\python\Document.md,D:\onedrive\Documents\GitHub\aspose.org\content\reference.aspose.org\en\words\python\Document.md,newline_explosion,root cause 2 (stale content): apis_overlap: overlap=0.00
reference.aspose.org,words,de,D:\onedrive\Documents\GitHub\aspose.org\content\reference.aspose.org\de\words\python\Document.md,D:\onedrive\Documents\GitHub\aspose.org\content\reference.aspose.org\en\words\python\Document.md,newline_explosion,root cause 2 (stale content): apis_overlap: overlap=0.00
reference.aspose.org,3d,hr,D:\onedrive\Documents\GitHub\aspose.org\content\reference.aspose.org\hr\3d\typescript\material.md,D:\onedrive\Documents\GitHub\aspose.org\content\reference.aspose.org\en\3d\typescript\material.md,newline_explosion,"classified mechanical but blank-line collapse insufficient (EN=77 TR=197 still >2.5x after fix) -- borderline misclassification, needs manual review not further mechanical action"
reference.aspose.org,3d,sr,D:\onedrive\Documents\GitHub\aspose.org\content\reference.aspose.org\sr\3d\typescript\material.md,D:\onedrive\Documents\GitHub\aspose.org\content\reference.aspose.org\en\3d\typescript\material.md,newline_explosion,"classified mechanical but blank-line collapse insufficient (EN=77 TR=197 still >2.5x after fix) -- borderline misclassification, needs manual review not further mechanical action"
